timestamp,heel_fsr,toe_fsr,accel_x,accel_y,accel_z,gyro_x,gyro_y,gyro_z
1323,0,0,0.81,9.26,-1.96,0.02,-0.12,-0.01
1376,0,0,0.76,9.33,-1.94,0.02,-0.12,-0.01
1429,0,0,0.78,9.33,-1.99,0.02,-0.12,-0.01
1482,0,0,0.77,9.32,-2.00,0.02,-0.12,-0.01
1535,0,0,0.76,9.32,-1.99,0.02,-0.12,-0.01
1588,0,0,0.77,9.33,-2.01,0.02,-0.12,-0.01
1641,0,0,0.74,9.35,-1.95,0.02,-0.12,-0.01
1694,0,0,0.77,9.34,-2.02,0.02,-0.12,-0.01
1747,0,0,0.75,9.33,-2.00,0.02,-0.12,-0.01
1800,0,0,0.76,9.34,-1.99,0.02,-0.12,-0.01
1853,0,0,0.75,9.33,-1.97,0.02,-0.12,-0.01
1906,0,0,0.76,9.34,-1.95,0.02,-0.12,-0.01
1959,0,0,0.77,9.33,-1.99,0.02,-0.12,-0.01
2012,0,0,0.76,9.33,-1.97,0.02,-0.12,-0.01
2065,0,0,0.76,9.34,-1.98,0.02,-0.12,-0.01
2118,0,0,0.76,9.32,-1.97,0.02,-0.12,-0.01
2171,0,0,0.78,9.33,-1.95,0.02,-0.12,-0.01
2224,0,0,0.77,9.33,-1.95,0.02,-0.12,-0.01
2277,0,0,0.78,9.32,-1.96,0.02,-0.12,-0.01
2330,0,0,0.75,9.35,-1.97,0.02,-0.12,-0.01
2383,0,0,0.77,9.34,-1.97,0.02,-0.12,-0.01
2436,0,0,0.76,9.33,-1.95,0.02,-0.12,-0.01
2489,0,0,0.75,9.35,-1.95,0.02,-0.12,-0.01
2542,0,0,0.77,9.33,-1.97,0.02,-0.12,-0.01
2595,0,0,0.75,9.33,-1.99,0.02,-0.12,-0.01
2648,0,0,0.76,9.32,-1.97,0.02,-0.12,-0.01
2701,0,0,0.76,9.31,-1.99,0.02,-0.13,-0.01
2754,0,0,0.79,9.33,-1.99,0.02,-0.12,-0.01
2807,0,0,0.74,9.32,-1.96,0.02,-0.12,-0.01
2860,0,0,0.77,9.34,-1.96,0.02,-0.12,-0.01
2913,0,0,0.77,9.33,-1.94,0.02,-0.12,-0.01
2966,0,0,0.76,9.31,-1.99,0.02,-0.12,-0.01
3019,0,0,0.74,9.31,-1.98,0.02,-0.12,-0.01
3072,0,0,0.75,9.33,-2.00,0.02,-0.12,-0.01
3125,0,0,0.76,9.33,-1.97,0.02,-0.12,-0.01
3178,0,0,0.76,9.32,-1.96,0.02,-0.12,-0.01
3231,0,0,0.74,9.33,-1.97,0.02,-0.12,-0.01
3284,0,0,0.76,9.33,-1.95,0.02,-0.12,-0.01
3337,0,0,0.77,9.34,-1.98,0.02,-0.12,-0.01
3390,0,0,0.75,9.32,-1.97,0.02,-0.12,-0.01
3443,0,0,0.75,9.33,-1.96,0.02,-0.12,-0.01
3496,0,0,0.75,9.34,-1.95,0.02,-0.12,-0.01
3549,0,0,0.75,9.33,-1.97,0.02,-0.12,-0.01
3602,0,0,0.77,9.32,-1.99,0.02,-0.12,-0.01
3655,0,0,0.76,9.33,-1.99,0.02,-0.12,-0.01
3708,0,0,0.77,9.32,-1.96,0.02,-0.12,-0.01
3761,0,0,0.78,9.35,-1.95,0.02,-0.12,-0.01
3814,0,0,0.74,9.34,-1.98,0.02,-0.12,-0.01
3867,0,0,0.76,9.30,-1.98,0.02,-0.12,-0.01
3920,0,0,0.77,9.33,-1.98,0.02,-0.12,-0.01
3973,0,0,0.75,9.33,-1.95,0.02,-0.12,-0.01
4026,0,0,0.77,9.34,-1.94,0.02,-0.12,-0.01
4079,0,0,0.75,9.33,-1.96,0.02,-0.12,-0.01
4132,0,0,0.75,9.33,-1.98,0.02,-0.12,-0.01
4185,0,0,0.75,9.34,-1.98,0.02,-0.12,-0.01
4238,0,0,0.76,9.33,-1.96,0.02,-0.12,-0.01
4291,0,0,0.77,9.34,-1.95,0.02,-0.12,-0.01
4344,0,0,0.76,9.32,-1.99,0.02,-0.12,-0.01
4397,0,0,0.77,9.34,-1.99,0.02,-0.12,-0.01
4450,0,0,0.77,9.34,-1.97,0.02,-0.12,-0.01
4503,0,0,0.75,9.34,-1.97,0.02,-0.12,-0.01
4556,0,0,0.76,9.33,-1.99,0.02,-0.12,-0.01
4609,0,0,0.76,9.32,-1.98,0.02,-0.12,-0.01
4662,0,0,0.77,9.31,-1.96,0.02,-0.12,-0.01
4715,0,0,0.76,9.33,-1.99,0.02,-0.12,-0.01
4768,0,0,0.78,9.33,-1.99,0.02,-0.12,-0.01
4821,0,0,0.75,9.33,-2.02,0.02,-0.12,-0.01
4874,0,0,0.76,9.32,-1.97,0.02,-0.12,-0.01
4927,0,0,0.76,9.34,-1.98,0.02,-0.12,-0.01
4980,0,0,0.75,9.32,-1.97,0.02,-0.12,-0.01
5033,0,0,0.75,9.32,-1.96,0.02,-0.12,-0.01
5086,0,0,0.75,9.34,-1.97,0.02,-0.12,-0.01
5139,0,0,0.74,9.34,-1.95,0.02,-0.12,-0.01
5192,0,0,0.77,9.34,-1.99,0.02,-0.12,-0.01
5245,0,0,0.76,9.33,-1.98,0.02,-0.12,-0.01
5298,0,0,0.75,9.32,-1.96,0.02,-0.13,-0.01
5351,0,0,0.77,9.34,-1.96,0.02,-0.12,-0.01
5404,0,0,0.78,9.33,-1.99,0.02,-0.12,-0.01
5457,0,0,0.77,9.32,-1.97,0.02,-0.12,-0.01
5510,0,0,0.74,9.32,-1.97,0.02,-0.12,-0.01
5563,0,0,0.76,9.32,-1.99,0.02,-0.13,-0.01
5616,0,0,0.74,9.32,-1.99,0.02,-0.12,-0.01
5669,0,0,0.77,9.33,-1.97,0.02,-0.13,-0.01
5722,0,0,0.75,9.33,-1.98,0.02,-0.12,-0.01
5775,0,0,0.76,9.30,-1.95,0.02,-0.12,-0.01
5828,0,0,0.76,9.34,-1.97,0.02,-0.13,-0.01
5881,0,0,0.74,9.33,-1.97,0.02,-0.12,-0.01
5934,0,0,0.74,9.33,-2.00,0.02,-0.12,-0.01
5987,0,0,0.75,9.33,-1.98,0.02,-0.12,-0.01
6040,0,0,0.74,9.34,-1.96,0.02,-0.12,-0.01
6093,0,0,0.76,9.33,-1.97,0.02,-0.12,-0.01
6146,0,0,0.76,9.32,-2.00,0.02,-0.12,-0.01
6199,0,0,0.75,9.33,-1.98,0.02,-0.12,-0.01
6252,0,0,0.75,9.33,-2.00,0.02,-0.12,-0.01
6305,0,0,0.76,9.33,-1.96,0.02,-0.12,-0.01
6358,0,0,0.76,9.32,-1.99,0.02,-0.12,-0.01
6411,0,0,0.77,9.33,-1.96,0.02,-0.12,-0.01
6464,0,0,0.75,9.33,-1.93,0.02,-0.12,-0.01
6517,0,0,0.76,9.32,-1.99,0.02,-0.12,-0.01
6570,0,0,0.75,9.31,-1.97,0.02,-0.12,-0.01
6623,0,0,0.78,9.34,-1.97,0.02,-0.12,-0.01
6676,0,0,0.75,9.32,-1.97,0.02,-0.12,-0.01
6729,0,0,0.74,9.33,-1.98,0.02,-0.12,-0.01
6782,0,0,0.75,9.34,-1.98,0.02,-0.12,-0.01
6835,0,0,0.74,9.31,-2.00,0.02,-0.12,-0.01
6888,0,0,0.77,9.33,-1.98,0.02,-0.12,-0.01
6941,0,0,0.74,9.33,-1.98,0.02,-0.12,-0.01
6994,0,0,0.76,9.34,-1.99,0.02,-0.13,-0.01
7047,0,0,0.76,9.34,-2.00,0.02,-0.13,-0.01
7100,0,0,0.74,9.33,-1.96,0.02,-0.12,-0.01
7153,0,0,0.76,9.33,-1.97,0.02,-0.12,-0.01
7206,0,0,0.77,9.33,-1.98,0.02,-0.12,-0.01
7259,0,0,0.77,9.32,-1.96,0.02,-0.13,-0.01
7312,0,0,0.78,9.33,-1.96,0.02,-0.12,-0.01
7365,0,0,0.78,9.31,-1.96,0.02,-0.12,-0.01
7418,0,0,0.76,9.33,-1.96,0.02,-0.12,-0.01
7471,0,0,0.77,9.33,-1.98,0.02,-0.12,-0.01
7524,0,0,0.75,9.32,-1.98,0.02,-0.12,-0.01
7577,0,0,0.76,9.34,-1.96,0.02,-0.12,-0.01
7630,0,0,0.76,9.31,-1.98,0.02,-0.12,-0.01
7683,0,0,0.77,9.33,-1.96,0.02,-0.12,-0.01
7736,0,0,0.77,9.30,-1.99,0.02,-0.12,-0.01
7789,0,0,0.75,9.33,-1.97,0.02,-0.12,-0.01
7842,0,0,0.75,9.31,-1.97,0.02,-0.12,-0.01
7895,0,0,0.73,9.33,-2.01,0.02,-0.12,-0.01
7948,0,0,0.75,9.33,-1.97,0.02,-0.12,-0.01
8001,0,0,0.76,9.33,-1.98,0.02,-0.13,-0.01
8054,0,0,0.77,9.33,-2.00,0.02,-0.13,-0.01
8107,0,0,0.76,9.31,-1.99,0.02,-0.12,-0.01
8160,0,0,0.73,9.35,-1.96,0.02,-0.12,-0.01
8213,0,0,0.75,9.34,-1.97,0.02,-0.12,-0.01
8266,0,0,0.74,9.33,-1.98,0.02,-0.12,-0.01
8319,0,0,0.75,9.33,-1.98,0.02,-0.13,-0.01
8372,0,0,0.75,9.33,-1.97,0.02,-0.12,-0.01
8425,0,0,0.74,9.33,-2.01,0.02,-0.12,-0.01
8478,0,0,0.75,9.32,-1.98,0.02,-0.12,-0.01
8531,0,0,0.77,9.34,-1.97,0.02,-0.12,-0.01
8584,0,0,0.75,9.30,-1.96,0.02,-0.12,-0.01
8637,0,0,0.75,9.33,-1.95,0.02,-0.13,-0.01
8690,0,0,0.75,9.32,-2.00,0.02,-0.13,-0.01
8743,0,0,0.76,9.32,-1.99,0.02,-0.12,-0.01
8796,0,0,0.75,9.35,-2.00,0.02,-0.12,-0.01
8849,0,0,0.77,9.35,-1.97,0.02,-0.12,-0.01
8902,0,0,0.74,9.33,-1.98,0.02,-0.13,-0.01
8955,0,0,0.74,9.33,-2.01,0.02,-0.12,-0.01
9008,0,0,0.75,9.33,-1.97,0.02,-0.13,-0.01
9061,0,0,0.76,9.31,-1.98,0.02,-0.13,-0.01
9114,0,0,0.74,9.33,-2.01,0.02,-0.13,-0.01
9167,0,0,0.74,9.32,-2.01,0.02,-0.13,-0.01
9220,0,0,0.75,9.31,-1.94,0.02,-0.13,-0.01
9273,0,0,0.75,9.34,-1.97,0.02,-0.13,-0.01
9326,0,0,0.75,9.32,-2.00,0.02,-0.13,-0.01
9379,0,0,0.76,9.33,-1.95,0.02,-0.12,-0.01
9432,0,0,0.74,9.33,-1.99,0.02,-0.12,-0.01
9485,0,0,0.74,9.34,-1.98,0.02,-0.12,-0.01
9538,0,0,0.75,9.32,-1.98,0.02,-0.12,-0.01
9591,0,0,0.74,9.31,-2.02,0.02,-0.12,-0.01
9644,0,0,0.75,9.32,-1.97,0.02,-0.12,-0.01
9697,0,0,0.76,9.33,-1.98,0.02,-0.12,-0.01
9750,0,0,0.74,9.35,-1.95,0.02,-0.13,-0.01
9803,0,0,0.75,9.33,-1.98,0.02,-0.13,-0.01
9856,0,0,0.74,9.32,-1.97,0.02,-0.13,-0.01
9909,0,0,0.75,9.32,-1.98,0.02,-0.13,-0.01
9962,0,0,0.74,9.28,-1.98,0.02,-0.12,-0.01
10015,0,0,0.76,9.33,-1.97,0.02,-0.12,-0.01
10068,0,0,0.75,9.34,-1.97,0.02,-0.13,-0.01
10121,0,0,0.74,9.33,-2.00,0.02,-0.12,-0.01
10174,0,0,0.72,9.34,-1.97,0.02,-0.12,-0.01
10227,0,0,0.74,9.31,-1.97,0.02,-0.12,-0.01
10280,0,0,0.74,9.33,-1.95,0.02,-0.12,-0.01
10333,0,0,0.77,9.34,-1.98,0.02,-0.13,-0.01
10386,0,0,0.78,9.33,-1.99,0.02,-0.13,-0.01
10439,0,0,0.74,9.33,-1.97,0.02,-0.13,-0.01
10492,0,0,0.77,9.32,-1.99,0.02,-0.12,-0.01
10545,0,0,0.74,9.33,-1.97,0.02,-0.12,-0.01
10598,0,0,0.74,9.34,-2.00,0.02,-0.13,-0.01
10651,0,0,0.75,9.33,-1.97,0.02,-0.13,-0.01
10704,0,0,0.73,9.32,-1.98,0.02,-0.13,-0.01
10757,0,0,0.77,9.32,-2.01,0.02,-0.13,-0.01
10810,0,0,0.77,9.29,-1.98,0.02,-0.13,-0.01
10863,0,0,0.73,9.32,-1.95,0.02,-0.13,-0.01
10916,0,0,0.75,9.33,-2.00,0.02,-0.12,-0.01
10969,0,0,0.75,9.32,-1.95,0.02,-0.12,-0.01
11022,0,0,0.74,9.33,-1.97,0.02,-0.12,-0.01
11075,0,0,0.73,9.33,-1.95,0.02,-0.13,-0.01
11128,0,0,0.76,9.31,-1.99,0.02,-0.13,-0.01
11181,0,0,0.76,9.31,-1.98,0.02,-0.13,-0.01
11234,0,0,0.73,9.32,-1.98,0.02,-0.13,-0.01
11287,0,0,0.76,9.31,-1.97,0.02,-0.13,-0.01
11340,0,0,0.74,9.34,-1.97,0.02,-0.12,-0.01
11393,0,0,0.74,9.31,-2.00,0.02,-0.13,-0.02
11446,0,0,0.76,9.34,-1.98,0.02,-0.13,-0.01
11499,0,0,0.75,9.32,-1.94,0.02,-0.13,-0.01
11552,0,0,0.75,9.32,-1.98,0.02,-0.13,-0.01
11605,0,0,0.76,9.32,-1.98,0.02,-0.13,-0.01
11658,0,0,0.76,9.33,-1.90,0.02,-0.12,-0.01
11711,0,0,0.69,9.34,-1.94,0.02,-0.12,-0.01
11764,0,0,0.74,9.32,-2.00,0.02,-0.12,-0.01
11817,0,0,0.69,9.40,-1.96,0.02,-0.12,-0.01
11870,0,0,0.78,9.23,-1.92,0.02,-0.12,-0.01
11923,0,0,0.78,9.30,-1.98,0.02,-0.13,-0.01
11976,0,0,0.75,9.32,-1.96,0.02,-0.13,-0.01
12029,0,0,0.73,9.32,-2.01,0.02,-0.13,-0.01
12082,0,0,0.71,9.32,-2.00,0.02,-0.12,-0.01
12135,0,0,0.74,9.34,-1.96,0.02,-0.13,-0.01
12188,0,0,0.77,9.32,-1.95,0.02,-0.13,-0.01
12241,0,0,0.76,9.34,-1.98,0.02,-0.13,-0.01
12294,0,0,0.74,9.34,-1.95,0.02,-0.13,-0.01
12347,0,0,0.76,9.32,-1.97,0.02,-0.13,-0.01
12400,0,0,0.73,9.31,-1.98,0.02,-0.12,-0.01
12453,0,0,0.82,9.32,-1.94,0.02,-0.12,-0.01
12506,0,0,0.82,9.30,-1.98,0.02,-0.13,-0.01
12559,0,0,0.67,9.35,-1.97,0.02,-0.12,-0.01
12612,0,0,0.65,9.31,-1.95,0.02,-0.13,-0.01
12665,0,0,0.78,9.32,-1.94,0.02,-0.12,-0.01
12718,0,0,0.70,9.23,-2.07,0.01,-0.12,-0.01
12771,0,0,0.66,9.37,-1.93,0.02,-0.13,-0.01
12824,0,0,0.77,9.33,-1.92,0.02,-0.13,-0.01
12877,0,0,0.75,9.31,-2.05,0.02,-0.13,-0.01
12930,0,0,0.74,9.34,-2.00,0.02,-0.13,-0.01
12983,0,0,0.76,9.32,-1.96,0.02,-0.12,-0.01
13036,0,0,0.74,9.31,-1.98,0.02,-0.12,-0.01
13089,0,0,0.78,9.31,-1.99,0.02,-0.12,-0.01
13142,0,0,0.79,9.34,-1.91,0.02,-0.12,-0.01
13195,0,0,0.75,9.31,-1.99,0.02,-0.13,-0.01
13248,0,0,0.73,9.32,-2.02,0.02,-0.13,-0.01
13301,0,0,0.74,9.33,-1.98,0.02,-0.12,-0.01
13354,0,0,0.77,9.34,-2.00,0.02,-0.13,-0.01
13407,0,0,0.74,9.33,-1.99,0.02,-0.13,-0.01
13460,0,0,0.75,9.30,-1.96,0.02,-0.13,-0.01
13513,0,0,0.75,9.31,-2.03,0.02,-0.13,-0.01
13566,0,0,0.84,9.30,-1.98,0.03,-0.14,-0.02
13619,0,0,0.80,9.33,-1.98,0.02,-0.13,-0.01
13672,0,0,0.79,9.33,-2.01,0.02,-0.12,-0.01
13725,0,0,0.76,9.31,-2.00,0.02,-0.12,-0.01
13778,0,0,0.76,9.32,-1.96,0.02,-0.12,-0.01
13831,0,0,0.75,9.33,-1.98,0.02,-0.12,-0.01
13884,0,0,0.76,9.36,-1.96,0.02,-0.13,-0.01
13937,0,0,0.75,9.34,-1.98,0.02,-0.13,-0.01
13990,0,0,0.76,9.34,-1.98,0.02,-0.13,-0.01
14043,0,0,0.75,9.31,-1.98,0.02,-0.13,-0.01
14096,0,0,0.74,9.33,-2.00,0.02,-0.13,-0.01
14149,0,0,0.76,9.31,-1.97,0.02,-0.13,-0.01
14202,0,0,0.76,9.33,-1.97,0.02,-0.12,-0.01
14255,0,0,0.74,9.32,-1.98,0.02,-0.12,-0.01
14308,0,0,0.73,9.32,-1.98,0.02,-0.12,-0.01
14361,0,0,0.74,9.34,-1.98,0.02,-0.12,-0.01
14414,0,0,0.75,9.32,-2.00,0.02,-0.12,-0.01
14467,0,0,0.73,9.32,-1.96,0.02,-0.13,-0.01
14520,0,0,0.74,9.32,-1.98,0.02,-0.13,-0.01
14573,0,0,0.74,9.33,-2.01,0.02,-0.13,-0.01
14626,0,0,0.77,9.32,-1.98,0.02,-0.12,-0.01
14679,0,0,0.74,9.32,-1.98,0.02,-0.13,-0.01
14732,0,0,0.75,9.33,-1.98,0.02,-0.13,-0.01
14785,0,0,0.77,9.31,-2.00,0.02,-0.13,-0.01
14838,0,0,0.74,9.32,-2.01,0.02,-0.12,-0.01
14891,0,0,0.72,9.31,-1.98,0.02,-0.12,-0.02
14944,0,0,0.79,9.32,-1.99,0.02,-0.12,-0.02
14997,0,0,0.78,9.34,-1.95,0.02,-0.13,-0.01
15050,0,0,0.75,9.34,-1.99,0.02,-0.13,-0.01
15103,0,0,0.74,9.32,-2.03,0.02,-0.13,-0.01
15156,0,0,0.75,9.32,-1.98,0.02,-0.12,-0.01
15209,0,0,0.75,9.32,-2.00,0.02,-0.12,-0.01
15262,0,0,0.75,9.32,-2.03,0.02,-0.12,-0.01
15315,0,0,0.72,9.33,-1.94,0.02,-0.12,-0.01
15368,0,0,0.74,9.31,-1.99,0.02,-0.13,-0.01
15421,0,0,0.74,9.32,-2.01,0.02,-0.13,-0.01
15474,0,0,0.74,9.30,-2.00,0.02,-0.13,-0.01
15527,0,0,-1.73,11.14,-1.89,-0.96,1.08,-1.50
15580,0,0,0.13,10.36,-1.04,0.51,0.25,1.91
15633,0,0,2.48,14.79,-1.43,0.55,0.88,-1.36
15686,0,0,-0.25,7.11,-1.41,1.20,1.76,0.75
15739,0,0,-0.01,9.25,-3.11,1.95,1.01,1.66
15792,0,0,4.59,9.00,-2.67,4.01,-0.10,8.73
15845,0,0,5.74,6.16,-5.09,1.47,0.28,2.23
15898,0,0,5.59,5.37,-5.54,1.17,0.51,1.37
15951,0,0,5.78,3.20,-4.86,-0.19,0.42,0.86
16004,0,0,5.71,5.67,-5.46,-0.00,-0.21,-0.78
16057,0,0,5.31,4.67,-5.39,-0.15,-0.21,0.49
16110,0,0,6.24,5.20,-5.72,-0.89,0.34,0.07
16163,0,0,6.66,5.20,-4.24,-0.29,0.08,-0.40
16216,0,0,5.97,5.80,-5.63,-0.62,0.21,-0.68
16269,0,0,6.02,5.78,-4.67,-0.72,0.10,-0.95
16322,0,0,5.57,6.24,-3.69,-1.09,-0.19,-0.93
16375,0,0,4.73,8.09,-3.69,-2.44,-0.87,-0.87
16428,0,0,3.90,8.14,-2.38,-1.54,-0.92,-1.25
16481,0,0,3.77,8.46,-2.68,-1.47,-0.92,-1.47
16534,0,0,2.10,9.39,-1.78,-0.67,-0.42,-1.97
16587,0,0,1.23,10.53,-1.91,-0.17,0.10,-1.48
16640,0,0,2.05,10.23,-2.89,1.12,-0.49,-4.72
16693,0,0,-2.94,8.02,-3.11,1.83,-0.81,-4.05
16746,0,0,-2.71,8.19,-2.80,0.65,0.58,0.81
16799,0,0,-2.63,8.34,-3.39,0.34,0.30,-0.44
16852,0,0,-2.40,7.63,-3.50,0.44,-0.30,-0.97
16905,0,0,-2.78,9.03,-3.70,0.77,-0.31,1.75
16958,0,0,-3.22,8.73,-3.46,0.03,1.12,2.43
17011,0,0,-0.58,7.42,-4.64,1.74,0.24,1.60
17064,0,0,-0.62,7.75,-3.92,0.85,0.84,0.87
17117,0,0,-0.79,7.31,-4.59,1.12,1.06,0.32
17170,0,0,3.99,7.20,-4.20,-0.01,2.13,3.41
17223,0,0,4.02,6.89,-4.49,0.59,2.35,5.26
17276,0,0,6.72,6.58,-4.97,0.62,0.67,0.33
17329,0,0,6.11,5.28,-4.80,1.39,1.65,3.16
17382,0,0,6.47,2.90,-6.23,2.51,0.92,2.38
17435,0,0,7.25,2.38,-5.30,2.68,0.34,-0.39
17488,0,0,8.48,1.16,-5.08,3.25,-0.24,-0.01
17541,0,0,7.43,0.81,-5.80,1.46,-0.85,-0.53
17594,0,0,6.28,0.63,-6.96,-0.37,-1.15,1.12
17647,0,0,6.40,1.11,-6.64,0.07,-0.36,1.85
17700,0,0,7.66,-0.76,-6.57,-0.24,-0.49,0.97
17753,0,0,6.75,-0.96,-7.33,-0.12,0.04,0.53
17806,0,0,6.61,-0.88,-6.36,-0.63,0.13,-0.09
17859,0,0,7.48,0.78,-6.65,-0.53,0.50,-0.54
17912,0,0,7.31,0.57,-6.63,0.28,0.61,-0.18
17965,0,0,8.03,0.48,-5.82,0.41,0.30,-0.90
18018,0,0,8.40,0.47,-4.71,0.03,0.44,-1.27
18071,0,0,7.84,1.18,-6.52,0.08,0.00,-1.32
18124,0,0,8.16,1.33,-4.69,-0.27,0.08,-0.51
18177,0,0,8.09,2.01,-5.34,-0.25,-0.23,-0.22
18230,0,0,7.26,2.26,-5.68,-0.53,-0.05,0.13
18283,0,0,8.20,2.09,-5.05,-0.19,0.04,-0.47
18336,0,0,7.93,2.53,-5.35,-0.36,-0.00,-0.34
18389,0,0,7.80,2.67,-4.96,-0.72,-0.35,-0.49
18442,0,0,7.25,3.36,-4.67,-0.42,-0.56,-1.44
18495,0,0,7.03,3.79,-4.99,-0.38,-0.39,-0.39
18548,0,0,6.96,4.24,-5.42,-0.39,-0.28,0.12
18601,0,0,7.45,3.99,-4.82,0.01,-0.07,0.34
18654,0,0,7.17,3.70,-5.41,0.62,-0.01,0.98
18707,0,0,7.11,3.54,-5.28,0.09,-0.22,0.02
18760,0,0,7.42,3.47,-5.28,0.30,-0.23,-0.50
18813,0,0,7.13,3.50,-5.59,-0.23,-0.28,-0.29
18866,0,0,6.86,4.02,-4.98,-1.42,-0.30,-1.32
18919,0,0,6.74,5.49,-4.83,-2.31,-0.58,-0.24
18972,0,0,6.64,5.35,-3.90,-2.47,-0.79,-0.88
19025,0,0,6.12,6.11,-3.59,-1.57,-1.10,-1.40
19078,0,0,5.78,6.73,-3.00,-2.04,-0.01,-1.50
19131,0,0,4.33,8.73,-2.94,-1.15,-0.70,-0.31
19184,0,0,4.12,8.75,-2.77,-0.52,-1.05,-0.86
19237,0,0,2.81,8.51,-2.49,-0.93,-0.71,-1.39
19290,0,0,2.52,9.24,-2.13,-0.71,-1.22,-0.94
19343,0,0,1.82,9.12,-1.65,-0.48,-0.63,-0.25
19396,0,0,1.67,9.81,-1.53,-0.61,-0.50,-0.01
19449,0,0,1.16,9.33,-1.32,-0.43,-0.27,0.33
19502,0,0,2.05,9.28,-1.14,-0.03,-0.17,-0.11
19555,0,0,2.07,9.58,-1.35,0.27,-0.29,0.31
19608,0,0,1.78,9.62,-1.86,1.61,0.06,0.57
19661,0,0,2.04,9.45,-2.58,2.41,-0.33,0.91
19714,0,0,3.94,7.31,-4.06,4.14,-0.19,1.42
19767,0,0,3.95,6.29,-6.18,3.36,-0.22,1.51
19820,0,0,4.48,3.96,-6.29,3.84,-0.06,2.23
19873,0,0,4.68,3.24,-7.59,1.97,0.04,0.89
19926,0,0,5.02,2.00,-7.29,1.64,-0.39,-0.32
19979,0,0,4.81,1.93,-7.64,-0.20,-0.24,-0.11
20032,0,0,4.66,2.36,-7.55,-1.73,-0.63,-0.80
20085,0,0,3.66,4.10,-7.82,-3.04,-0.85,-2.17
20138,0,0,2.23,4.96,-5.50,-1.03,0.05,-0.99
20191,0,0,6.96,-1.54,-9.26,0.12,1.22,2.14
20244,0,0,3.49,7.17,-6.64,-0.17,0.23,0.37
20297,0,0,3.90,5.69,-6.10,-0.28,-0.12,0.73
20350,0,0,3.99,6.73,-6.20,-0.43,-0.41,0.06
20403,0,0,3.24,6.09,-5.81,-0.17,-0.32,0.02
20456,0,0,3.39,6.28,-6.27,-0.14,-0.14,-0.14
20509,0,0,4.10,6.90,-5.97,-0.05,-0.41,1.47
20562,0,0,3.86,5.43,-5.78,-0.38,0.16,-1.98
20615,0,0,3.86,6.31,-5.77,-0.29,-0.10,-0.27
20668,0,0,3.57,6.69,-5.80,-0.23,-0.33,-0.82
20721,0,0,3.29,6.76,-5.63,0.10,0.24,-1.11
20774,0,0,3.36,7.09,-5.87,0.35,-0.39,-0.68
20827,0,0,2.24,6.55,-6.43,0.14,-0.45,-0.54
20880,0,0,3.04,6.58,-5.46,-0.13,-0.24,-0.06
20933,0,0,2.57,7.03,-5.49,-0.03,-0.52,-0.41
20986,0,0,1.34,6.79,-5.50,-0.31,-0.67,-1.34
21039,0,0,0.70,7.47,-6.14,-0.06,-0.41,-0.35
21092,0,0,1.61,7.68,-5.63,-0.58,-0.63,-1.61
21145,0,0,-0.57,7.55,-5.67,-0.57,-0.91,-2.18
21198,0,0,-1.75,6.64,-4.64,-0.97,-1.21,-3.08
21251,0,0,-4.15,7.36,-4.71,-0.46,-0.76,-1.02
21304,0,0,-4.43,7.29,-4.76,-0.07,-0.58,-2.00
21357,0,0,-4.24,7.18,-4.23,-0.17,0.14,0.12
21410,0,0,-3.51,7.44,-4.41,-0.35,0.32,0.37
21463,0,0,-3.38,7.32,-4.28,-0.44,-0.34,-1.01
21516,0,0,-3.92,7.59,-4.13,-0.50,-0.12,-1.18
21569,0,0,-4.14,7.06,-3.92,-0.32,-0.16,-0.90
21622,0,0,-4.09,7.40,-3.25,-0.48,-0.60,-0.65
21675,0,0,-5.36,7.14,-3.40,-0.21,0.03,0.46
21728,0,0,-4.27,7.17,-3.47,-1.09,1.02,0.47
21781,0,0,-4.19,7.67,-3.26,-1.01,0.91,0.33
21834,0,0,-3.54,8.25,-3.03,-0.94,0.85,1.93
21887,0,0,-2.37,8.60,-2.59,-1.03,1.07,0.23
21940,0,0,-2.30,8.58,-2.54,-0.72,0.69,0.31
21993,0,0,-1.75,8.94,-2.12,-0.71,-0.13,1.02
22046,0,0,-1.63,9.10,-2.15,-0.11,-0.02,0.12
22099,0,0,-1.73,8.95,-1.94,-0.32,0.25,-0.02
22152,0,0,-1.40,8.83,-1.88,-0.60,0.43,0.12
22205,0,0,-1.65,9.27,-1.64,-0.52,0.89,-0.54
22258,0,0,-1.39,9.12,-1.03,-1.14,0.69,0.53
22311,0,0,-1.16,9.78,-0.53,-1.11,0.55,0.29
22364,0,0,-1.38,9.73,-0.07,-0.71,0.62,-0.01
22417,0,0,-0.95,9.51,0.27,-0.64,-0.38,1.18
22470,0,0,-0.58,9.86,0.82,-0.45,1.07,-0.24
22523,0,0,-0.22,9.66,0.82,-0.44,0.60,0.20
22576,0,0,-0.09,9.76,0.55,-0.26,0.17,0.39
22629,0,0,0.17,9.65,1.32,-0.12,0.54,0.03
22682,0,0,0.08,9.74,1.09,-0.30,-0.16,0.40
22735,0,0,0.17,9.83,1.17,-0.21,0.44,-0.08
22788,0,0,0.32,9.53,1.38,-0.04,0.54,-0.26
22841,0,0,0.15,9.62,0.80,-0.16,-0.32,0.22
22894,0,0,0.30,9.90,1.43,0.04,0.35,-0.17
22947,0,0,0.39,9.75,1.45,-0.06,-0.19,0.17
23000,0,0,0.23,9.77,1.26,0.09,-0.33,0.05
23053,0,0,0.22,9.62,1.43,0.20,-0.64,0.39
23106,0,0,0.68,9.70,0.88,0.78,-1.38,0.36
23159,0,0,0.77,9.67,0.92,0.82,-1.00,0.13
23212,0,0,0.79,9.84,0.29,0.62,-0.50,0.19
23265,0,0,0.76,9.81,0.10,0.47,-0.31,-0.02
23318,0,0,0.77,9.63,0.05,0.18,-0.35,0.02
23371,0,0,0.74,9.66,-0.16,0.14,-0.41,0.08
23424,0,0,1.00,9.94,-0.37,0.55,-0.51,0.47
23477,0,0,1.34,9.73,-0.85,0.54,-0.57,0.34
23530,0,0,0.88,9.34,-1.41,0.46,-0.58,0.20
23583,0,0,1.42,8.88,-1.43,0.74,-0.92,0.46
23636,0,0,1.33,9.28,-1.64,0.27,-0.68,0.43
23689,0,0,1.72,9.35,-1.98,0.45,-0.79,0.89
23742,0,0,1.54,9.59,-2.01,0.15,-0.43,0.03
23795,0,0,1.67,9.07,-1.87,0.13,-0.51,0.23
23848,0,0,1.43,9.31,-2.54,0.23,-0.54,0.26
23901,0,0,1.68,9.78,-2.11,0.30,-0.59,0.00
23954,0,0,1.81,9.32,-2.59,0.44,-0.55,0.49
24007,0,0,1.96,7.72,-2.67,0.53,-0.71,-0.30
24060,0,0,1.16,8.24,-2.88,0.17,-0.43,-0.24
24113,0,0,1.02,8.94,-3.37,0.08,-0.25,-0.13
24166,0,0,0.91,10.05,-3.46,0.23,-0.18,-0.75
24219,0,0,0.73,8.73,-3.45,0.41,-0.19,0.10
24272,0,0,0.23,7.10,-3.78,0.28,-0.15,0.45
24325,0,0,1.01,7.50,-3.40,0.08,0.82,1.18
24378,0,0,3.73,10.47,-3.90,0.51,0.16,0.98
24431,0,0,3.02,9.57,-3.33,0.24,-0.45,-0.02
24484,0,0,0.60,6.80,-4.78,0.43,-0.65,-0.50
24537,0,0,1.33,7.46,-4.33,-0.05,-0.02,-0.27
24590,0,0,2.04,9.19,-4.09,-0.09,0.11,-0.26
24643,0,0,1.41,8.22,-3.83,0.15,-0.08,-0.49
24696,0,0,0.84,7.64,-4.78,0.05,-0.02,-0.01
24749,0,0,2.21,8.54,-3.60,0.08,-0.08,0.33
24802,0,0,1.69,7.78,-3.93,0.06,-0.12,0.17
24855,0,0,1.45,8.41,-4.42,-0.05,0.05,-0.01
24908,0,0,2.49,8.56,-3.19,0.01,-0.52,0.39
24961,0,0,1.79,8.07,-4.07,-0.06,-0.18,0.29
25014,0,0,1.84,8.00,-4.47,-0.04,-0.15,0.24
25067,0,0,2.16,8.25,-4.23,0.05,-0.06,0.59
25120,0,0,2.76,4.66,-0.69,0.06,-0.73,1.62
25173,0,0,-0.48,-3.02,-5.25,-6.18,0.17,1.31
25226,0,0,13.29,7.72,-0.49,0.54,0.57,-4.80
25279,0,0,2.65,8.26,-1.26,0.26,-0.09,1.51
25332,0,0,3.53,8.45,-1.17,0.03,-0.26,-0.96
25385,0,0,4.89,8.88,-1.21,0.03,-0.16,-0.17
25438,0,0,4.56,8.77,-1.15,0.02,-0.11,0.30
25491,0,0,4.32,8.61,-1.28,0.02,-0.13,0.15
25544,0,0,4.39,8.62,-1.22,0.03,-0.14,0.03
25597,0,0,4.46,8.64,-1.22,0.03,-0.13,0.04
25650,0,0,4.47,8.63,-1.26,0.04,-0.13,0.05
25703,0,0,4.50,8.62,-1.23,0.03,-0.14,0.03
25756,0,0,4.51,8.61,-1.26,0.03,-0.14,0.03
25809,0,0,4.54,8.60,-1.28,0.03,-0.14,0.03
25862,0,0,4.57,8.56,-1.28,0.03,-0.13,0.03
25915,0,0,4.60,8.55,-1.28,0.03,-0.13,0.03
25968,0,0,4.61,8.55,-1.28,0.03,-0.13,0.02
26021,0,0,4.61,8.54,-1.31,0.03,-0.13,0.02
26074,0,0,4.63,8.51,-1.28,0.03,-0.13,0.02
26127,0,0,4.63,8.53,-1.30,0.03,-0.13,0.01
26180,0,0,4.65,8.51,-1.30,0.03,-0.13,0.02
26233,0,0,4.69,8.50,-1.35,0.03,-0.14,0.01
26286,0,0,4.67,8.50,-1.36,0.03,-0.13,0.04
26339,0,0,4.72,8.47,-1.31,0.03,-0.13,0.04
26392,0,0,4.69,8.51,-1.27,0.03,-0.13,0.03
26445,0,0,4.69,8.48,-1.31,0.02,-0.13,0.02
26498,0,0,4.71,8.49,-1.30,0.02,-0.14,0.01
26551,0,0,4.71,8.47,-1.32,0.03,-0.14,0.01
26604,0,0,4.75,8.45,-1.36,0.03,-0.13,0.00
26657,0,0,4.74,8.43,-1.31,0.03,-0.13,0.01
26710,0,0,4.77,8.45,-1.34,0.02,-0.13,0.01
26763,0,0,4.78,8.46,-1.35,0.03,-0.13,0.01
26816,0,0,4.77,8.43,-1.33,0.03,-0.13,0.01
26869,0,0,4.78,8.45,-1.36,0.02,-0.13,0.00
26922,0,0,4.79,8.42,-1.38,0.02,-0.13,0.00
26975,0,0,4.80,8.44,-1.38,0.02,-0.13,0.01
27028,0,0,4.80,8.43,-1.36,0.02,-0.13,0.00
27081,0,0,4.83,8.40,-1.36,0.02,-0.13,0.00
27134,0,0,4.82,8.41,-1.36,0.02,-0.13,0.00
27187,0,0,4.84,8.41,-1.41,0.02,-0.13,0.00
27240,0,0,4.83,8.40,-1.39,0.02,-0.13,0.00
27293,0,0,4.83,8.40,-1.38,0.02,-0.13,0.00
27346,0,0,4.87,8.39,-1.35,0.02,-0.13,0.01
27399,0,0,4.85,8.40,-1.40,0.02,-0.13,0.01
27452,0,0,4.87,8.37,-1.39,0.02,-0.13,-0.00
27505,0,0,4.87,8.37,-1.39,0.03,-0.13,0.00
27558,0,0,4.87,8.39,-1.39,0.03,-0.13,0.00
27611,0,0,4.98,8.38,-1.35,0.03,-0.14,-0.03
27664,0,0,4.92,8.38,-1.38,0.02,-0.13,0.02
27717,0,0,4.92,8.34,-1.41,0.02,-0.13,0.01
27770,0,0,4.92,8.35,-1.37,0.02,-0.14,-0.00
27823,0,0,4.92,8.35,-1.43,0.02,-0.13,-0.00
27876,0,0,4.94,8.36,-1.42,0.02,-0.13,-0.00
27929,0,0,4.92,8.37,-1.43,0.02,-0.13,-0.01
27982,0,0,4.92,8.35,-1.43,0.02,-0.13,-0.00
28035,0,0,4.90,8.34,-1.45,0.02,-0.13,0.01
28088,0,0,5.00,8.32,-1.33,0.03,-0.12,0.01
28141,0,0,4.92,8.35,-1.41,0.03,-0.13,-0.01
28194,0,0,4.93,8.36,-1.37,0.02,-0.13,0.01
28247,0,0,5.02,8.29,-1.45,0.02,-0.13,0.00
28300,0,0,4.97,8.33,-1.43,0.02,-0.13,-0.01
28353,0,0,4.96,8.35,-1.43,0.02,-0.13,0.00
28406,0,0,4.98,8.33,-1.41,0.02,-0.13,-0.00
28459,0,0,4.97,8.33,-1.43,0.02,-0.13,-0.00
28512,0,0,4.99,8.32,-1.40,0.02,-0.13,-0.00
28565,0,0,4.98,8.32,-1.38,0.02,-0.13,-0.00
28618,0,0,5.00,8.31,-1.39,0.02,-0.13,0.00
28671,0,0,5.03,8.29,-1.45,0.02,-0.13,-0.00
28724,0,0,5.01,8.30,-1.42,0.02,-0.13,-0.00
28777,0,0,5.00,8.32,-1.42,0.02,-0.13,-0.01
28830,0,0,5.01,8.30,-1.46,0.02,-0.13,-0.00
28883,0,0,5.00,8.30,-1.44,0.02,-0.13,-0.00
28936,0,0,5.02,8.28,-1.43,0.02,-0.13,-0.00
28989,0,0,5.04,8.29,-1.43,0.02,-0.13,-0.00
29042,0,0,5.03,8.28,-1.43,0.02,-0.13,-0.00
29095,0,0,5.02,8.26,-1.43,0.02,-0.13,-0.00
29148,0,0,5.01,8.28,-1.44,0.02,-0.13,-0.00
29201,0,0,5.04,8.27,-1.45,0.02,-0.13,-0.00
29254,0,0,5.05,8.29,-1.42,0.02,-0.13,-0.00
29307,0,0,5.04,8.27,-1.45,0.02,-0.13,-0.00
29360,0,0,5.06,8.27,-1.46,0.02,-0.13,-0.01
29413,0,0,5.07,8.27,-1.44,0.02,-0.13,-0.00
29466,0,0,5.09,8.28,-1.45,0.03,-0.13,-0.01
29519,0,0,5.01,8.35,-1.38,0.03,-0.12,0.07
29572,0,0,5.18,8.20,-1.51,0.02,-0.13,0.01
29625,0,0,4.97,8.32,-1.41,0.01,-0.14,-0.04
29678,0,0,5.05,8.24,-1.58,0.03,-0.13,0.02
29731,0,0,5.18,8.24,-1.42,0.04,-0.13,-0.01
29784,0,0,5.03,8.32,-1.46,0.01,-0.13,-0.00
29837,0,0,5.09,8.23,-1.56,0.03,-0.12,0.02
29890,0,0,4.83,8.54,-1.58,0.03,-0.17,-0.11
29943,0,0,5.24,8.41,-1.41,0.02,-0.13,-0.02
29996,0,0,4.99,8.33,-1.46,0.02,-0.14,0.00
30049,0,0,5.07,8.20,-1.63,0.02,-0.14,-0.02
30102,0,0,5.19,8.24,-1.42,0.03,-0.12,-0.04
30155,0,0,5.09,8.27,-1.39,0.02,-0.13,-0.01
30208,0,0,5.09,8.24,-1.42,0.02,-0.13,0.01
30261,0,0,5.16,8.18,-1.48,0.02,-0.13,0.00
30314,0,0,5.14,8.21,-1.44,0.02,-0.13,-0.01
30367,0,0,5.13,8.21,-1.45,0.02,-0.13,-0.00
30420,0,0,5.19,8.18,-1.47,0.02,-0.13,-0.01
30473,0,0,5.09,8.23,-1.46,0.02,-0.13,-0.02
30526,0,0,5.13,8.23,-1.46,0.02,-0.13,0.00
30579,0,0,5.15,8.22,-1.47,0.02,-0.13,-0.01
30632,0,0,5.16,8.23,-1.45,0.02,-0.13,-0.01
30685,0,0,5.15,8.24,-1.48,0.02,-0.13,-0.02
30738,0,0,5.15,8.22,-1.49,0.02,-0.13,-0.02
30791,0,0,5.14,8.22,-1.46,0.02,-0.13,-0.01
30844,0,0,5.16,8.20,-1.47,0.02,-0.13,-0.01
30897,0,0,5.16,8.20,-1.47,0.02,-0.13,-0.01
30950,0,0,5.16,8.22,-1.45,0.02,-0.13,-0.01
31003,0,0,5.15,8.20,-1.48,0.02,-0.13,-0.00
31056,0,0,5.17,8.21,-1.44,0.02,-0.13,-0.00
31109,0,0,5.17,8.19,-1.43,0.02,-0.13,0.00
31162,0,0,5.18,8.20,-1.48,0.02,-0.13,-0.01
31215,0,0,5.18,8.18,-1.48,0.02,-0.13,-0.01
31268,0,0,5.18,8.19,-1.48,0.02,-0.13,-0.01
31321,0,0,5.18,8.18,-1.44,0.02,-0.13,-0.01
31374,0,0,5.19,8.20,-1.46,0.02,-0.13,-0.01
31427,0,0,5.19,8.19,-1.47,0.02,-0.13,-0.00
31480,0,0,5.19,8.21,-1.48,0.02,-0.13,-0.01
31533,0,0,5.20,8.19,-1.52,0.02,-0.13,-0.01
31586,0,0,5.20,8.17,-1.45,0.02,-0.13,-0.01
31639,0,0,5.18,8.17,-1.46,0.02,-0.13,-0.00
31692,0,0,5.20,8.17,-1.48,0.02,-0.13,-0.01
31745,0,0,5.21,8.19,-1.49,0.02,-0.13,-0.01
31798,0,0,5.20,8.17,-1.50,0.02,-0.13,-0.00
31851,0,0,5.21,8.17,-1.47,0.02,-0.13,-0.01
31904,0,0,5.20,8.18,-1.48,0.02,-0.13,-0.01
31957,0,0,5.22,8.17,-1.51,0.02,-0.13,-0.01
32010,0,0,5.22,8.16,-1.50,0.02,-0.13,-0.01
32063,0,0,5.23,8.17,-1.47,0.02,-0.13,-0.01
32116,0,0,5.20,8.18,-1.46,0.02,-0.13,-0.01
32169,0,0,5.22,8.15,-1.51,0.02,-0.13,-0.00
32222,0,0,5.21,8.16,-1.47,0.02,-0.13,-0.00
32275,0,0,5.23,8.17,-1.47,0.02,-0.13,-0.01
32328,0,0,5.23,8.17,-1.48,0.02,-0.13,-0.01
32381,0,0,5.24,8.15,-1.51,0.02,-0.13,-0.01
32434,0,0,5.23,8.17,-1.48,0.02,-0.13,-0.01
32487,0,0,5.24,8.16,-1.50,0.02,-0.13,-0.01
32540,0,0,5.24,8.16,-1.46,0.02,-0.13,-0.00
32593,0,0,5.25,8.17,-1.45,0.02,-0.13,-0.01
32646,0,0,5.26,8.14,-1.49,0.02,-0.13,-0.01
32699,0,0,5.25,8.14,-1.48,0.02,-0.13,-0.01
32752,0,0,5.24,8.15,-1.53,0.02,-0.13,-0.01
32805,0,0,5.26,8.15,-1.50,0.02,-0.13,-0.01
32858,0,0,5.23,8.15,-1.46,0.02,-0.13,-0.01
32911,0,0,5.23,8.17,-1.49,0.02,-0.13,-0.01
32964,0,0,5.24,8.13,-1.49,0.02,-0.13,-0.00
33017,0,0,5.27,8.13,-1.50,0.02,-0.13,-0.01
33070,0,0,5.26,8.14,-1.50,0.02,-0.13,-0.00
33123,0,0,5.27,8.15,-1.48,0.02,-0.13,-0.01
33176,0,0,5.25,8.14,-1.51,0.02,-0.13,-0.01
33229,0,0,5.27,8.12,-1.49,0.02,-0.13,-0.01
33282,0,0,5.27,8.14,-1.49,0.02,-0.13,-0.01
33335,0,0,5.26,8.15,-1.51,0.02,-0.13,-0.01
33388,0,0,5.27,8.14,-1.51,0.02,-0.13,-0.01
33441,0,0,5.27,8.11,-1.51,0.02,-0.13,-0.00
33494,0,0,5.27,8.14,-1.50,0.02,-0.13,-0.01
33547,0,0,5.28,8.12,-1.50,0.02,-0.13,-0.01
33600,0,0,5.30,8.12,-1.48,0.02,-0.13,-0.01
33653,0,0,5.29,8.12,-1.49,0.02,-0.13,-0.01
33706,0,0,5.28,8.13,-1.53,0.02,-0.13,-0.01
33759,0,0,5.29,8.14,-1.50,0.02,-0.13,-0.01
33812,0,0,5.27,8.11,-1.50,0.02,-0.13,-0.00
33865,0,0,5.30,8.12,-1.50,0.02,-0.13,-0.01
33918,0,0,5.31,8.11,-1.53,0.02,-0.13,-0.00
33971,0,0,5.29,8.10,-1.48,0.02,-0.13,-0.01
34024,0,0,5.29,8.13,-1.48,0.02,-0.13,-0.01
34077,0,0,5.27,8.09,-1.47,0.02,-0.13,-0.01
34130,0,0,5.29,8.13,-1.48,0.02,-0.13,-0.01
34183,0,0,5.31,8.11,-1.52,0.02,-0.13,-0.01
34236,0,0,5.31,8.11,-1.52,0.02,-0.13,-0.01
34289,0,0,5.30,8.10,-1.52,0.02,-0.13,-0.01
34342,0,0,5.31,8.09,-1.51,0.02,-0.13,-0.01
34395,0,0,5.30,8.12,-1.53,0.02,-0.13,-0.01
34448,0,0,5.31,8.11,-1.50,0.02,-0.13,-0.01
34501,0,0,5.31,8.13,-1.51,0.02,-0.13,-0.01
34554,0,0,5.32,8.12,-1.51,0.02,-0.13,-0.01
34607,0,0,5.31,8.10,-1.50,0.02,-0.13,-0.01
34660,0,0,5.29,8.11,-1.49,0.02,-0.13,-0.01
34713,0,0,5.30,8.09,-1.50,0.02,-0.13,-0.01
34766,0,0,5.32,8.09,-1.53,0.02,-0.13,-0.01
34819,0,0,5.33,8.09,-1.52,0.02,-0.13,-0.01
34872,0,0,5.32,8.09,-1.47,0.02,-0.13,-0.01
34925,0,0,5.31,8.12,-1.51,0.02,-0.13,-0.01
34978,0,0,5.33,8.11,-1.50,0.02,-0.13,-0.01
35031,0,0,5.31,8.11,-1.49,0.02,-0.13,-0.00
35084,0,0,5.32,8.06,-1.55,0.02,-0.13,-0.01
35137,0,0,5.32,8.10,-1.49,0.02,-0.13,-0.01
35190,0,0,5.32,8.09,-1.48,0.02,-0.13,-0.01
35243,0,0,5.32,8.09,-1.52,0.02,-0.13,-0.00
35296,0,0,5.34,8.09,-1.47,0.02,-0.13,-0.01
35349,0,0,5.36,8.08,-1.51,0.02,-0.13,-0.01
35402,0,0,5.31,8.10,-1.53,0.02,-0.13,-0.01
35455,0,0,5.34,8.10,-1.52,0.02,-0.13,-0.01
35508,0,0,5.33,8.07,-1.55,0.02,-0.13,-0.01
35561,0,0,5.34,8.09,-1.50,0.02,-0.13,-0.01
35614,0,0,5.34,8.09,-1.54,0.02,-0.13,-0.01
35667,0,0,5.33,8.06,-1.53,0.02,-0.13,-0.01
35720,0,0,5.36,8.07,-1.49,0.02,-0.13,-0.01
35773,0,0,5.34,8.08,-1.48,0.02,-0.13,-0.01
35826,0,0,5.35,8.07,-1.54,0.02,-0.13,-0.01
35879,0,0,5.36,8.09,-1.50,0.02,-0.13,-0.01
35932,0,0,5.36,8.08,-1.53,0.02,-0.13,-0.01
35985,0,0,5.37,8.07,-1.54,0.02,-0.13,-0.01
36038,0,0,5.34,8.07,-1.51,0.02,-0.13,-0.01
36091,0,0,5.37,8.07,-1.52,0.02,-0.13,-0.01
36144,0,0,5.36,8.07,-1.51,0.02,-0.13,-0.01
36197,0,0,5.36,8.07,-1.49,0.02,-0.13,-0.01
36250,0,0,5.37,8.09,-1.50,0.02,-0.13,-0.00
36303,0,0,5.36,8.09,-1.52,0.02,-0.13,-0.01
36356,0,0,5.36,8.07,-1.53,0.02,-0.13,-0.01
36409,0,0,5.36,8.09,-1.55,0.02,-0.13,-0.01
36462,0,0,5.37,8.05,-1.51,0.02,-0.13,-0.01
36515,0,0,5.37,8.08,-1.52,0.02,-0.13,-0.01
36568,0,0,5.38,8.06,-1.52,0.02,-0.13,-0.01
36621,0,0,5.39,8.07,-1.53,0.02,-0.13,-0.01
36674,0,0,5.40,8.05,-1.49,0.02,-0.13,-0.01
36727,0,0,5.36,8.06,-1.54,0.02,-0.13,-0.01
36780,0,0,5.39,8.06,-1.53,0.02,-0.13,-0.01
36833,0,0,5.39,8.07,-1.53,0.02,-0.13,-0.01
36886,0,0,5.39,8.05,-1.50,0.02,-0.13,-0.01
36939,0,0,5.36,8.06,-1.51,0.02,-0.13,-0.01
36992,0,0,5.40,8.07,-1.53,0.02,-0.13,-0.02
37045,0,0,5.39,8.05,-1.53,0.02,-0.13,-0.01
37098,0,0,5.38,8.07,-1.55,0.02,-0.13,-0.01
37151,0,0,5.39,8.08,-1.55,0.02,-0.13,-0.01
37204,0,0,5.36,8.06,-1.53,0.02,-0.13,-0.01
37257,0,0,5.38,8.06,-1.52,0.02,-0.13,-0.00
37310,0,0,5.39,8.05,-1.53,0.02,-0.13,-0.02
37363,0,0,5.37,8.05,-1.53,0.02,-0.13,-0.01
37416,0,0,5.39,8.07,-1.52,0.02,-0.13,-0.01
37469,0,0,5.38,8.05,-1.53,0.02,-0.13,-0.01
37522,0,0,5.39,8.03,-1.52,0.02,-0.13,-0.00
37575,0,0,5.41,8.05,-1.47,0.02,-0.13,-0.01
37628,0,0,5.38,8.07,-1.50,0.02,-0.13,-0.01
37681,0,0,5.42,8.03,-1.51,0.02,-0.13,-0.01
37734,0,0,5.41,8.06,-1.54,0.02,-0.13,-0.01
37787,0,0,5.40,8.06,-1.56,0.02,-0.13,-0.01
37840,0,0,5.39,8.04,-1.53,0.02,-0.13,-0.01
37893,0,0,5.41,8.04,-1.51,0.02,-0.13,-0.01
37946,0,0,5.41,8.03,-1.56,0.02,-0.13,-0.01
37999,0,0,5.40,8.06,-1.51,0.02,-0.13,-0.01
38052,0,0,5.41,8.05,-1.53,0.02,-0.13,-0.01
38105,0,0,5.41,8.03,-1.50,0.02,-0.13,-0.01
38158,0,0,5.40,8.05,-1.54,0.02,-0.13,-0.01
38211,0,0,5.42,8.03,-1.53,0.02,-0.13,-0.01
38264,0,0,5.41,8.04,-1.54,0.02,-0.13,-0.01
38317,0,0,5.40,8.04,-1.50,0.02,-0.13,-0.00
38370,0,0,5.42,8.05,-1.55,0.02,-0.13,-0.01
38423,0,0,5.41,8.02,-1.54,0.02,-0.13,-0.01
38476,0,0,5.42,8.05,-1.54,0.02,-0.13,-0.01
38529,0,0,5.44,8.01,-1.50,0.02,-0.13,-0.00
38582,0,0,5.39,8.05,-1.48,0.02,-0.13,-0.02
38635,0,0,5.42,8.03,-1.58,0.02,-0.13,-0.01
38688,0,0,5.45,8.03,-1.53,0.02,-0.13,-0.01
38741,0,0,5.44,8.01,-1.53,0.02,-0.13,-0.01
38794,0,0,5.43,8.01,-1.53,0.02,-0.13,-0.01
38847,0,0,5.40,8.03,-1.55,0.02,-0.13,-0.01
38900,0,0,5.46,8.01,-1.53,0.02,-0.13,-0.00
38953,0,0,5.42,8.04,-1.50,0.02,-0.13,-0.01
39006,0,0,5.44,8.03,-1.54,0.02,-0.13,-0.01
39059,0,0,5.44,8.01,-1.53,0.02,-0.13,-0.01
39112,0,0,5.43,8.03,-1.56,0.02,-0.13,-0.01
39165,0,0,5.43,8.06,-1.53,0.02,-0.13,-0.01
39218,0,0,5.46,8.00,-1.53,0.02,-0.13,-0.01
39271,0,0,5.41,8.03,-1.55,0.02,-0.13,-0.01
39324,0,0,5.46,8.00,-1.53,0.02,-0.13,-0.01
39377,0,0,5.43,8.02,-1.53,0.02,-0.13,-0.01
39430,0,0,5.41,8.01,-1.52,0.02,-0.13,-0.00
39483,0,0,5.46,8.00,-1.57,0.02,-0.13,-0.01
39536,0,0,5.45,8.02,-1.56,0.02,-0.13,-0.01
39589,0,0,5.45,8.02,-1.53,0.02,-0.13,-0.01
39642,0,0,5.44,8.01,-1.51,0.02,-0.13,-0.01
39695,0,0,5.45,8.01,-1.53,0.02,-0.13,-0.01
39748,0,0,5.43,8.02,-1.53,0.02,-0.13,-0.01
39801,0,0,5.44,7.99,-1.55,0.02,-0.13,-0.00
39854,0,0,5.42,8.02,-1.56,0.02,-0.13,-0.01
39907,0,0,5.46,8.00,-1.54,0.02,-0.13,-0.01
39960,0,0,5.46,8.02,-1.55,0.02,-0.13,-0.01
40013,0,0,5.47,7.99,-1.51,0.02,-0.13,-0.01
40066,0,0,5.45,8.00,-1.55,0.02,-0.13,-0.01
40119,0,0,5.45,8.01,-1.57,0.02,-0.13,-0.01
40172,0,0,5.46,8.00,-1.53,0.02,-0.13,-0.01
40225,0,0,5.47,7.99,-1.52,0.02,-0.13,-0.01
40278,0,0,5.43,8.01,-1.55,0.02,-0.13,-0.01
40331,0,0,5.46,8.00,-1.53,0.02,-0.13,-0.01
40384,0,0,5.48,7.99,-1.53,0.02,-0.13,-0.01
40437,0,0,5.47,7.98,-1.54,0.02,-0.13,-0.01
40490,0,0,5.48,8.00,-1.57,0.02,-0.13,-0.01
40543,0,0,5.47,8.00,-1.56,0.02,-0.13,-0.01
40596,0,0,5.47,7.99,-1.54,0.02,-0.13,-0.01
40649,0,0,5.47,8.01,-1.54,0.02,-0.13,-0.01
40702,0,0,5.48,8.00,-1.56,0.02,-0.13,-0.01
40755,0,0,5.49,8.01,-1.53,0.02,-0.13,-0.01
40808,0,0,5.46,7.99,-1.58,0.02,-0.13,-0.01
40861,0,0,5.48,7.98,-1.55,0.02,-0.13,-0.01
40914,0,0,5.49,7.99,-1.55,0.02,-0.13,-0.01
40967,0,0,5.48,8.01,-1.54,0.02,-0.13,-0.01
41020,0,0,5.48,7.99,-1.53,0.02,-0.13,-0.01
41073,0,0,5.46,7.99,-1.52,0.02,-0.13,-0.01
41126,0,0,5.49,7.99,-1.55,0.02,-0.13,-0.01
41179,0,0,5.48,8.00,-1.56,0.02,-0.13,-0.01
41232,0,0,5.48,7.97,-1.56,0.02,-0.13,-0.01
41285,0,0,5.50,7.99,-1.53,0.02,-0.13,-0.01
41338,0,0,5.48,7.98,-1.55,0.02,-0.13,-0.01
41391,0,0,5.47,7.99,-1.54,0.02,-0.13,-0.01
41444,0,0,5.49,7.98,-1.54,0.02,-0.13,-0.01
41497,0,0,5.47,7.99,-1.54,0.02,-0.13,-0.01
41550,0,0,5.49,8.00,-1.53,0.02,-0.13,-0.01
41603,0,0,5.48,7.97,-1.54,0.02,-0.13,-0.01
41656,0,0,5.48,7.99,-1.51,0.02,-0.13,-0.01
41709,0,0,5.50,7.96,-1.52,0.02,-0.13,-0.01
41762,0,0,5.49,7.98,-1.56,0.02,-0.13,-0.01
41815,0,0,5.49,7.97,-1.53,0.02,-0.13,-0.01
41868,0,0,5.50,7.98,-1.54,0.02,-0.13,-0.01
41921,0,0,5.49,7.97,-1.56,0.02,-0.13,-0.01
41974,0,0,5.50,7.98,-1.53,0.02,-0.13,-0.01
42027,0,0,5.50,7.98,-1.54,0.02,-0.13,-0.01
42080,0,0,5.49,7.98,-1.53,0.02,-0.13,-0.01
42133,0,0,5.50,7.98,-1.57,0.02,-0.13,-0.01
42186,0,0,5.49,7.99,-1.55,0.02,-0.13,-0.01
42239,0,0,5.48,7.99,-1.56,0.02,-0.13,-0.01
42292,0,0,5.48,7.98,-1.56,0.02,-0.13,-0.01
42345,0,0,5.52,7.97,-1.55,0.02,-0.13,-0.01
42398,0,0,5.50,7.98,-1.54,0.02,-0.13,-0.01
42451,0,0,5.50,7.97,-1.54,0.02,-0.13,-0.01
42504,0,0,5.49,7.95,-1.56,0.02,-0.13,-0.01
42557,0,0,5.50,7.98,-1.53,0.02,-0.13,-0.01
42610,0,0,5.51,7.99,-1.56,0.02,-0.13,-0.01
42663,0,0,5.50,7.98,-1.54,0.02,-0.13,-0.01
42716,0,0,5.50,7.98,-1.57,0.02,-0.13,-0.01
42769,0,0,5.51,7.98,-1.54,0.02,-0.13,-0.01
42822,0,0,5.51,7.98,-1.55,0.02,-0.13,-0.01
42875,0,0,5.49,7.97,-1.55,0.02,-0.13,-0.01
42928,0,0,5.50,7.97,-1.54,0.02,-0.13,-0.01
42981,0,0,5.51,7.99,-1.57,0.02,-0.13,-0.01
43034,0,0,5.52,7.97,-1.56,0.02,-0.13,-0.01
43087,0,0,5.52,7.98,-1.56,0.02,-0.13,-0.01
43140,0,0,5.53,7.97,-1.57,0.02,-0.13,-0.01
43193,0,0,5.50,7.97,-1.55,0.02,-0.13,-0.01
43246,0,0,5.52,7.97,-1.57,0.02,-0.13,-0.01
43299,0,0,5.51,7.96,-1.53,0.02,-0.13,-0.01
43352,0,0,5.51,7.96,-1.54,0.02,-0.13,-0.01
43405,0,0,5.50,7.97,-1.53,0.02,-0.13,-0.01
43458,0,0,5.51,7.99,-1.54,0.02,-0.13,-0.01
43511,0,0,5.52,7.96,-1.53,0.02,-0.13,-0.01
43564,0,0,5.53,7.95,-1.54,0.02,-0.13,-0.01
43617,0,0,5.52,7.98,-1.55,0.02,-0.13,-0.01
43670,0,0,5.50,7.96,-1.56,0.02,-0.13,-0.01
43723,0,0,5.54,7.97,-1.55,0.02,-0.13,-0.01
43776,0,0,5.53,7.94,-1.54,0.02,-0.13,-0.01
43829,0,0,5.51,7.98,-1.57,0.02,-0.13,-0.01
43882,0,0,5.51,7.97,-1.58,0.02,-0.13,-0.01
43935,0,0,5.52,7.96,-1.55,0.02,-0.13,-0.01
43988,0,0,5.50,7.96,-1.53,0.02,-0.13,-0.01
44041,0,0,5.53,7.97,-1.53,0.02,-0.13,-0.01
44094,0,0,5.52,7.96,-1.57,0.02,-0.13,-0.01
44147,0,0,5.53,7.95,-1.56,0.02,-0.13,-0.01
44200,0,0,5.51,7.96,-1.56,0.02,-0.13,-0.01
44253,0,0,5.52,7.95,-1.55,0.02,-0.13,-0.01
44306,0,0,5.51,7.94,-1.54,0.02,-0.13,-0.01
44359,0,0,5.53,7.98,-1.56,0.02,-0.13,-0.01
44412,0,0,5.51,7.97,-1.53,0.02,-0.13,-0.01
44465,0,0,5.52,7.95,-1.57,0.02,-0.13,-0.01
44518,0,0,5.52,7.96,-1.55,0.02,-0.13,-0.01
44571,0,0,5.51,7.97,-1.55,0.02,-0.13,-0.01
44624,0,0,5.53,7.97,-1.55,0.02,-0.13,-0.01
44677,0,0,5.54,7.94,-1.55,0.02,-0.13,-0.01
44730,0,0,5.54,7.96,-1.56,0.02,-0.13,-0.01
44783,0,0,5.53,7.95,-1.52,0.02,-0.13,-0.01
44836,0,0,5.53,7.97,-1.58,0.02,-0.13,-0.01
44889,0,0,5.52,7.96,-1.57,0.02,-0.13,-0.01
44942,0,0,5.52,7.94,-1.55,0.02,-0.13,-0.01
44995,0,0,5.51,7.94,-1.53,0.02,-0.13,-0.01
45048,0,0,5.56,7.96,-1.52,0.02,-0.13,-0.01
45101,0,0,5.52,7.96,-1.58,0.02,-0.13,-0.01
45154,0,0,5.55,7.93,-1.56,0.02,-0.13,-0.01
45207,0,0,5.55,7.96,-1.57,0.02,-0.13,-0.01
45260,0,0,5.53,7.94,-1.55,0.02,-0.13,-0.01
45313,0,0,5.54,7.93,-1.54,0.02,-0.13,-0.01
45366,0,0,5.54,7.94,-1.54,0.02,-0.13,-0.01
45419,0,0,5.55,7.96,-1.56,0.02,-0.13,-0.01
45472,0,0,5.54,7.93,-1.56,0.02,-0.13,-0.01
45525,0,0,5.54,7.95,-1.60,0.02,-0.13,-0.01
45578,0,0,5.56,7.93,-1.51,0.02,-0.13,-0.01
45631,0,0,5.51,7.96,-1.58,0.02,-0.13,-0.02
45684,0,0,5.51,7.93,-1.60,0.02,-0.13,-0.02
45737,0,0,5.53,7.96,-1.53,0.02,-0.13,-0.02
45790,0,0,5.54,7.95,-1.53,0.02,-0.13,-0.01
45843,0,0,5.56,7.95,-1.59,0.02,-0.13,-0.02
45896,0,0,5.56,7.95,-1.54,0.02,-0.13,-0.00
45949,0,0,5.56,7.92,-1.63,0.02,-0.13,-0.01
46002,0,0,5.53,7.95,-1.50,0.02,-0.13,-0.01
46055,0,0,5.53,7.92,-1.57,0.02,-0.13,-0.01
46108,0,0,5.57,7.96,-1.54,0.02,-0.13,-0.01
46161,0,0,5.53,7.95,-1.54,0.02,-0.13,-0.01
46214,0,0,5.54,7.95,-1.54,0.02,-0.13,-0.01
46267,0,0,5.57,7.91,-1.53,0.02,-0.13,-0.01
46320,0,0,5.54,7.94,-1.55,0.02,-0.13,-0.01
46373,0,0,5.55,7.93,-1.57,0.02,-0.13,-0.01
46426,0,0,5.53,7.93,-1.54,0.02,-0.13,-0.01
46479,0,0,5.54,7.95,-1.56,0.02,-0.13,-0.01
46532,0,0,5.53,7.96,-1.59,0.02,-0.13,-0.01
46585,0,0,5.49,7.86,-1.63,-0.01,-0.14,-0.04
46638,0,0,5.53,7.91,-1.71,0.01,-0.10,-0.00
46691,0,0,5.58,8.02,-1.45,0.01,-0.13,-0.04
46744,0,0,5.60,7.97,-1.60,0.03,-0.13,-0.01
46797,0,0,5.54,7.98,-1.57,0.02,-0.13,-0.00
46850,0,0,5.55,7.94,-1.57,0.02,-0.13,-0.00
46903,0,0,5.53,7.95,-1.54,0.02,-0.13,-0.01
46956,0,0,5.60,7.91,-1.57,0.02,-0.13,-0.00
47009,0,0,5.55,7.92,-1.56,0.02,-0.13,-0.00
47062,0,0,5.55,7.92,-1.60,0.02,-0.13,-0.01
47115,0,0,5.58,7.93,-1.55,0.02,-0.12,-0.01
47168,0,0,5.54,7.91,-1.56,0.02,-0.13,-0.01
47221,0,0,5.57,7.93,-1.55,0.02,-0.13,-0.01
47274,0,0,5.55,7.94,-1.56,0.02,-0.13,-0.01
47327,0,0,5.57,7.94,-1.55,0.02,-0.13,-0.01
47380,0,0,5.57,7.93,-1.55,0.02,-0.13,-0.01
47433,0,0,5.56,7.93,-1.58,0.02,-0.13,-0.01
47486,0,0,5.58,7.92,-1.56,0.02,-0.13,-0.01
47539,0,0,5.58,7.93,-1.61,0.02,-0.13,-0.01
47592,0,0,5.55,7.95,-1.54,0.02,-0.13,-0.01
47645,0,0,5.58,7.93,-1.56,0.02,-0.13,-0.01
47698,0,0,5.56,7.96,-1.54,0.02,-0.13,-0.01
47751,0,0,5.57,7.91,-1.57,0.02,-0.13,-0.01
47804,0,0,5.57,7.90,-1.55,0.02,-0.13,-0.01
47857,0,0,5.55,7.92,-1.56,0.02,-0.13,-0.01
47910,0,0,5.56,7.92,-1.59,0.02,-0.13,-0.01
47963,0,0,5.57,7.92,-1.59,0.02,-0.13,-0.02
48016,0,0,5.55,7.93,-1.56,0.02,-0.13,-0.02
48069,0,0,5.54,7.94,-1.58,0.02,-0.13,-0.01
48122,0,0,5.56,7.92,-1.58,0.02,-0.13,-0.01
48175,0,0,5.58,7.93,-1.55,0.02,-0.13,-0.01
48228,0,0,5.56,7.95,-1.55,0.02,-0.13,-0.01
48281,0,0,5.59,7.91,-1.59,0.02,-0.13,-0.01
48334,0,0,5.58,7.94,-1.55,0.02,-0.13,-0.01
48387,0,0,5.56,7.93,-1.56,0.02,-0.13,-0.01
48440,0,0,5.59,7.92,-1.55,0.02,-0.13,-0.01
48493,0,0,5.56,7.94,-1.53,0.02,-0.13,-0.01
48546,0,0,5.61,7.89,-1.62,0.02,-0.13,-0.01
48599,0,0,5.55,7.95,-1.56,0.02,-0.13,-0.01
48652,0,0,5.59,7.92,-1.56,0.02,-0.13,-0.01
48705,0,0,5.58,7.93,-1.56,0.02,-0.13,-0.02
48758,0,0,5.56,7.94,-1.58,0.02,-0.13,-0.02
48811,0,0,5.57,7.93,-1.55,0.02,-0.13,-0.01
48864,0,0,5.58,7.92,-1.58,0.02,-0.13,-0.01
48917,0,0,5.58,7.94,-1.57,0.02,-0.13,-0.01
48970,0,0,5.58,7.91,-1.58,0.02,-0.13,-0.01
49023,0,0,5.59,7.91,-1.55,0.02,-0.13,-0.01
49076,0,0,5.57,7.92,-1.58,0.02,-0.13,-0.01
49129,0,0,5.59,7.92,-1.59,0.02,-0.13,-0.01
49182,0,0,5.60,7.91,-1.52,0.02,-0.13,-0.01
49235,0,0,5.57,7.93,-1.58,0.02,-0.13,-0.01
49288,0,0,5.57,7.92,-1.55,0.02,-0.13,-0.01
49341,0,0,5.60,7.90,-1.56,0.02,-0.13,-0.01
49394,0,0,5.62,7.90,-1.58,0.02,-0.13,-0.01
49447,0,0,5.57,7.92,-1.55,0.02,-0.13,-0.01
49500,0,0,5.60,7.93,-1.57,0.02,-0.13,-0.01
49553,0,0,5.51,7.98,-1.57,0.02,-0.13,-0.01
49606,0,0,5.60,7.95,-1.48,0.02,-0.13,-0.01
49659,0,0,5.65,7.85,-1.66,0.01,-0.13,-0.02
49712,0,0,5.50,7.98,-1.54,0.02,-0.13,-0.02
49765,0,0,5.56,7.96,-1.51,0.02,-0.13,-0.00
49818,0,0,5.58,7.88,-1.58,0.01,-0.12,-0.02
49871,0,0,5.57,7.90,-1.56,0.02,-0.13,-0.02
49924,0,0,5.60,7.91,-1.57,0.02,-0.13,-0.01
49977,0,0,5.62,7.90,-1.56,0.02,-0.13,-0.01
50030,0,0,5.58,7.90,-1.56,0.02,-0.13,-0.01
50083,0,0,5.61,7.92,-1.61,0.02,-0.13,-0.01
50136,0,0,5.60,7.91,-1.58,0.02,-0.13,-0.01
50189,0,0,5.59,7.89,-1.57,0.02,-0.13,-0.01
50242,0,0,5.60,7.91,-1.58,0.02,-0.13,-0.01
50295,0,0,5.57,7.92,-1.55,0.02,-0.13,-0.01
50348,0,0,5.61,7.88,-1.53,0.02,-0.13,-0.01
50401,0,0,5.60,7.91,-1.55,0.02,-0.13,-0.01
50454,0,0,5.59,7.90,-1.56,0.02,-0.13,-0.01
50507,0,0,5.60,7.92,-1.57,0.02,-0.13,-0.01
50560,0,0,5.60,7.92,-1.57,0.02,-0.13,-0.01
50613,0,0,5.60,7.91,-1.54,0.02,-0.13,-0.01
50666,0,0,5.58,7.91,-1.57,0.02,-0.13,-0.01
50719,0,0,5.59,7.89,-1.58,0.02,-0.13,-0.01
50772,0,0,5.59,7.91,-1.56,0.02,-0.13,-0.01
50825,0,0,5.60,7.90,-1.57,0.02,-0.13,-0.01
50878,0,0,5.59,7.92,-1.58,0.02,-0.13,-0.01
50931,0,0,5.60,7.92,-1.58,0.02,-0.13,-0.01
50984,0,0,5.62,7.94,-1.60,0.03,-0.13,0.02
51037,0,0,5.64,7.91,-1.56,0.02,-0.13,-0.01
51090,0,0,5.58,7.91,-1.58,0.03,-0.13,-0.02
51143,0,0,5.60,7.92,-1.58,0.03,-0.13,0.01
51196,0,0,5.67,7.92,-1.56,0.02,-0.13,-0.00
51249,0,0,5.68,7.94,-1.57,0.04,-0.14,-0.03
51302,0,0,4.82,7.85,-1.67,-0.03,-0.08,0.01
51355,0,0,6.14,7.81,-1.50,0.06,-0.07,-0.12
51408,0,0,5.50,8.12,-1.64,0.02,-0.12,-0.15
51461,0,0,4.70,8.01,-1.58,0.12,0.05,-0.55
51514,0,0,4.80,8.19,-1.40,0.23,0.06,-1.08
51567,0,0,5.23,8.21,-1.77,0.02,-0.12,-0.23
51620,0,0,5.01,8.46,-1.64,0.00,-0.09,0.07
51673,0,0,4.44,8.34,-1.62,0.01,-0.10,-0.01
51726,0,0,4.72,8.39,-1.60,0.01,-0.08,0.19
51779,0,0,4.71,8.21,-1.69,0.17,0.30,1.13
51832,0,0,5.49,7.92,-1.50,0.16,0.21,0.81
51885,0,0,6.04,7.56,-1.43,0.35,0.46,1.47
51938,0,0,6.37,7.09,-1.51,0.36,0.48,0.87
51991,0,0,6.96,6.52,-1.01,0.55,0.71,1.68
52044,0,0,8.26,6.40,-0.67,-0.06,0.54,-0.04
52097,0,0,7.46,5.75,-1.72,-0.49,0.88,0.88
52150,0,0,4.88,3.86,2.03,-2.29,0.81,-5.84
52203,0,0,10.67,8.44,-1.82,-0.65,0.45,-1.50
52256,0,0,5.46,8.12,1.09,-0.03,-0.12,0.02
52309,0,0,6.63,7.63,0.86,0.01,-0.16,0.22
52362,0,0,6.53,7.65,0.94,-0.14,-0.01,0.08
52415,0,0,6.27,7.77,1.38,-0.36,-0.20,-1.18
52468,0,0,5.89,8.03,1.29,-0.09,-0.11,-0.03
52521,0,0,5.97,8.01,1.34,-0.12,-0.11,0.00
52574,0,0,6.03,7.84,1.56,-0.14,-0.13,-0.02
52627,0,0,6.06,7.90,1.63,-0.29,0.07,0.00
52680,0,0,6.07,8.00,1.78,-0.34,-0.04,-0.08
52733,0,0,5.80,7.97,1.87,-0.31,0.08,-0.06
52786,0,0,5.49,8.24,2.21,-0.23,0.04,-0.09
52839,0,0,5.22,8.13,1.94,0.05,-0.54,-0.81
52892,0,0,5.39,8.30,2.07,0.02,-0.40,-0.39
52945,0,0,5.54,8.21,2.26,0.03,-0.21,-0.06
52998,0,0,5.43,8.27,2.08,0.06,-0.14,0.03
53051,0,0,5.38,8.32,2.15,-0.08,-0.04,-0.01
53104,0,0,5.66,8.42,2.31,-0.05,0.24,-0.29
53157,0,0,7.08,8.59,2.58,0.01,0.10,-0.67
53210,0,0,5.20,8.60,2.39,-0.10,0.15,-0.18
53263,0,0,4.08,8.95,2.77,-0.03,0.33,-0.34
53316,0,0,4.39,8.70,2.66,0.02,0.43,0.36
53369,0,0,3.56,7.77,2.63,0.22,0.22,-1.04
53422,0,0,3.32,9.27,2.48,0.93,0.44,0.08
53475,0,0,4.70,7.98,2.74,0.04,0.67,0.77
53528,0,0,5.26,8.35,2.57,0.07,0.27,1.05
53581,0,0,5.72,7.90,3.06,0.12,-0.25,0.37
53634,0,0,5.58,8.03,2.84,0.08,-0.57,-0.30
53687,0,0,5.39,8.29,2.59,0.04,-0.55,-0.59
53740,0,0,5.03,8.35,2.54,0.03,-0.59,-0.83
53793,0,0,4.27,8.27,2.66,0.09,-0.82,-1.13
53846,0,0,4.41,8.92,1.87,0.20,-0.45,0.28
53899,0,0,4.08,8.98,1.84,0.22,-0.54,-0.18
53952,0,0,4.20,8.91,1.84,0.07,-0.15,0.11
54005,0,0,3.87,8.71,1.78,0.17,-0.41,0.15
54058,0,0,4.68,9.06,1.63,-0.01,-0.20,0.05
54111,0,0,4.07,8.89,1.79,-0.12,-0.21,-0.56
54164,0,0,3.76,9.11,1.87,-0.01,-0.23,-0.27
54217,0,0,4.04,9.06,1.74,0.18,-0.19,0.30
54270,0,0,4.16,8.83,1.70,0.09,-0.22,-0.12
54323,0,0,3.98,8.87,1.81,0.38,-0.01,1.17
54376,0,0,6.83,9.22,2.65,0.52,-0.68,0.84
54429,0,0,4.96,9.01,0.33,0.25,0.02,1.51
54482,0,0,6.67,8.13,1.92,0.02,0.14,0.16
54535,0,0,5.94,8.16,1.07,0.70,-0.59,0.11
54588,0,0,5.84,7.96,-0.01,0.44,-0.28,-0.05
54641,0,0,5.63,8.32,0.44,0.30,-0.33,0.43
54694,0,0,8.07,9.19,1.86,0.98,0.78,1.31
54747,0,0,7.17,8.20,0.62,0.66,0.34,2.10
54800,0,0,10.60,8.33,2.25,0.23,-2.14,2.08
54853,0,0,1.51,2.25,-3.80,-2.78,-0.45,-1.77
54906,0,0,5.97,9.91,-0.16,-0.58,0.09,-0.97
54959,0,0,6.32,7.76,0.73,-0.03,0.01,0.18
55012,0,0,6.52,7.60,0.56,-0.01,-0.10,0.10
55065,0,0,6.13,7.89,0.58,0.03,-0.16,-0.21
55118,0,0,6.11,7.92,0.58,0.03,-0.22,-0.37
55171,0,0,6.33,7.75,0.54,-0.04,-0.21,-0.04
55224,0,0,5.71,8.18,0.47,-0.11,-0.36,-0.23
55277,0,0,6.19,7.79,0.32,-0.28,-0.58,-0.39
55330,0,0,5.11,8.58,0.56,-0.07,-0.32,-0.34
55383,0,0,6.05,7.20,0.74,-0.04,-0.35,0.24
55436,0,0,4.50,8.87,0.68,-0.07,-0.20,-0.24
55489,0,0,5.49,8.34,0.37,0.14,0.00,-0.04
55542,0,0,5.09,8.55,0.32,0.09,-0.01,-0.11
55595,0,0,5.41,8.36,0.41,0.14,0.07,-0.01
55648,0,0,5.37,8.39,0.40,0.07,-0.10,-0.16
55701,0,0,4.89,8.66,0.19,-0.07,-0.40,-0.73
55754,0,0,5.47,8.43,1.03,0.22,0.52,0.98
55807,0,0,5.66,8.19,0.48,-0.04,-0.11,-0.21
55860,0,0,5.50,8.30,0.42,0.08,-0.12,0.20
55913,0,0,5.76,8.08,0.28,-0.27,-0.54,-0.55
55966,0,0,5.02,8.59,0.44,-0.10,-0.47,-0.38
56019,0,0,5.68,8.05,0.17,-0.17,-0.17,-0.22
56072,0,0,5.94,7.65,0.21,-0.62,-1.47,-4.89
56125,0,0,2.75,9.75,0.42,0.01,-0.71,0.18
56178,0,0,5.07,8.48,0.45,0.07,-0.03,0.55
56231,0,0,4.22,9.08,0.85,-0.23,-0.29,-1.73
56284,0,0,3.76,9.06,0.20,-0.38,-0.22,-0.84
56337,0,0,3.30,9.28,0.62,-0.03,-0.39,0.20
56390,0,0,3.07,9.67,1.19,0.12,-0.05,0.39
56443,0,0,5.05,8.95,0.40,0.24,-0.04,-0.29
56496,0,0,4.39,8.88,0.43,0.15,-0.06,0.64
56549,0,0,4.93,8.52,0.16,0.19,-0.14,0.39
56602,0,0,4.72,8.73,0.34,0.03,-0.13,0.01
56655,0,0,4.71,8.72,0.31,0.04,-0.12,0.05
56708,0,0,4.65,8.77,0.28,0.02,-0.12,-0.01
56761,0,0,4.79,8.68,0.30,-0.04,-0.14,-0.20
56814,0,0,4.64,8.74,0.21,-0.13,-0.22,-0.51
56867,0,0,4.23,8.95,0.33,-0.00,-0.19,-0.15
56920,0,0,3.91,9.44,0.77,0.26,-0.31,0.26
56973,0,0,4.50,8.76,0.25,-0.08,-0.12,-0.05
57026,0,0,4.75,8.57,0.17,-0.04,-0.16,-0.29
57079,0,0,4.05,9.01,0.36,-0.05,-0.27,-0.52
57132,0,0,4.00,9.01,0.36,-0.02,-0.13,-0.10
57185,0,0,4.27,9.00,0.41,0.01,0.13,0.45
57238,0,0,4.43,8.87,0.29,0.07,0.12,0.88
57291,0,0,4.68,8.65,0.34,0.19,0.12,0.75
57344,0,0,4.82,8.56,0.37,0.14,0.06,1.10
57397,0,0,3.15,9.48,0.20,-0.12,-0.09,-0.01
57450,0,0,3.96,9.07,0.28,0.02,-0.12,0.03
57503,0,0,4.47,8.79,0.29,0.07,-0.13,0.02
57556,0,0,4.44,8.85,0.35,0.02,-0.11,0.03
57609,0,0,3.55,9.96,1.16,0.29,-0.83,-1.25
57662,0,0,3.77,8.87,-0.27,-0.15,-0.64,-1.59
57715,0,0,1.21,10.18,-0.02,-0.60,-0.53,-1.50
57768,0,0,2.23,9.71,0.57,-0.51,0.10,-0.16
57821,0,0,3.40,8.66,0.11,0.28,-0.08,-0.97
57874,0,0,4.00,10.02,-1.53,-0.13,-2.15,-0.52
57927,0,0,-0.50,9.91,1.41,-0.11,-1.53,1.96
57980,0,0,1.43,9.77,0.28,-0.87,0.19,-0.03
58033,0,0,1.17,9.63,1.05,-0.73,-0.84,-2.29
58086,0,0,1.04,9.64,0.81,-0.07,-0.09,-0.15
58139,0,0,1.76,9.33,1.15,0.17,-0.49,-1.51
58192,0,0,0.14,9.76,0.73,0.02,0.18,-0.14
58245,0,0,0.08,9.76,1.47,-0.70,-0.14,0.16
58298,0,0,0.29,9.71,1.37,-0.87,-0.17,0.23
58351,0,0,0.51,9.81,1.35,0.28,-0.21,-0.23
58404,0,0,2.22,9.63,-0.63,0.80,-0.18,-0.17
58457,0,0,-2.97,10.11,4.85,0.38,-0.99,-0.11
58510,0,0,0.77,9.73,0.92,0.62,-0.25,-0.16
58563,0,0,0.61,9.49,-0.90,0.02,-0.08,-0.04
58616,0,0,0.09,9.63,-0.00,0.02,-0.56,0.03
58669,0,0,0.33,9.68,0.41,0.05,-0.15,-0.03
58722,0,0,0.14,9.83,1.67,0.18,-0.32,-0.03
58775,0,0,-0.02,9.73,0.79,-0.39,0.32,0.01
58828,0,0,0.24,9.77,1.52,0.11,-0.08,-0.04
58881,0,0,0.93,9.83,1.35,-0.16,-0.10,0.01
58934,0,0,-4.36,10.64,3.78,2.26,0.97,8.73
58987,0,0,2.56,7.87,-1.28,1.28,3.10,1.74
59040,0,0,7.31,6.92,0.73,0.79,2.47,-1.01
59093,0,0,6.06,8.73,1.34,0.28,0.05,-0.12
59146,0,0,2.50,9.26,-0.75,-0.36,-0.44,-0.15
59199,0,0,3.01,9.27,-1.01,0.07,-0.03,0.33
59252,0,0,3.60,9.19,0.45,0.07,0.02,-0.02
59305,0,0,3.37,9.31,0.45,0.11,-0.02,0.30
59358,0,0,4.50,8.90,1.73,-0.20,1.24,0.48
59411,0,0,4.28,8.79,1.46,-0.93,0.25,-1.46
59464,0,0,3.04,9.56,1.59,0.32,0.46,1.04
59517,0,0,3.37,9.50,2.11,-0.02,0.39,-0.43
59570,0,0,4.49,8.81,-3.92,1.10,0.05,1.06
59623,0,0,1.98,9.69,-2.61,1.34,0.52,2.26
59676,0,0,4.42,9.14,2.01,-0.88,0.35,-1.10
59729,0,0,3.83,9.13,1.39,0.08,-0.00,0.52
59782,0,0,3.45,9.29,0.82,0.61,-0.45,0.32
59835,0,0,3.90,9.16,1.22,0.36,-0.28,0.23
59888,0,0,3.93,9.11,0.79,0.09,-0.17,-0.28
59941,0,0,3.57,8.87,-1.24,0.67,-0.70,0.78
59994,0,0,5.00,9.13,2.46,0.08,-0.25,-0.16
60047,0,0,4.52,8.49,-1.01,-0.05,-0.15,-0.11
60100,0,0,4.89,8.63,0.68,-0.00,-0.24,-0.19
60153,0,0,3.85,9.18,0.61,-0.36,-0.62,-0.84
60206,0,0,2.93,9.50,0.20,0.10,-0.34,-1.16
60259,0,0,1.34,10.13,0.75,0.29,0.13,-1.09
60312,0,0,3.76,8.99,-0.57,0.53,1.34,-0.74
60365,0,0,4.45,8.87,0.29,0.16,0.25,-0.39
60418,0,0,2.04,9.62,0.07,0.03,-0.14,-0.09
60471,0,0,2.21,9.42,-0.54,0.08,-0.01,0.07
60524,0,0,2.29,9.47,-0.31,0.04,-0.02,0.07
60577,0,0,2.30,9.52,-0.50,0.03,-0.25,-0.43
60630,0,0,3.16,9.17,0.47,0.13,-0.04,0.35
60683,0,0,2.62,9.45,0.49,0.00,-0.08,0.18
60736,0,0,1.82,9.87,0.37,0.06,-0.03,0.21
60789,0,0,2.21,9.58,0.12,0.06,0.05,-0.06
60842,0,0,2.41,9.56,0.06,0.08,0.20,-0.16
60895,0,0,2.89,9.29,-0.02,0.13,0.17,-0.18
60948,0,0,2.43,9.50,0.29,0.09,0.18,-0.12
61001,0,0,3.16,9.14,-0.00,0.04,-0.09,-0.06
61054,0,0,2.53,9.49,0.00,0.08,-0.05,0.37
61107,0,0,2.15,9.67,0.00,0.02,-0.12,0.02
61160,0,0,2.24,9.60,0.06,0.00,-0.19,-0.23
61213,0,0,2.70,9.49,0.03,0.02,-0.12,-0.14
61266,0,0,2.73,9.41,-0.03,0.06,-0.08,0.19
61319,0,0,2.52,9.48,-0.01,0.01,-0.07,0.23
61372,0,0,2.39,9.48,-0.18,-0.04,-0.18,-0.04
61425,0,0,2.94,9.32,-0.05,0.11,-0.09,0.08
61478,0,0,3.09,9.28,0.02,0.09,-0.12,0.08
61531,0,0,2.99,9.33,-0.06,0.07,-0.11,0.12
61584,0,0,2.87,9.46,0.08,0.03,-0.13,-0.05
61637,0,0,2.88,9.41,0.05,0.01,-0.13,-0.04
61690,0,0,2.71,9.31,-0.26,0.03,-0.17,0.16
61743,0,0,3.51,9.09,-0.04,0.13,-0.06,0.36
61796,0,0,3.22,9.28,-0.11,0.14,-0.10,0.32
61849,0,0,3.24,9.22,-0.27,0.12,-0.13,0.35
61902,0,0,3.43,9.13,-0.26,0.01,-0.12,-0.00
61955,0,0,3.39,9.27,-0.04,-0.11,-0.08,-0.11
62008,0,0,3.40,9.24,-0.00,0.10,-0.13,0.15
62061,0,0,3.47,9.23,-0.06,0.03,-0.12,0.14
62114,0,0,3.58,9.19,-0.04,0.02,-0.11,-0.01
62167,0,0,3.67,9.12,-0.09,-0.00,-0.06,0.02
62220,0,0,3.45,9.19,-0.09,-0.05,-0.13,-0.23
62273,0,0,3.38,9.19,-0.09,-0.14,-0.23,-0.20
62326,0,0,3.62,9.13,0.05,0.07,-0.08,0.08
62379,0,0,3.55,9.14,-0.17,0.03,0.09,0.38
62432,0,0,3.22,9.34,0.17,0.09,-0.05,0.25
62485,0,0,3.77,9.06,-0.05,0.15,0.02,0.43
62538,0,0,3.83,9.07,-0.18,0.08,-0.02,0.29
62591,0,0,3.74,9.03,-0.46,0.15,0.11,0.29
62644,0,0,4.64,8.62,-0.13,-0.04,0.10,0.07
62697,0,0,4.17,9.01,0.26,-0.22,0.13,-0.18
62750,0,0,3.93,9.09,0.19,-0.07,-0.08,-0.49
62803,0,0,3.73,9.14,0.27,-0.22,-0.13,-0.53
62856,0,0,3.46,9.22,0.37,-0.21,-0.11,-0.46
62909,0,0,3.30,9.26,0.50,-0.14,-0.16,-0.39
62962,0,0,3.13,9.34,0.53,-0.05,-0.08,-0.17
63015,0,0,2.95,9.45,0.63,0.01,-0.14,-0.07
63068,0,0,2.49,6.27,-8.41,1.64,-0.08,1.69
63121,0,0,5.17,9.03,1.10,-0.05,0.10,-2.32
63174,0,0,4.10,8.74,-1.11,0.17,-0.25,0.29
63227,0,0,4.25,8.87,-0.10,0.19,-0.12,0.29
63280,0,0,5.16,8.74,1.37,0.13,-0.03,0.15
63333,0,0,4.47,8.52,-0.84,-0.14,0.49,5.39
63386,0,0,8.20,6.55,0.86,1.79,1.64,4.56
63439,0,0,12.74,0.51,1.65,-0.69,-2.03,-8.64
63492,0,0,4.61,9.45,2.24,-1.12,-2.20,0.08
63545,0,0,2.30,10.40,0.44,-0.41,-0.84,-0.40
63598,0,0,4.36,8.95,0.33,-1.66,-0.48,-0.76
63651,0,0,4.48,8.98,1.14,0.55,-0.13,1.92
63704,0,0,7.18,8.00,0.67,0.55,0.21,3.21
63757,0,0,3.41,9.69,1.45,-0.58,-0.36,-1.23
63810,0,0,5.71,7.99,0.16,-0.34,0.10,-0.34
63863,0,0,4.28,9.11,1.54,-0.08,-0.09,0.30
63916,0,0,4.55,8.86,1.08,0.09,-0.37,0.03
63969,0,0,4.94,8.56,0.61,0.18,-0.37,0.23
64022,0,0,4.85,8.68,0.66,0.29,-0.44,0.30
64075,0,0,4.90,8.75,0.73,0.45,-0.48,0.29
64128,0,0,5.82,7.94,-0.21,0.33,-0.07,-0.34
64181,0,0,4.63,8.65,-0.73,0.25,-0.23,-0.03
64234,0,0,4.85,8.52,-0.48,-0.09,-0.19,-0.47
64287,0,0,4.50,8.68,-0.15,-0.17,-0.21,-0.72
64340,0,0,3.90,9.14,-0.09,-0.14,-0.12,-0.31
64393,0,0,4.02,9.00,0.09,-0.04,0.06,-0.16
64446,0,0,4.02,9.05,0.13,-0.01,0.06,-0.22
64499,0,0,4.11,9.05,0.29,-0.06,-0.17,-0.45
64552,0,0,4.30,8.86,0.74,-0.05,-0.32,-1.46
64605,0,0,1.82,10.19,-0.34,0.23,-0.40,-1.73
64658,0,0,3.45,9.33,0.19,0.17,0.32,0.25
64711,0,0,1.81,10.20,0.02,-0.50,0.32,0.35
64764,0,0,2.84,9.14,0.20,-0.02,0.18,-0.29
64817,0,0,2.30,9.19,0.58,-0.37,0.13,0.14
64870,0,0,1.92,9.97,1.38,0.07,0.42,0.46
64923,0,0,3.21,9.38,1.10,0.54,0.63,0.69
64976,0,0,4.09,8.70,-0.40,0.31,0.29,0.56
65029,0,0,3.62,9.13,0.08,0.11,0.03,0.38
65082,0,0,4.04,8.94,-0.25,0.07,0.05,-0.05
65135,0,0,3.69,9.21,0.26,0.03,-0.15,0.11
65188,0,0,3.52,9.45,0.52,0.26,-0.26,0.33
65241,0,0,3.77,9.19,-0.04,0.28,0.29,1.38
65294,0,0,4.64,8.73,-0.23,0.51,-0.07,1.23
65347,0,0,5.52,8.15,-0.53,0.50,0.45,1.87
65400,0,0,6.44,7.57,-0.36,0.29,0.15,0.79
65453,0,0,6.41,7.59,-0.20,0.32,0.23,1.06
65506,0,0,6.25,7.62,-0.42,0.07,0.22,0.59
65559,0,0,7.26,6.96,0.01,0.10,0.26,0.53
65612,0,0,7.29,7.11,0.99,-0.36,0.06,0.21
65665,0,0,6.81,7.09,-0.95,-0.45,-0.02,-0.02
65718,0,0,7.33,7.03,1.20,-0.26,0.41,-0.00
65771,0,0,7.12,6.94,0.06,-0.22,0.25,0.05
65824,0,0,7.19,7.02,0.84,-0.22,-0.18,0.35
65877,0,0,7.34,6.77,0.33,-0.01,-0.18,0.05
65930,0,0,7.14,7.20,1.50,-1.06,-1.25,0.10
65983,0,0,8.09,5.99,1.46,1.13,-0.21,0.71
66036,0,0,7.52,6.56,-0.08,0.53,-0.46,0.41
66089,0,0,7.55,6.81,0.26,0.13,-0.51,-0.10
66142,0,0,7.71,6.49,-0.28,-0.02,-0.29,-0.54
66195,0,0,7.64,6.65,-1.58,-0.31,-0.28,0.42
66248,0,0,6.69,7.45,-0.33,-0.78,-0.06,-0.20
66301,0,0,8.49,6.41,2.39,-0.36,0.80,-0.36
66354,0,0,6.10,8.21,1.29,-0.51,0.60,-1.07
66407,0,0,5.77,8.18,2.78,-0.60,1.01,-1.61
66460,0,0,5.54,7.13,5.37,-0.31,2.18,-1.13
66513,0,0,2.53,3.55,4.30,-2.83,3.93,-0.78
66566,4095,0,7.47,8.71,8.32,-5.59,3.62,-1.42
66619,0,0,6.61,12.77,9.45,-2.48,0.14,-2.48
66672,0,0,4.34,10.96,5.85,1.58,-1.80,-1.31
66725,0,0,2.85,7.28,8.56,2.96,-1.99,0.05
66778,0,0,0.04,5.38,5.81,2.00,-1.12,-0.15
66831,0,0,1.01,5.66,5.32,-0.16,1.14,-0.08
66884,0,0,3.71,8.16,6.73,-0.90,0.99,-1.04
66937,0,0,3.02,9.94,6.12,0.03,-0.60,-1.39
66990,0,0,0.45,9.83,4.89,1.12,-1.05,-1.52
67043,0,0,1.81,4.84,6.82,0.51,0.31,-0.98
67096,0,0,1.26,5.83,5.37,-1.89,-0.72,-1.01
67149,0,0,-1.15,9.65,7.07,-2.00,-0.86,-0.41
67202,0,0,0.37,10.03,6.91,0.49,0.81,0.44
67255,0,0,1.36,8.50,7.00,2.31,0.59,0.13
67308,0,0,1.81,3.34,8.79,1.28,-0.82,0.26
67361,0,0,-1.46,7.05,6.18,-1.89,-0.29,-0.56
67414,0,0,0.60,10.57,7.75,-1.04,0.80,-0.27
67467,0,0,-0.34,10.37,7.33,0.75,0.04,0.22
67520,0,0,-0.33,7.55,7.04,1.09,1.19,0.01
67573,0,0,0.71,6.62,5.98,0.52,0.83,0.30
67626,0,0,0.60,6.67,4.89,0.09,0.81,0.32
67679,0,0,1.48,8.41,7.05,-0.60,0.35,-0.32
67732,0,0,-1.17,9.26,5.03,-0.58,-0.67,-0.25
67785,0,0,-0.51,7.80,6.51,0.02,0.77,0.04
67838,0,0,-0.68,6.84,6.30,-0.52,0.59,-0.05
67891,0,0,-1.01,8.90,6.97,-0.94,0.63,0.09
67944,0,0,0.22,8.94,5.71,0.23,0.72,0.57
67997,0,0,-0.61,7.41,5.97,0.41,-0.22,0.40
68050,0,0,-1.02,7.10,6.49,-0.21,-0.15,0.32
68103,0,0,0.00,8.24,6.69,-0.16,0.10,0.60
68156,0,0,1.05,6.75,7.37,-0.06,-0.62,0.99
68209,0,0,-1.39,7.35,7.26,-0.60,-0.67,0.23
68262,0,0,-1.20,8.19,7.51,-0.31,1.12,0.23
68315,0,0,1.09,7.25,7.30,-0.54,0.95,0.20
68368,0,0,1.03,7.45,7.21,-0.14,0.71,0.34
68421,0,0,0.50,5.61,7.34,0.00,0.40,0.88
68474,0,0,-0.99,8.37,5.94,-0.88,-0.55,0.31
68527,0,0,-2.50,7.77,7.29,0.49,0.50,0.65
68580,0,0,-0.34,6.11,7.16,0.55,1.29,0.81
68633,0,0,0.33,7.18,6.76,0.04,2.06,0.60
68686,0,0,1.77,7.19,7.79,-0.11,0.62,0.68
68739,0,0,-0.39,8.42,6.51,0.02,0.55,0.67
68792,0,0,-0.70,8.22,7.27,0.13,0.91,0.62
68845,0,0,0.14,7.02,6.83,-0.50,0.68,0.22
68898,0,0,-1.15,7.87,7.27,-0.71,0.88,-0.19
68951,0,0,-1.25,8.93,6.49,0.86,1.61,0.55
69004,0,0,0.29,6.21,6.44,0.68,-0.48,0.67
69057,0,0,-3.79,7.49,5.43,-0.29,0.36,0.30
69110,0,0,0.83,7.18,7.75,-0.14,1.18,0.18
69163,0,0,-0.99,7.30,6.24,0.21,-0.05,0.99
69216,0,0,-0.92,8.49,7.52,-0.40,-0.33,0.83
69269,0,0,-1.74,8.67,6.50,-0.36,-0.41,0.81
69322,0,0,-2.51,9.89,6.27,0.12,0.66,-0.22
69375,0,0,-0.53,6.89,6.92,0.43,1.60,0.38
69428,0,0,0.25,8.83,5.49,-0.38,0.56,-0.15
69481,0,0,-0.32,8.24,5.57,0.28,0.81,0.21
69534,0,0,0.68,7.46,5.99,-0.04,-1.00,0.66
69587,0,0,-1.57,7.82,7.85,-0.54,-0.27,0.27
69640,0,0,-0.54,9.01,6.23,-0.27,-0.18,0.41
69693,0,0,0.17,8.35,6.21,0.63,0.43,0.96
69746,0,0,1.71,6.63,6.52,-0.42,0.11,-0.17
69799,0,0,0.55,6.17,6.40,-1.61,-1.04,0.69
69852,0,0,1.46,9.35,7.24,-2.14,-2.37,-0.00
69905,0,0,-1.02,7.88,7.69,-0.69,-1.42,-0.05
69958,0,0,-1.07,6.92,11.02,-0.20,-0.36,-0.96
70011,0,0,-0.35,7.21,8.76,0.17,0.36,0.05
70064,0,0,2.29,5.07,9.22,0.32,0.79,0.98
70117,0,0,2.73,6.45,6.88,-0.29,-0.11,0.20
70170,0,0,1.79,7.42,8.08,-0.02,-0.88,0.68
70223,0,0,-1.79,5.59,8.97,-0.14,0.90,0.76
70276,0,0,3.96,6.89,8.30,-0.12,2.49,0.60
70329,0,0,4.24,6.12,7.62,-0.85,-0.26,0.33
70382,0,0,1.50,6.27,7.92,-1.05,-1.35,-0.20
70435,0,0,1.87,7.48,9.02,-0.57,-1.04,-0.68
70488,0,0,2.85,4.60,8.99,-0.44,-1.42,-0.96
70541,0,0,2.46,3.77,9.16,-0.92,-1.05,-0.97
70594,0,0,2.73,6.72,9.38,-0.56,-1.83,-1.97
70647,0,0,0.81,4.55,10.89,1.03,-1.51,-0.52
70700,0,0,2.15,4.72,9.39,-0.37,0.96,-1.74
70753,0,0,3.82,6.30,8.23,0.27,-0.23,-1.01
70806,0,0,2.55,4.36,8.22,0.14,-0.32,-0.90
70859,0,0,1.74,5.53,9.08,0.16,-1.18,-0.27
70912,0,0,2.51,7.78,7.37,1.60,-0.06,0.22
70965,0,0,1.88,6.16,8.66,1.92,-1.63,1.23
71018,0,0,-0.67,7.60,8.14,1.27,1.71,0.79
71071,0,0,1.37,5.00,9.02,0.48,2.08,0.92
71124,0,0,3.38,3.83,7.84,-0.43,3.08,1.30
71177,0,0,6.84,3.92,9.28,-2.78,2.53,0.17
71230,0,0,6.43,10.94,7.47,-2.13,-1.38,-0.33
71283,0,0,0.50,4.93,9.84,-0.23,-2.03,0.78
71336,0,0,-0.16,5.77,10.27,-0.79,0.60,-0.53
71389,0,0,3.68,4.80,9.96,0.97,0.92,1.44
71442,0,0,3.31,3.99,8.16,-0.03,0.31,0.45
71495,0,0,5.13,5.46,8.50,0.02,-0.67,0.02
71548,0,0,2.48,3.26,9.42,-0.42,-1.16,0.10
71601,0,0,2.35,4.10,8.86,-1.15,-0.23,-0.51
71654,0,0,3.94,4.37,8.96,-0.31,-0.66,-0.37
71707,0,0,2.88,3.11,10.19,-0.13,-0.86,0.02
71760,0,0,2.42,3.40,9.71,-0.58,0.44,-0.61
71813,0,0,4.53,2.80,9.87,-0.70,0.31,-0.31
71866,0,0,3.96,4.28,8.11,-1.30,-0.34,-0.64
71919,0,0,1.84,4.87,11.03,0.47,-1.07,0.22
71972,0,0,4.23,2.75,9.11,0.87,0.18,0.37
72025,0,0,5.03,3.20,9.80,0.11,-1.11,-0.15
72078,0,0,1.05,3.53,9.86,0.07,-0.24,-0.22
72131,0,0,5.39,3.44,9.03,0.36,0.50,-0.00
72184,0,0,4.17,3.90,9.32,0.11,-0.82,-0.10
72237,0,0,2.60,3.90,9.24,0.16,-0.21,-0.03
72290,0,0,4.95,3.65,9.81,0.21,0.00,0.08
72343,0,0,3.29,3.84,9.06,0.15,-0.09,0.20
72396,0,0,4.75,3.63,9.08,-0.19,0.01,-0.06
72449,0,0,4.02,4.02,9.56,0.14,-0.56,0.06
72502,0,0,3.13,4.82,10.09,0.50,-0.16,0.24
72555,0,0,3.72,4.19,10.34,0.88,0.52,0.48
72608,0,0,5.37,4.16,9.16,0.12,0.24,-0.07
72661,0,0,5.14,5.83,9.82,-0.43,0.37,-1.74
72714,0,0,6.05,5.23,6.95,-0.81,-0.58,-2.28
72767,0,0,-0.40,-0.23,8.38,-1.50,0.71,-5.85
72820,0,0,-0.14,5.33,11.68,-1.11,2.49,-0.68
72873,0,0,-1.98,4.76,8.13,-0.37,2.57,-0.23
72926,0,0,-6.34,4.29,17.09,0.78,2.01,1.45
72979,0,0,-0.17,-3.95,5.37,4.16,-0.19,2.44
73032,0,0,9.87,2.42,10.37,0.46,1.04,-1.48
73085,0,0,-2.81,2.32,9.71,-1.12,1.28,-1.27
73138,0,0,-3.66,5.01,8.50,-1.91,1.47,-0.34
73191,0,0,-0.93,7.17,10.59,0.17,-1.55,0.61
73244,0,0,-1.64,6.45,6.67,1.77,-5.60,0.13
73297,0,0,-1.98,7.72,8.50,0.47,-3.03,0.16
73350,0,0,1.46,5.67,9.50,1.19,-0.58,-0.36
73403,0,0,-0.23,4.75,9.32,0.73,-0.46,-0.23
73456,0,0,-0.02,6.20,7.87,-0.13,-0.21,-0.07
73509,0,0,1.73,6.63,5.66,-0.31,0.20,-0.47
73562,0,0,0.74,10.55,6.05,-0.76,-0.24,-1.09
73615,0,0,-0.35,5.19,9.97,0.93,0.15,-0.40
73668,0,0,0.79,5.94,8.93,0.81,0.62,-0.14
73721,0,0,1.13,6.21,7.58,-0.32,-0.21,-0.35
73774,0,0,0.64,7.49,7.17,-0.43,-1.14,-0.98
73827,0,0,-1.89,7.48,6.45,1.01,-1.10,-0.69
73880,0,0,-0.36,6.30,8.55,0.31,-0.14,-1.11
73933,0,0,-1.83,4.94,7.77,-0.00,-1.02,-1.24
73986,0,0,-3.83,6.13,8.38,-0.73,-1.67,-1.50
74039,0,0,-3.11,6.14,7.94,0.67,-0.07,-0.65
74092,0,0,-2.43,5.12,8.56,0.12,0.87,-0.27
74145,0,0,-2.46,4.34,8.22,-0.14,1.13,0.57
74198,0,0,-2.96,5.12,6.78,-0.45,0.46,1.14
74251,0,0,-1.74,5.01,7.25,-0.77,1.06,1.29
74304,0,0,0.65,5.05,6.76,-1.05,1.16,1.32
74357,0,0,-2.30,6.94,5.98,-1.55,-0.55,1.38
74410,0,0,-0.67,7.13,6.93,-0.84,0.53,1.19
74463,0,0,-0.57,4.14,9.56,0.27,2.59,1.78
74516,0,0,4.33,3.90,12.57,0.91,0.16,0.34
74569,0,0,-2.86,7.38,11.02,-3.64,-3.46,-0.57
74622,0,0,-2.58,9.06,8.03,-2.17,-2.31,-0.38
74675,0,0,1.29,7.73,7.67,0.56,-0.63,-1.00
74728,0,0,1.00,2.41,10.44,1.01,-0.56,-0.98
74781,0,0,-0.28,4.20,10.18,-0.10,-0.09,-1.04
74834,0,0,0.34,5.40,9.11,0.09,1.38,0.04
74887,0,0,2.76,5.63,9.31,1.03,1.19,0.24
74940,0,0,-0.98,-0.47,30.26,2.38,-3.26,-1.13
74993,0,0,0.62,5.98,8.75,2.31,-0.50,2.18
75046,0,0,3.26,6.76,9.07,-0.02,0.51,0.47
75099,0,0,0.41,7.00,7.88,0.08,1.44,0.34
75152,0,0,0.69,6.58,7.94,1.11,1.12,0.51
75205,0,0,0.73,6.39,8.05,-0.22,0.02,0.07
75258,0,0,1.34,6.79,8.47,-1.21,-0.62,-0.89
75311,0,0,1.98,5.32,9.64,-0.75,-0.64,-2.38
75364,0,0,0.77,9.27,8.88,0.38,-1.36,-1.09
75417,0,0,0.21,4.00,9.41,0.79,-1.00,-0.47
75470,0,0,-0.50,3.45,9.97,-0.25,-0.79,-0.03
75523,0,0,2.12,5.78,8.55,-1.18,-0.56,-0.26
75576,0,0,-1.19,5.70,6.94,-0.31,0.19,0.38
75629,0,0,2.71,6.70,7.90,0.14,0.01,-0.11
75682,0,0,0.89,5.58,8.39,0.52,-0.45,-0.26
75735,0,0,2.40,6.91,9.36,3.89,-0.71,0.45
75788,0,0,0.56,7.43,7.68,2.63,-0.68,1.59
75841,0,0,3.23,7.58,5.58,1.61,0.24,0.63
75894,0,0,2.45,8.41,6.06,-0.87,0.23,-0.66
75947,0,0,1.63,7.62,7.22,-1.54,-0.12,-0.53
76000,0,0,2.19,7.34,7.12,-0.01,-0.65,0.10
76053,0,0,2.09,7.67,6.94,0.70,-0.55,0.27
76106,0,0,2.54,7.88,7.39,-0.03,-0.39,0.01
76159,0,0,1.93,7.76,7.24,0.31,-0.19,0.13
76212,0,0,3.36,7.36,6.50,-0.23,-0.47,0.05
76265,0,0,2.73,7.29,6.43,-0.39,-0.70,-0.04
76318,0,0,2.87,7.48,6.78,-0.02,-0.41,-0.07
76371,0,0,2.64,7.58,7.03,0.26,0.11,-0.07
76424,0,0,2.76,7.58,6.68,0.33,0.08,0.13
76477,0,0,3.16,7.52,6.42,0.32,0.09,0.16
76530,0,0,3.12,7.54,6.43,-0.02,-0.35,0.14
76583,0,0,3.39,7.48,6.47,0.02,-0.57,0.11
76636,0,0,3.22,7.45,6.41,0.03,-0.71,0.01
76689,0,0,3.64,7.53,6.31,-0.00,-1.08,0.17
76742,0,0,4.10,7.56,6.11,0.01,-0.77,0.20
76795,0,0,4.15,7.36,6.16,-0.45,-0.44,-0.01
76848,0,0,4.17,7.19,6.37,-0.50,-0.56,-0.10
76901,0,0,4.37,7.23,6.06,-0.19,-0.60,-0.11
76954,0,0,4.26,7.20,6.24,0.08,-0.36,-0.05
77007,0,0,4.31,7.26,6.10,0.19,-0.20,-0.04
77060,0,0,4.25,7.38,6.31,0.15,-0.10,0.04
77113,0,0,4.34,7.42,6.10,-0.01,-0.14,0.03
77166,0,0,4.29,7.21,6.06,-0.20,0.37,-0.13
77219,0,0,3.79,7.17,6.60,-0.62,0.12,-0.66
77272,0,0,3.82,7.26,6.46,-0.21,0.27,-0.82
77325,0,0,3.31,7.40,6.88,0.20,0.06,-0.27
77378,0,0,3.14,7.30,6.85,0.05,-0.03,-0.20
77431,0,0,3.08,7.34,7.01,-0.06,0.10,-0.05
77484,0,0,2.94,7.27,6.90,-0.17,0.07,-0.14
77537,0,0,2.89,7.22,6.95,0.07,0.12,-0.02
77590,0,0,2.77,7.32,7.02,0.07,0.12,-0.02
77643,0,0,2.75,7.24,6.98,0.08,-0.13,0.02
77696,0,0,2.86,7.27,6.93,0.11,-0.33,0.03
77749,0,0,2.79,7.40,6.92,0.21,-0.35,0.02
77802,0,0,2.82,7.43,6.72,0.10,-0.26,-0.02
77855,0,0,2.88,7.48,6.85,0.07,-0.29,-0.03
77908,0,0,3.00,7.49,6.76,0.10,-0.35,-0.00
77961,0,0,3.05,7.46,6.58,0.00,-0.10,-0.02
78014,0,0,2.95,7.44,6.63,0.03,0.05,-0.02
78067,0,0,2.86,7.49,6.69,0.09,0.28,-0.01
78120,0,0,2.75,7.53,6.73,0.11,0.16,0.00
78173,0,0,2.70,7.53,6.75,0.14,0.24,-0.00
78226,0,0,2.65,7.58,6.73,0.06,0.04,0.01
78279,0,0,2.68,7.55,6.73,0.07,-0.01,0.00
78332,0,0,2.68,7.57,6.74,0.04,-0.13,0.05
78385,0,0,2.71,7.57,6.72,-0.07,-0.29,0.04
78438,0,0,2.63,7.53,6.61,-0.14,-0.33,0.02
78491,0,0,2.65,7.54,6.78,0.07,-0.01,-0.02
78544,0,0,2.71,7.58,6.72,0.13,0.22,-0.01
78597,0,0,2.52,7.50,6.78,0.05,0.30,-0.01
78650,0,0,2.42,7.54,6.84,0.01,0.13,-0.01
78703,0,0,2.53,7.54,6.83,0.02,-0.03,-0.02
78756,0,0,2.45,7.52,6.85,0.03,-0.12,-0.03
78809,0,0,2.35,7.54,6.71,0.05,0.13,-0.03
78862,0,0,2.08,7.65,6.84,0.17,0.50,-0.06
78915,0,0,1.96,7.67,6.80,0.09,0.38,-0.02
78968,0,0,1.80,7.68,6.90,0.16,0.39,0.01
79021,0,0,1.83,7.68,6.78,0.04,0.16,-0.02
79074,0,0,1.68,7.70,6.81,0.03,-0.08,-0.04
79127,0,0,1.66,7.70,6.81,0.01,-0.17,-0.05
79180,0,0,1.65,7.74,6.81,0.03,-0.16,-0.04
79233,0,0,1.65,7.75,6.75,0.03,-0.31,-0.02
79286,0,0,1.75,7.74,6.86,-0.05,-0.27,-0.04
79339,0,0,1.64,7.50,7.08,-0.40,-0.11,-0.38
79392,0,0,1.64,7.53,6.95,-0.08,-0.63,-0.03
79445,0,0,1.63,7.57,7.06,0.06,-0.31,-0.02
79498,0,0,1.78,7.55,6.85,0.18,-0.19,0.02
79551,0,0,1.69,7.71,7.00,0.18,-0.27,0.08
79604,0,0,1.90,7.70,6.55,-0.01,0.05,-0.00
79657,0,0,1.54,7.69,7.10,-0.01,0.06,-0.01
79710,0,0,1.79,7.69,6.90,0.17,-0.43,0.10
79763,0,0,1.80,7.64,6.90,0.10,-0.05,0.09
79816,0,0,2.25,7.76,6.92,-0.53,-0.56,0.22
79869,0,0,2.23,7.43,7.52,-1.08,0.29,-0.11
79922,0,0,2.28,7.53,8.65,-3.50,0.22,-0.74
79975,0,0,3.44,6.13,7.84,1.92,-0.39,-0.65
80028,0,0,1.22,6.48,9.18,0.41,-1.32,-1.47
80081,0,0,0.82,7.57,8.30,0.13,-0.54,-0.63
80134,0,0,2.20,8.51,7.83,0.62,1.05,0.18
80187,0,0,2.80,6.31,7.26,0.66,0.05,-0.21
80240,0,0,0.10,7.40,7.11,0.12,-0.47,-0.17
80293,0,0,0.43,6.93,6.52,0.14,0.30,-0.25
80346,0,0,0.40,6.23,5.47,0.07,-0.25,-0.48
80399,0,0,-0.35,7.57,4.75,0.27,-0.43,-0.77
80452,0,0,-0.09,7.20,5.48,0.37,-1.21,-1.28
80505,0,0,-1.07,7.58,6.05,1.06,-0.77,-1.08
80558,0,0,-0.39,7.92,8.22,0.17,0.34,-0.63
80611,0,0,0.19,7.97,8.30,0.25,0.08,-0.39
80664,0,0,-2.52,7.59,7.69,0.20,-0.18,0.04
80717,0,0,-1.07,6.90,6.32,0.31,0.31,-0.10
80770,0,0,-1.40,8.22,4.18,0.43,0.15,-0.18
80823,0,0,-1.04,9.61,2.25,1.18,-0.23,-0.80
80876,0,0,-9.23,2.67,10.28,-3.14,1.14,-5.97
80929,0,0,-3.90,7.28,5.33,-0.25,3.80,-1.65
80982,0,0,-6.30,6.36,5.44,-0.59,4.58,-1.73
81035,0,0,-7.37,6.34,1.96,-0.58,4.71,0.07
81088,0,0,-6.51,6.80,4.24,-0.60,-0.08,-1.30
81141,0,0,-4.77,8.13,3.21,1.08,-2.39,0.60
81194,0,0,-2.17,8.43,2.73,2.94,-5.88,1.53
81247,0,0,-7.09,8.22,3.46,3.25,-3.65,0.69
81300,0,0,-4.64,6.14,4.89,2.27,-2.76,0.15
81353,0,0,-11.03,3.50,6.06,1.53,-2.63,-1.08
81406,0,0,-5.28,8.53,3.03,0.45,1.95,-0.45
81459,0,0,-3.33,6.52,0.82,-0.04,0.76,0.03
81512,0,0,-4.18,8.13,0.85,0.33,-0.49,0.20
81565,0,0,-4.78,8.56,1.71,0.35,-0.17,-0.22
81618,0,0,-5.89,7.43,2.06,-0.43,-0.44,0.26
81671,0,0,-3.55,9.88,2.11,-0.99,-0.59,0.24
81724,0,0,-5.01,7.81,3.69,-0.90,0.36,-0.34
81777,0,0,-4.25,9.01,2.10,-0.19,-0.06,-0.04
81830,0,0,-4.90,8.10,2.47,-0.57,-0.36,-0.24
81883,0,0,-4.84,7.92,3.32,-0.03,-0.30,-0.31
81936,0,0,-4.58,8.31,3.63,-0.18,-0.42,-0.48
81989,0,0,-5.44,7.67,3.21,-0.33,-0.42,-0.50
82042,0,0,-5.43,7.15,3.49,-0.83,-0.70,-0.64
82095,0,0,-6.13,9.15,4.16,-1.29,-0.12,-0.91
82148,0,0,-5.96,6.98,4.76,-0.54,-0.46,-0.35
82201,0,0,-6.10,6.05,4.67,-0.58,-0.54,-0.32
82254,0,0,-5.32,6.17,6.14,-0.71,0.03,-0.08
82307,0,0,-4.88,7.27,4.79,-0.09,-0.50,-0.21
82360,0,0,-5.84,6.47,6.00,-0.66,-0.83,-0.69
82413,0,0,-5.68,5.01,6.43,-0.12,-0.66,-0.30
82466,0,0,-5.52,5.77,5.97,-0.07,-0.51,-0.38
82519,0,0,-5.56,6.09,5.88,-0.20,-0.24,-0.03
82572,0,0,-6.29,4.50,5.72,-0.62,0.39,0.63
82625,0,0,-4.73,6.79,7.48,-1.37,0.87,-1.21
82678,0,0,-2.41,2.03,5.90,0.61,-1.02,-0.19
82731,0,0,-8.93,5.15,7.12,-1.45,-1.32,-1.12
82784,0,0,-5.66,2.85,7.94,-0.15,-0.42,-0.13
82837,0,0,-5.05,3.71,7.92,-1.92,1.32,-0.36
82890,0,0,-4.07,5.29,8.33,0.34,-2.02,-0.94
82943,0,0,-7.94,1.30,6.91,1.85,-0.05,0.50
82996,0,0,-5.53,4.58,9.66,-0.45,-0.30,-0.55
83049,0,0,-5.89,3.25,7.86,0.56,-0.36,-0.12
83102,0,0,-5.08,4.09,8.44,-0.63,0.71,0.02
83155,0,0,-6.85,2.65,7.03,0.75,-0.43,0.71
83208,0,0,-3.74,4.70,8.63,0.78,-0.64,-0.34
83261,0,0,-6.01,3.53,7.43,0.16,-0.60,-0.27
83314,0,0,-6.08,3.83,7.49,0.13,-0.06,0.92
83367,0,0,-5.79,4.41,7.28,0.78,0.12,1.22
83420,0,0,-5.77,4.71,7.39,0.61,0.86,0.50
83473,0,0,-5.66,5.04,7.34,-0.38,0.84,-0.81
83526,0,0,-5.86,5.00,6.83,-0.62,0.60,-0.70
83579,0,0,-6.99,3.38,6.19,-1.24,0.21,-1.60
83632,0,0,-7.39,2.50,5.73,-0.85,0.30,-1.39
83685,0,0,-6.87,2.75,5.64,-0.35,0.10,-0.58
83738,0,0,-7.76,2.28,6.08,0.13,0.13,0.08
83791,0,0,-7.56,2.55,6.34,0.11,0.34,0.23
83844,0,0,-7.78,2.00,6.25,-0.10,0.09,-0.21
83897,0,0,-7.95,1.64,4.46,-0.41,0.47,-0.38
83950,0,0,-8.03,2.06,5.48,-0.53,1.04,0.09
84003,0,0,-8.51,1.84,5.29,-0.37,0.63,-0.28
84056,0,0,-8.44,1.14,4.43,-0.31,0.92,-0.96
84109,0,0,-8.51,0.90,4.05,-0.49,1.04,-0.49
84162,0,0,-10.01,0.77,3.68,-0.35,0.54,0.27
84215,0,0,-8.94,0.16,2.04,-1.10,1.01,-0.89
84268,0,0,-9.42,0.97,2.53,-0.49,1.67,1.18
84321,0,0,-8.92,0.30,1.56,-0.58,1.09,0.01
84374,0,0,-9.21,0.91,1.05,-0.60,0.86,-0.39
84427,0,0,-8.87,0.52,0.34,-0.76,0.82,-0.60
84480,0,0,-9.83,1.41,1.31,-0.83,1.22,-1.80
84533,0,0,-9.35,-0.86,-0.60,-1.32,0.27,-4.35
84586,0,0,-9.18,-1.03,-0.16,-0.32,-0.77,-0.89
84639,0,0,-9.15,-2.08,-0.18,-0.21,-0.59,-1.34
84692,0,0,-8.63,-3.33,-0.47,0.23,-0.15,-1.38
84745,0,0,-7.87,-3.97,-0.23,0.52,0.29,0.25
84798,0,0,-8.51,-4.14,-0.13,0.51,-0.06,0.74
84851,0,0,-9.76,-3.03,-0.57,-0.16,-0.18,-2.37
84904,0,0,-7.69,-5.81,-0.69,-0.64,-0.41,-1.19
84957,0,0,-6.91,-6.45,-0.53,-0.75,0.06,-0.99
85010,0,0,-7.73,-5.47,-0.80,-0.55,-0.11,-0.68
85063,0,0,-7.40,-6.26,-1.40,-1.15,0.01,-0.03
85116,0,0,-8.00,-5.35,-1.47,-1.05,0.99,-1.31
85169,0,0,-5.70,-6.20,-1.69,-0.46,0.91,0.13
85222,0,0,-6.60,-4.30,-1.83,-0.26,0.62,0.43
85275,0,0,-5.81,-6.60,-2.81,0.39,0.51,-1.78
85328,0,0,-6.30,-6.24,-2.99,0.21,0.16,0.57
85381,0,0,-7.13,-5.04,-3.78,-0.71,-0.51,-0.20
85434,0,0,-6.02,-7.76,-3.51,-0.44,-0.76,-3.20
85487,0,0,-4.50,-8.08,-2.87,-0.38,0.10,1.17
85540,0,0,-4.94,-8.03,-2.69,0.20,-0.14,-0.75
85593,0,0,-5.63,-7.35,-2.41,-0.14,-0.09,1.90
85646,0,0,-4.51,-7.03,-3.43,0.28,0.00,-0.76
85699,0,0,-5.14,-6.80,-3.60,-0.16,-0.03,-0.23
85752,0,0,-5.22,-8.36,-2.73,0.05,-0.27,0.45
85805,0,0,-5.75,-5.82,-2.51,0.31,-0.71,-0.50
85858,0,0,-2.18,-5.60,-4.24,0.94,-1.39,0.91
85911,0,0,-9.86,-10.98,-0.53,0.25,-0.22,-0.68
85964,0,0,-5.83,-7.97,-1.59,-0.87,-0.13,-1.18
86017,0,0,-3.51,-5.78,-2.65,0.09,-0.80,0.34
86070,0,0,-4.40,-7.41,-2.41,0.97,-1.25,-0.01
86123,0,0,-6.46,-8.67,-1.19,-0.17,-0.59,-0.36
86176,0,0,-5.76,-7.93,-1.86,-0.68,-0.13,-0.58
86229,0,0,-5.53,-7.41,-1.94,-1.01,0.60,-0.55
86282,0,0,-2.68,-8.53,-1.13,-0.91,0.02,-1.70
86335,0,0,-5.94,-8.54,-2.37,-0.52,-1.03,-0.12
86388,0,0,-5.01,-7.85,-2.84,-0.75,-0.26,-0.73
86441,0,0,-5.24,-6.64,-3.05,0.08,0.22,-0.01
86494,0,0,-4.42,-6.44,-2.69,0.83,0.72,0.66
86547,0,0,-5.04,-8.23,-2.20,1.33,0.65,0.34
86600,0,0,-4.30,-7.55,-2.13,1.57,0.65,1.09
86653,0,0,-4.09,-8.86,-1.16,1.34,0.05,0.88
86706,0,0,-5.57,-8.03,-0.98,0.20,-0.30,0.09
86759,0,0,-6.10,-7.76,-1.45,0.50,-0.51,-0.36
86812,0,0,-4.99,-8.31,-1.78,0.33,0.29,0.24
86865,0,0,-4.59,-7.40,-1.76,0.41,0.41,0.69
86918,0,0,-5.31,-7.83,-0.84,0.55,0.15,0.39
86971,0,0,-5.32,-7.44,-1.16,0.49,0.01,0.82
87024,0,0,-6.17,-7.00,-0.71,0.65,-0.25,0.80
87077,0,0,-6.64,-7.12,-0.89,0.62,-0.01,0.95
87130,0,0,-6.41,-6.79,-0.30,0.21,0.32,0.27
87183,0,0,-6.51,-6.43,0.18,0.27,0.06,1.24
87236,0,0,-13.63,-7.13,1.95,0.89,-1.84,4.75
87289,0,0,-3.86,-8.52,1.69,0.79,-1.37,-2.00
87342,0,0,-7.07,-6.23,1.93,0.54,-0.75,5.38
87395,0,0,-10.34,-4.24,3.79,1.24,-3.53,-8.73
87448,0,0,-0.02,-2.30,2.61,0.78,-5.04,7.61
87501,0,0,2.59,4.06,4.53,1.38,-6.49,4.35
87554,0,0,-22.23,-0.04,12.39,0.06,-2.23,-0.46
87607,0,0,-1.90,0.42,6.64,1.20,0.78,1.25
87660,0,0,-8.64,-0.01,8.03,0.10,-0.49,0.31
87713,0,0,-7.03,-0.14,7.69,0.04,-0.23,0.07
87766,0,0,-6.65,-0.08,7.75,0.02,-0.18,-0.01
87819,0,0,-6.57,-0.12,7.78,0.03,-0.18,0.03
87872,0,0,-6.62,-0.06,7.76,0.03,-0.18,0.02
87925,0,0,-6.58,-0.04,7.78,0.03,-0.17,0.01
87978,0,0,-6.67,0.01,7.83,0.02,-0.18,0.02
88031,0,0,-6.49,0.01,7.82,0.05,-0.17,-0.02
88084,0,0,-6.54,-0.02,7.90,0.02,-0.16,0.01
88137,0,0,-6.51,0.03,7.89,0.02,-0.15,0.01
88190,0,0,-6.54,0.00,7.91,0.02,-0.16,0.02
88243,0,0,-6.50,-0.05,7.86,0.03,-0.15,-0.01
88296,0,0,-6.47,0.06,7.75,0.01,-0.13,0.01
88349,0,0,-6.88,0.17,6.84,0.00,-0.43,0.10
88402,0,0,-10.29,1.89,10.83,-0.04,-0.66,-0.41
88455,0,0,-6.73,0.17,7.20,-0.12,0.55,-0.48
88508,0,0,-4.66,-0.37,7.36,-0.01,-0.60,1.08
88561,0,0,-8.12,0.84,7.44,0.05,-0.32,0.20
88614,0,0,-6.03,0.42,8.00,0.01,-0.43,0.26
88667,0,0,-5.70,0.06,8.12,0.61,-1.17,0.40
88720,0,0,-8.34,0.63,7.99,0.19,0.92,-1.93
88773,0,0,-4.60,0.18,9.14,0.32,0.27,0.20
88826,0,0,-6.51,0.08,11.23,1.08,0.28,0.29
88879,0,0,-7.11,-1.60,7.47,-0.78,0.67,-2.58
88932,0,0,-7.13,0.07,6.60,-0.98,0.58,0.67
88985,0,0,-6.78,-2.55,6.52,-1.24,0.76,0.81
89038,0,0,-6.55,-2.70,7.36,-4.06,-0.66,0.74
89091,0,0,-9.71,-0.70,4.35,-2.87,0.78,-1.69
89144,0,0,-7.27,-2.63,6.72,-1.29,0.03,0.95
89197,0,0,-8.55,-1.78,5.49,-1.18,-0.31,0.84
89250,0,0,-8.93,-2.78,6.04,1.81,3.18,1.24
89303,0,0,-7.33,-2.27,3.91,0.75,3.79,2.51
89356,0,0,-8.61,-0.17,1.17,-0.07,1.11,1.47
89409,0,0,-7.26,1.09,1.02,-0.48,0.15,1.53
89462,0,0,-5.38,3.64,1.36,-0.57,-1.11,0.53
89515,0,0,-9.30,3.35,1.70,1.54,-1.46,0.76
89568,0,0,-9.75,2.60,2.62,2.77,-1.36,3.72
89621,0,0,-7.02,5.21,1.12,2.08,-0.65,0.33
89674,0,0,-8.03,5.97,1.57,0.17,-0.84,-0.43
89727,0,0,-10.81,2.22,3.33,1.21,-0.48,0.03
89780,0,0,-9.40,6.16,3.13,0.22,-0.46,-0.05
89833,0,0,-9.18,4.55,2.15,1.30,0.21,-0.15
89886,0,0,-7.74,1.70,1.92,1.27,-0.76,1.09
89939,0,0,-6.21,3.07,1.48,-0.57,-0.30,-0.20
89992,0,0,-7.28,4.80,1.98,-1.71,-0.76,-0.81
90045,0,0,-7.44,4.47,3.70,-2.10,-0.28,-0.22
90098,0,0,-8.70,3.50,4.95,-3.00,-1.06,-1.30
90151,0,0,-8.84,3.86,6.17,-1.89,-1.67,-2.55
90204,0,0,-8.92,3.95,6.96,0.61,-0.04,-1.15
90257,0,0,-8.88,2.59,5.58,0.88,0.10,-1.93
90310,0,0,-8.66,3.04,4.64,1.35,0.32,-0.91
90363,0,0,-8.56,3.66,1.44,1.81,0.41,0.31
90416,0,0,-8.51,1.94,4.53,4.17,0.21,1.23
90469,0,0,-8.84,3.85,4.22,1.41,1.34,-1.35
ets Jul 29 2019 12:21:46

rst:0x1 (POWERON_RESET),boot:0x13 (SPI_FAST_FLASH_BOOT)
configsip: 0, SPIWP:0xee
clk_drv:0x00,q_drv:0x00,d_drv:0x00,cs0_drv:0x00,hd_drv:0x00,wp_drv:0x00
mode:DIO, clock div:1
load:0x3fff0030,len:4640
load:0x40078000,len:15592
load:0x40080400,len:3164
entry 0x4008059c
timestamp,heel_fsr,toe_fsr,accel_x,accel_y,accel_z,gyro_x,gyro_y,gyro_z
1323,0,0,-8.83,2.77,1.34,0.13,0.02,-0.08
1376,0,0,-9.24,3.12,1.25,0.13,0.11,-0.08
1429,0,0,-8.85,2.92,1.19,0.21,0.12,-0.07
1482,0,0,-8.69,2.69,1.18,0.27,-0.19,0.05
1535,0,0,-8.65,2.61,1.77,0.32,-0.50,0.02
1588,0,0,-9.33,3.26,1.19,0.40,-0.00,-0.06
1641,0,0,-8.67,2.71,0.93,0.59,0.10,0.01
1694,0,0,-9.17,2.70,0.49,0.35,-0.05,0.16
1747,0,0,-9.14,2.48,0.73,0.39,0.15,-0.08
1800,0,0,-9.42,2.75,0.10,0.25,-0.23,-0.06
1853,0,0,-9.22,2.37,1.06,0.37,-0.60,0.25
1906,0,0,-9.48,2.72,0.12,0.53,-0.44,-0.11
1959,0,0,-8.80,2.19,0.62,0.44,-0.08,-0.58
2012,0,0,-9.38,2.42,0.25,0.44,-0.80,-0.16
2065,0,0,-8.88,2.21,0.83,0.51,-0.20,-0.26
2118,0,0,-8.69,1.76,0.39,0.22,-0.41,0.00
2171,0,0,-9.71,2.18,0.94,0.04,-0.42,-0.39
2224,0,0,-8.61,1.69,0.74,-0.27,0.31,-0.55
2277,0,0,-9.30,1.85,0.38,-0.64,-0.29,-0.40
2330,0,0,-11.17,3.03,0.21,-0.91,-0.10,-0.73
2383,0,0,-9.96,1.22,1.48,-1.18,0.02,-0.90
2436,0,0,-11.14,0.78,1.35,-1.61,-0.35,-0.77
2489,0,0,-9.70,0.96,1.07,-1.35,0.21,-0.79
2542,0,0,-8.83,-0.74,1.11,-0.99,-0.04,-0.61
2595,0,0,-9.33,-0.04,0.77,-0.89,-0.22,-0.44
2648,0,0,-8.43,-0.84,-0.01,-0.46,-0.23,-0.34
2701,0,0,-7.69,-0.84,0.89,-0.45,-0.24,-0.28
2754,0,0,-8.44,-0.79,0.96,-0.19,-0.06,-0.02
2807,0,0,-8.40,-1.02,1.28,-0.41,0.09,-0.11
2860,0,0,-9.24,-0.85,2.09,-0.12,0.13,-0.13
2913,0,0,-8.85,-0.84,1.37,0.02,-0.08,0.29
2966,0,0,-9.59,-0.76,1.35,0.01,0.01,0.01
3019,0,0,-9.74,-1.01,1.06,-0.11,0.14,-0.03
3072,0,0,-9.91,-0.81,0.57,-0.11,-0.02,0.17
3125,0,0,-9.81,-0.90,0.57,-0.05,-0.10,0.30
3178,0,0,-9.19,-0.57,0.59,-0.06,-0.16,0.35
3231,0,0,-9.82,-0.69,0.97,0.00,-0.06,0.06
3284,0,0,-9.61,-0.48,0.17,0.06,-0.22,-0.16
3337,0,0,-8.95,-0.14,-0.19,-0.07,-0.30,0.20
3390,0,0,-8.42,0.11,0.68,-0.13,-0.28,0.41
3443,0,0,-9.27,-0.18,1.56,0.19,-0.48,-0.10
3496,0,0,-10.04,-0.65,1.40,0.26,-0.53,-0.15
3549,0,0,-8.82,-0.92,0.80,0.16,-0.06,-0.12
3602,0,0,-8.37,-1.07,1.13,0.27,-0.24,-0.10
3655,0,0,-8.31,-1.33,1.13,0.48,-0.54,0.10
3708,0,0,-8.79,-0.58,1.61,0.39,-0.66,0.38
3761,0,0,-9.82,1.22,0.64,0.31,-0.45,0.60
3814,0,0,-9.43,2.02,1.43,-0.14,-0.06,0.55
3867,0,0,-8.97,1.57,2.73,0.02,-0.37,0.51
3920,0,0,-9.53,1.47,2.75,0.47,-0.74,0.43
3973,0,0,-8.75,1.84,2.75,0.42,-1.28,0.89
4026,0,0,-9.13,2.07,4.27,0.60,-1.95,-0.32
4079,0,0,-8.02,1.39,4.41,0.70,0.83,-1.32
4132,0,0,-6.46,1.69,3.22,0.69,-0.76,-0.47
4185,0,0,-7.34,0.68,4.21,0.35,-1.62,0.08
4238,0,0,-6.71,0.75,4.06,-0.14,-1.61,-0.91
4291,0,0,-5.56,-0.85,6.25,-0.18,-1.44,-0.72
4344,0,0,-8.56,1.26,7.24,-0.58,-2.13,0.36
4397,4095,0,-7.23,-0.09,5.63,-0.84,-0.70,0.27
4450,4095,0,-6.32,0.31,6.26,-1.25,-0.55,0.46
4503,1,0,-8.16,1.94,8.80,-0.96,-1.34,0.06
4556,0,0,-6.80,-0.90,7.65,-0.67,-0.95,-1.22
4609,0,0,-6.45,-0.90,7.80,-1.42,-1.70,-0.86
4662,0,0,-5.68,-0.61,8.77,2.49,-0.60,0.25
4715,0,0,-6.92,1.79,9.92,0.85,-1.68,1.06
4768,4095,0,-5.51,1.27,10.30,0.04,0.35,-0.09
4821,4095,0,-5.06,0.56,10.08,0.07,0.18,0.11
4874,4095,0,-5.49,1.48,10.28,-0.03,0.83,-0.62
4927,4095,0,-6.24,1.67,9.38,0.22,1.16,-0.69
4980,4095,0,-6.90,1.42,9.58,0.18,0.38,0.21
5033,4095,0,-6.66,-0.85,8.69,-0.01,-0.23,-0.17
5086,4095,0,-5.64,0.83,8.26,-0.30,-0.47,-1.55
5139,4095,0,-6.28,0.44,6.61,0.67,-0.36,-0.32
5192,4095,0,-6.17,-1.25,5.17,0.01,-0.27,0.11
5245,4095,0,-5.56,-1.07,7.53,-0.47,-0.08,0.48
5298,4095,0,-6.09,-0.24,8.82,-1.09,-0.42,0.84
5351,4095,0,-6.25,-0.16,8.74,-1.39,0.06,0.47
5404,4095,0,-6.49,0.53,8.80,-0.98,0.45,0.72
5457,4095,0,-6.33,-0.87,7.92,-0.59,0.39,0.66
5510,4095,0,-6.63,-0.73,8.22,-0.14,-0.28,0.37
5563,4095,0,-6.81,-0.44,8.56,0.20,0.48,-0.11
5616,4095,0,-6.53,-1.34,7.41,0.21,0.91,0.12
5669,4095,0,-7.00,-0.13,7.67,-0.10,0.55,0.16
5722,4095,0,-7.56,-0.33,7.02,-0.15,0.52,0.09
5775,4095,0,-7.44,-0.72,7.32,-0.02,0.43,0.21
5828,4095,0,-7.37,-0.74,6.99,-0.25,0.43,0.17
5881,4095,0,-7.88,-0.06,6.27,-0.25,0.34,0.13
5934,4095,0,-8.03,-0.06,6.01,-0.01,0.04,0.13
5987,0,0,-8.09,-0.20,5.71,-0.04,0.06,0.16
6040,0,0,-7.97,0.13,6.06,0.07,0.03,0.42
6093,4095,0,-8.24,-0.20,5.91,0.30,0.39,0.04
6146,4095,0,-8.23,0.15,5.52,0.27,0.08,0.08
6199,4095,0,-8.30,0.19,5.42,0.07,0.13,-0.17
6252,4095,0,-8.34,0.09,5.32,-0.07,-0.10,-0.32
6305,4095,0,-8.23,-0.22,5.41,-0.31,-0.37,-0.60
6358,4095,0,-8.24,-0.50,5.58,-0.48,-0.51,-0.19
6411,4095,0,-6.70,-0.53,7.97,0.14,-0.87,-0.56
6464,4095,0,-8.46,-0.79,7.60,1.21,-0.49,-1.08
6517,4095,0,-7.79,-1.82,6.05,0.51,-0.88,-0.61
6570,4095,0,-7.47,-0.99,6.05,0.21,-0.42,-0.60
6623,4095,0,-7.98,-0.76,4.50,0.16,-0.34,-0.25
6676,4095,0,-7.47,-0.95,5.17,-0.46,-0.43,0.71
6729,4095,0,-7.61,-0.17,6.84,0.26,0.52,0.85
6782,4095,0,-6.79,-0.83,8.85,0.07,0.68,-0.83
6835,4095,0,-7.03,-0.91,7.61,-0.16,-0.04,0.13
6888,4095,0,-7.45,0.42,6.59,0.27,-0.15,0.37
6941,4095,0,-6.99,-0.62,5.97,-0.14,-0.23,0.78
6994,4095,0,-6.99,-0.36,6.85,0.47,0.69,0.65
7047,4095,0,-7.02,0.17,7.39,0.18,0.41,0.39
7100,4095,0,-6.65,-0.62,7.90,-0.04,-0.60,0.34
7153,4095,0,-8.37,0.60,5.68,0.04,-0.33,-0.76
7206,4095,0,-7.59,-0.22,6.64,0.24,-0.07,-0.67
7259,4095,0,-7.15,-0.60,6.74,0.15,0.04,-1.71
7312,4095,0,-6.86,-1.30,7.12,0.30,0.11,-2.39
7365,4095,0,-7.09,-2.50,6.98,0.53,-0.31,-0.43
7418,4095,0,-7.04,-1.83,7.06,-0.37,-0.01,-1.19
7471,4095,0,-7.11,-2.68,6.36,-0.08,-0.11,-0.44
7524,4095,0,-7.52,-2.75,6.44,0.17,0.05,-0.39
7577,4095,0,-6.32,-3.36,6.81,0.36,0.35,0.11
7630,4095,0,-6.20,-2.49,7.69,0.29,-0.86,1.96
7683,4095,0,-5.04,3.68,6.97,1.47,-1.91,6.30
7736,4095,0,-6.55,-0.38,8.13,-0.30,-0.62,0.05
7789,4095,0,-7.25,1.63,7.37,0.11,-0.39,0.12
7842,4095,0,-7.18,0.21,6.33,0.25,-0.11,0.49
7895,4095,0,-10.10,3.54,7.31,0.15,1.17,2.79
7948,4095,0,-4.24,2.84,5.48,0.95,1.59,1.81
8001,4095,0,-5.26,1.95,6.11,1.14,1.51,1.30
8054,4095,0,-6.33,3.26,5.93,-0.42,-0.13,0.59
8107,4095,0,-8.34,5.43,3.70,-1.23,0.24,3.00
8160,4095,0,-4.51,7.11,7.52,-0.39,0.71,2.16
8213,4095,0,-7.02,7.12,5.26,-0.10,-1.62,2.17
8266,4095,0,-4.32,6.61,6.63,-0.47,-1.93,2.93
8319,4095,0,-2.95,9.15,6.15,-0.48,-0.87,3.54
8372,4095,0,-1.63,7.58,7.11,0.21,-1.21,1.58
8425,4095,0,-0.54,7.42,6.60,-0.27,-1.89,1.60
8478,4095,0,-0.55,7.96,6.56,-0.51,-0.94,-0.11
8531,4095,0,0.72,8.19,6.79,-0.61,-0.25,-0.02
8584,4095,0,1.38,8.02,6.43,0.64,-0.51,-0.25
8637,0,0,1.63,7.70,6.89,0.95,-0.92,0.38
8690,0,0,1.69,6.55,4.98,1.00,-1.06,1.08
8743,0,0,2.04,7.87,6.04,1.16,-0.70,0.75
8796,0,0,2.33,8.07,5.62,1.07,-0.27,0.98
8849,0,0,2.32,8.32,5.27,0.37,-0.38,0.26
8902,0,0,2.90,8.15,5.50,-0.24,0.33,-0.14
8955,0,0,3.25,8.33,5.42,-0.82,0.32,-0.27
9008,0,0,2.27,7.54,5.98,-0.73,0.14,-1.32
9061,0,0,1.89,8.47,6.07,-1.06,-0.12,-1.29
9114,0,0,0.21,8.16,6.31,-0.61,-0.32,-0.75
9167,0,0,2.62,8.69,6.28,-0.68,-0.67,1.67
9220,0,0,0.34,7.45,7.47,0.08,-0.37,1.11
9273,0,0,2.30,8.01,6.62,-0.26,0.71,-0.44
9326,0,0,2.29,6.98,7.84,-0.07,0.30,-0.54
9379,0,0,2.31,8.23,7.35,0.59,0.01,1.20
9432,0,0,0.90,8.58,5.86,1.79,0.19,2.44
9485,0,0,3.94,7.05,6.52,0.63,0.37,1.14
9538,0,0,2.94,7.94,6.38,-0.21,-0.35,-0.03
9591,0,0,3.23,7.86,5.93,-0.20,-0.04,-0.07
9644,0,0,2.67,7.85,6.37,-0.11,-0.15,-0.03
9697,0,0,2.65,7.70,5.96,0.05,0.32,0.15
9750,0,0,3.21,7.81,5.90,0.28,0.05,-0.14
9803,0,0,2.94,7.92,6.87,0.09,0.39,0.01
9856,0,0,2.95,7.83,6.15,0.01,0.16,0.07
9909,0,0,2.72,7.84,6.41,0.14,0.47,1.05
9962,0,0,2.79,7.54,6.48,-0.04,0.23,0.21
10015,0,0,2.74,7.52,6.58,-0.10,0.05,-0.42
10068,0,0,2.75,7.69,6.48,0.05,0.07,-0.33
10121,0,0,2.00,7.51,6.43,0.13,-0.27,-0.90
10174,0,0,2.05,7.97,6.49,0.27,0.24,-0.26
10227,0,0,1.95,8.10,6.04,0.54,0.24,-0.83
10280,0,0,1.31,8.27,6.20,0.36,0.47,-0.54
10333,0,0,0.66,8.34,6.08,0.10,0.27,-0.10
10386,0,0,1.02,8.24,5.91,-0.19,0.35,-0.17
10439,0,0,0.48,8.29,6.34,-0.16,0.55,-0.04
10492,0,0,0.32,8.09,6.53,0.11,0.08,0.08
10545,0,0,0.94,8.37,6.48,-0.24,0.10,-0.07
10598,0,0,0.16,8.17,6.33,-0.26,-0.23,-0.04
10651,0,0,0.69,8.08,6.62,-0.13,0.21,0.02
10704,0,0,0.07,8.00,6.64,0.02,0.22,0.05
10757,0,0,0.41,8.07,6.65,0.07,-0.08,0.02
10810,0,0,0.28,8.14,6.68,0.09,-0.28,0.05
10863,0,0,0.16,8.05,6.45,0.04,-0.75,-0.02
10916,0,0,0.62,8.03,6.56,0.28,-1.05,-0.20
10969,0,0,0.80,8.35,6.53,-0.31,-1.03,0.21
11022,0,0,1.09,7.24,5.98,-0.41,-0.30,-0.24
11075,0,0,1.16,8.19,6.48,0.47,-0.91,-0.96
11128,0,0,-0.85,7.64,5.92,-0.35,-0.76,-2.54
11181,0,0,0.64,10.00,5.67,0.12,-0.39,-1.10
11234,0,0,-1.48,8.03,6.29,0.77,-0.57,-0.17
11287,0,0,-1.54,7.96,6.11,-0.01,-0.01,-0.45
11340,0,0,-2.04,7.62,6.36,-0.53,-0.24,-0.52
11393,0,0,-1.72,7.89,6.33,-0.43,-0.15,-0.29
11446,0,0,-1.75,7.53,6.74,-0.39,-0.00,0.47
11499,0,0,-0.91,7.14,6.48,0.37,-0.33,0.68
11552,0,0,-1.53,8.01,6.26,0.07,0.05,0.60
11605,0,0,-0.39,8.10,6.27,0.04,-0.03,0.56
11658,0,0,-0.04,8.16,6.46,0.07,-0.49,0.26
11711,0,0,-1.25,8.80,6.67,0.15,-0.63,0.21
11764,0,0,0.45,8.08,6.38,0.40,-0.58,0.90
11817,0,0,0.49,8.91,5.60,0.59,-0.55,0.55
11870,0,0,0.19,8.93,5.31,0.92,-0.21,1.22
11923,0,0,1.75,7.91,4.33,0.53,-0.17,0.78
11976,0,0,1.53,8.21,5.43,0.19,0.13,0.52
12029,0,0,1.80,8.80,5.26,0.17,0.18,0.73
12082,0,0,1.80,8.20,6.06,0.10,-0.25,-0.61
12135,0,0,1.51,8.84,5.32,-0.04,-0.14,-0.56
12188,0,0,1.58,8.16,5.41,0.30,-0.26,-0.66
12241,0,0,0.74,8.66,5.08,0.08,-0.08,-0.77
12294,0,0,0.68,9.10,5.01,-0.40,0.12,-0.38
12347,0,0,0.32,9.03,5.17,-0.09,-0.09,-0.03
12400,0,0,0.78,8.80,5.46,-0.03,0.08,0.24
12453,0,0,0.48,8.68,5.33,-0.06,-0.09,0.06
12506,0,0,0.86,8.75,5.41,-0.09,-0.15,0.30
12559,0,0,0.91,8.68,5.39,-0.26,-0.19,-0.10
12612,0,0,0.89,8.72,5.41,-0.29,0.01,-0.06
12665,0,0,1.25,8.85,5.27,-0.27,0.13,0.22
12718,0,0,0.71,8.59,6.04,-0.23,0.01,0.09
12771,0,0,0.96,8.26,6.03,-0.21,0.24,0.33
12824,0,0,1.17,8.30,6.24,-0.43,0.19,0.73
12877,0,0,1.35,8.14,6.30,-0.53,0.00,0.44
12930,0,0,1.21,7.81,6.31,0.17,0.07,0.02
12983,0,0,1.22,8.10,6.49,0.43,0.05,-0.12
13036,0,0,1.34,8.18,6.29,0.42,-0.14,-0.44
13089,0,0,1.11,8.69,6.07,0.15,-0.55,-0.36
13142,0,0,0.98,8.20,6.06,0.23,-0.31,-0.14
13195,0,0,1.16,8.63,5.83,0.03,-0.37,0.06
13248,0,0,1.21,8.43,6.10,-0.68,-0.16,0.40
13301,0,0,1.15,7.83,6.58,-0.87,-0.15,-0.06
13354,0,0,1.30,7.74,6.45,-0.27,-0.30,-0.21
13407,0,0,1.29,7.79,6.69,0.37,-0.45,0.01
13460,0,0,1.23,7.95,6.11,0.73,-0.93,-0.02
13513,0,0,1.77,8.27,6.08,0.89,-0.09,0.09
13566,0,0,1.36,8.74,5.92,0.24,-0.12,-0.03
13619,0,0,2.06,8.54,5.86,-0.16,-0.01,0.15
13672,0,0,1.24,8.43,5.88,-0.29,-0.33,0.03
13725,0,0,1.70,8.15,6.16,-0.27,0.04,0.11
13778,0,0,1.70,8.16,6.09,-0.13,-0.41,0.00
13831,0,0,1.89,8.26,6.02,-0.23,-0.13,0.03
13884,0,0,1.52,8.10,6.33,-0.31,0.12,0.10
13937,0,0,1.64,7.96,6.35,-0.22,0.15,0.08
13990,0,0,1.70,7.82,6.38,-0.02,0.42,-0.01
14043,0,0,1.40,7.74,6.55,0.24,0.05,-0.05
14096,0,0,1.81,7.97,6.35,0.49,0.12,-0.03
14149,0,0,1.40,8.35,6.22,0.65,-0.05,-0.15
14202,0,0,1.63,8.69,5.94,0.40,-0.06,-0.11
14255,0,0,1.55,8.64,5.88,-0.04,-0.13,-0.01
14308,0,0,1.35,8.48,6.00,-0.33,-0.30,0.03
14361,0,0,1.39,8.03,6.02,-0.25,-0.30,-0.04
14414,0,0,1.36,8.19,6.22,0.06,0.01,-0.06
14467,0,0,1.17,8.38,6.28,0.16,0.16,-0.20
14520,0,0,1.17,8.43,6.27,0.08,0.13,-0.02
14573,0,0,1.34,8.37,5.70,0.04,-0.04,-0.01
14626,0,0,1.09,8.26,5.84,0.06,-0.09,-0.10
14679,0,0,1.17,8.37,6.05,0.15,-0.45,-0.04
14732,0,0,0.96,8.45,6.61,0.07,-0.46,-0.09
14785,0,0,1.31,8.52,5.63,0.15,-0.35,0.02
14838,0,0,1.44,8.37,5.37,0.12,-0.09,0.01
14891,0,0,1.09,8.58,4.83,-0.18,0.08,-0.28
14944,0,0,1.52,8.48,5.09,0.06,-0.27,-0.17
14997,0,0,1.17,8.51,5.69,0.11,-0.14,-0.12
15050,0,0,1.13,8.55,5.64,0.04,-0.23,-0.04
15103,0,0,1.09,8.49,5.69,-0.05,-0.27,-0.06
15156,0,0,1.11,8.55,5.58,0.05,-0.18,-0.03
15209,0,0,1.01,8.54,5.54,0.03,-0.14,-0.02
15262,0,0,1.13,8.57,5.56,0.06,-0.01,-0.02
15315,0,0,0.95,8.54,5.55,0.19,0.12,-0.09
15368,0,0,0.96,8.65,5.57,0.01,-0.19,0.00
15421,0,0,1.07,8.57,5.49,-0.06,-0.16,-0.05
15474,0,0,1.13,8.31,5.72,0.12,-0.03,-0.04
15527,0,0,1.18,8.49,5.72,0.02,-0.49,-0.04
15580,0,0,1.44,8.59,5.50,-0.08,-0.72,-0.04
15633,0,0,1.00,8.71,5.40,0.02,-0.69,-0.09
15686,0,0,1.03,8.59,5.35,-0.05,-0.77,-0.06
15739,0,0,1.18,8.69,5.43,0.06,-0.29,-0.05
15792,0,0,1.43,8.36,5.65,0.29,0.02,-0.19
15845,0,0,1.27,8.56,5.40,0.09,-0.03,-0.08
15898,0,0,0.93,8.66,5.28,-0.03,0.15,-0.00
15951,0,0,1.23,8.84,5.51,0.08,0.15,-0.06
16004,0,0,1.24,8.47,5.57,0.18,-0.03,-0.14
16057,0,0,0.82,8.83,5.13,0.12,-0.29,-0.12
16110,0,0,0.81,8.82,5.04,0.03,-0.14,-0.04
16163,0,0,0.94,8.73,5.26,0.06,-0.06,-0.05
16216,0,0,0.90,8.71,5.24,-0.00,-0.23,-0.04
16269,0,0,0.87,8.79,5.20,0.04,-0.24,-0.04
16322,0,0,0.95,8.70,5.25,0.06,-0.08,-0.04
16375,0,0,0.95,8.74,5.24,0.01,-0.13,-0.03
16428,0,0,0.96,8.78,5.25,-0.00,-0.13,-0.03
16481,0,0,0.97,8.73,5.33,-0.06,-0.25,-0.05
16534,0,0,0.95,8.65,5.25,-0.11,-0.21,-0.05
16587,0,0,0.85,8.70,5.28,-0.04,-0.20,-0.03
16640,0,0,0.79,8.69,5.32,0.00,-0.12,-0.03
16693,0,0,0.84,8.72,5.28,-0.01,-0.16,-0.01
16746,0,0,0.85,8.66,5.38,-0.02,-0.16,-0.00
16799,0,0,0.90,8.66,5.33,0.04,-0.07,-0.01
16852,0,0,0.91,8.70,5.34,0.07,-0.08,-0.01
16905,0,0,0.88,8.71,5.31,0.02,-0.14,-0.01
16958,0,0,0.89,8.67,5.32,0.03,-0.05,-0.01
17011,0,0,0.83,8.69,5.28,0.07,0.05,-0.02
17064,0,0,0.86,8.73,5.22,0.28,0.17,-0.13
17117,0,0,0.25,9.05,5.15,0.25,-0.18,-0.85
17170,0,0,0.11,8.95,5.17,-0.20,-0.51,-0.21
17223,0,0,0.36,8.75,5.22,0.02,-0.63,0.00
17276,0,0,0.76,8.64,5.25,0.40,0.18,-0.19
17329,0,0,-2.88,10.28,5.35,0.45,0.49,-2.26
17382,0,0,-1.50,8.92,4.14,0.12,-0.25,-1.63
17435,0,0,-1.26,8.77,4.81,-0.52,-0.56,-0.37
17488,0,0,-1.47,8.61,5.05,-0.42,-0.37,-0.15
17541,0,0,-1.42,8.66,5.12,-0.16,-0.17,-0.08
17594,0,0,-1.26,8.52,5.38,-0.13,0.05,-0.23
17647,0,0,-1.47,8.43,5.49,-0.09,-0.04,-0.21
17700,0,0,-1.89,8.54,5.47,-0.45,-0.47,-0.22
17753,0,0,-1.66,8.14,5.77,-0.31,-0.48,-0.27
17806,0,0,-1.78,8.23,5.93,-0.10,-0.21,-0.18
17859,0,0,-2.01,8.06,5.64,0.16,0.11,-0.06
17912,0,0,-2.05,8.24,5.55,-0.08,0.05,-0.15
17965,0,0,-1.97,8.13,5.84,-0.15,-0.15,-0.20
18018,0,0,-2.05,8.03,5.97,-0.00,-0.16,-0.07
18071,0,0,-2.09,8.00,5.93,-0.11,-0.25,-0.10
18124,0,0,-2.02,8.03,5.98,0.02,-0.06,-0.04
18177,0,0,-2.19,8.01,5.89,0.06,0.01,-0.03
18230,0,0,-2.24,7.92,5.80,0.09,-0.10,-0.09
18283,0,0,-2.44,8.10,5.78,-0.02,-0.20,-0.11
18336,0,0,-2.15,8.09,5.79,0.16,-0.34,-0.09
18389,0,0,-2.08,8.22,5.69,-0.03,-0.49,-0.02
18442,0,0,-2.30,7.89,5.66,0.03,-0.25,-0.03
18495,0,0,-1.96,7.85,6.03,-0.09,-0.17,-0.02
18548,0,0,-2.03,8.10,6.14,0.04,-0.05,-0.03
18601,0,0,-2.06,7.83,6.06,0.00,-0.08,-0.03
18654,0,0,-2.31,8.00,5.84,-0.18,-0.16,-0.08
18707,0,0,-2.05,7.90,5.97,0.05,0.03,-0.01
18760,0,0,-2.10,8.02,6.09,-0.07,-0.21,0.01
18813,0,0,-2.20,7.98,6.11,0.04,-0.46,-0.05
18866,0,0,-2.44,7.89,5.83,0.18,-0.51,-0.03
18919,0,0,-2.23,7.92,5.96,-0.04,-0.50,0.01
18972,0,0,-2.13,7.81,5.99,0.01,-0.05,0.03
19025,0,0,-2.01,8.03,6.04,0.08,0.23,-0.00
19078,0,0,-2.01,7.87,6.18,0.08,-0.12,0.00
19131,0,0,-1.04,8.23,5.82,0.97,-0.11,0.35
19184,0,0,-0.79,8.26,5.67,0.81,0.03,1.35
19237,0,0,-1.97,7.64,5.40,-0.71,0.56,0.80
19290,0,0,-1.37,8.66,6.13,-0.22,-0.17,0.48
19343,0,0,-1.08,8.06,5.93,-0.15,-0.43,0.57
19396,0,0,-0.19,8.90,5.52,0.13,-0.46,-0.08
19449,0,0,-1.76,8.42,5.58,0.22,-0.20,-0.40
19502,0,0,-1.14,8.31,5.37,0.56,0.18,0.01
19555,0,0,-0.77,8.79,4.99,0.06,0.37,1.10
19608,0,0,0.05,8.61,5.33,1.01,0.32,2.25
19661,0,0,0.88,8.57,4.89,0.15,0.61,2.09
19714,0,0,2.39,8.24,5.21,0.19,0.16,1.35
19767,0,0,1.57,8.53,4.97,-0.09,0.15,1.34
19820,0,0,3.10,8.22,5.46,-0.19,-0.04,0.77
19873,0,0,2.72,8.59,5.03,-0.04,-0.26,0.05
19926,0,0,2.64,8.85,4.92,0.01,0.04,0.55
19979,0,0,3.09,8.62,5.05,0.29,-0.10,1.52
20032,0,0,4.09,8.37,5.23,0.29,-0.09,0.09
20085,0,0,4.07,8.32,4.97,0.05,-0.08,0.30
20138,0,0,4.47,8.27,5.50,-0.09,-0.18,0.67
20191,0,0,4.13,8.45,5.32,0.56,-1.01,0.65
20244,0,0,4.28,8.64,5.04,1.43,-0.20,1.72
20297,0,0,5.44,6.78,1.99,0.07,0.26,0.58
20350,0,0,4.88,7.59,5.37,0.66,-0.55,-0.40
20403,0,0,4.99,7.69,2.80,0.21,-0.45,-0.07
20456,0,0,5.97,8.05,3.68,0.13,-0.40,-0.25
20509,0,0,5.24,8.16,3.21,0.83,-1.53,-1.30
20562,0,0,4.37,8.24,2.30,-0.19,-0.88,-0.48
20615,0,0,2.17,8.01,2.33,0.51,-1.45,-4.60
20668,0,0,4.47,9.46,2.16,-0.04,-0.90,-0.13
20721,0,0,3.00,9.31,2.40,0.32,-0.83,0.36
20774,0,0,3.93,9.36,1.75,0.55,-1.09,0.15
20827,0,0,3.28,9.16,1.12,0.61,-1.51,0.32
20880,0,0,3.31,8.86,0.54,0.34,-0.93,0.40
20933,0,0,3.40,8.97,0.71,-0.04,-0.05,-0.31
20986,0,0,3.75,9.23,0.86,-0.16,0.49,-0.95
21039,0,0,3.47,9.04,0.50,-0.22,0.16,-0.14
21092,0,0,3.10,9.06,0.74,-0.45,0.23,0.13
21145,0,0,3.02,9.19,1.30,-0.84,0.47,-0.28
21198,0,0,3.26,9.01,2.06,-0.94,0.33,-0.30
21251,0,0,3.33,9.09,2.43,-1.27,0.22,-0.25
21304,0,0,3.24,10.27,3.05,-1.86,-0.00,-0.07
21357,0,0,2.96,8.59,4.02,-0.79,-0.22,0.43
21410,0,0,3.14,8.21,4.52,-0.68,-0.27,0.95
21463,0,0,4.45,8.28,4.30,-0.04,-0.28,0.86
21516,0,0,4.39,8.71,4.08,-0.13,-0.37,0.68
21569,0,0,3.62,7.68,6.10,0.01,-0.46,-0.03
21622,0,0,3.97,8.39,5.19,-0.59,-0.18,-0.70
21675,0,0,4.36,7.91,4.79,-0.06,-0.15,-0.45
21728,0,0,2.90,8.46,5.30,-0.21,0.00,-0.96
21781,0,0,4.51,8.00,4.90,0.08,-0.33,-0.07
21834,0,0,3.39,8.18,5.38,-0.48,-0.57,0.24
21887,0,0,3.77,8.39,5.25,-0.13,-1.52,0.25
21940,0,0,4.27,7.84,4.55,0.10,-1.14,0.01
21993,0,0,4.62,8.59,3.90,-0.22,-0.40,-0.48
22046,0,0,4.14,8.18,4.78,-0.23,-0.25,-0.18
22099,0,0,4.43,8.22,4.61,0.17,0.16,0.74
22152,0,0,4.78,8.02,4.53,0.23,0.37,1.18
22205,0,0,4.83,7.99,4.38,0.27,-0.36,0.55
22258,0,0,5.24,7.57,4.55,0.13,-0.66,0.04
22311,0,0,4.99,7.89,4.34,0.15,-0.14,-0.04
22364,0,0,5.08,7.71,4.26,0.13,0.04,-0.37
22417,0,0,6.39,7.74,6.01,0.24,-0.13,-0.74
22470,0,0,3.39,8.33,5.24,-0.20,0.40,-0.26
22523,0,0,4.30,8.00,3.85,-0.23,0.88,-0.26
22576,0,0,4.71,8.04,3.87,0.10,0.76,0.09
22629,0,0,4.10,8.31,3.83,0.32,0.52,0.13
22682,0,0,4.45,8.28,4.56,0.52,0.31,0.17
22735,0,0,3.87,7.92,7.42,0.68,0.60,0.34
22788,0,0,3.64,8.25,4.57,0.13,-0.09,-0.11
22841,0,0,4.28,8.26,4.57,0.10,0.15,-0.11
22894,0,0,3.65,8.36,4.78,0.10,0.34,-0.00
22947,0,0,3.81,8.39,4.64,-0.06,0.28,0.03
23000,0,0,3.63,8.21,4.77,0.09,0.46,0.08
23053,0,0,3.50,8.35,5.05,0.09,0.37,0.02
23106,0,0,3.50,8.23,5.01,0.05,0.21,0.03
23159,0,0,3.54,8.36,5.01,0.07,0.29,-0.05
23212,0,0,3.31,8.30,5.05,0.10,-0.01,-0.01
23265,0,0,3.37,8.36,5.03,-0.04,-0.06,-0.06
23318,0,0,3.25,8.30,5.12,-0.08,-0.10,-0.03
23371,0,0,3.20,8.30,5.19,-0.09,-0.09,-0.05
23424,0,0,3.35,8.25,5.22,-0.15,0.05,-0.04
23477,0,0,2.86,8.37,5.31,-0.20,-0.05,-0.40
23530,0,0,3.08,8.16,5.48,-0.27,-0.17,0.05
23583,0,0,3.30,8.14,5.44,-0.11,-0.09,0.03
23636,0,0,3.11,8.20,5.75,-0.19,-0.07,0.01
23689,0,0,3.20,8.03,5.73,-0.23,-0.04,-0.01
23742,0,0,3.18,7.89,5.78,-0.13,-0.27,-0.02
23795,0,0,3.14,7.98,5.84,-0.07,-0.37,-0.10
23848,0,0,3.22,8.06,5.83,-0.10,-0.37,-0.05
23901,0,0,3.45,7.83,5.90,-0.10,-0.07,0.07
23954,0,0,3.29,7.65,5.83,-0.02,-0.18,0.05
24007,0,0,3.62,7.85,5.77,0.18,-0.08,-0.01
24060,0,0,3.35,7.92,5.71,0.35,-0.20,-0.01
24113,0,0,3.55,7.98,5.44,0.56,-0.32,-0.01
24166,0,0,3.45,8.23,5.26,0.74,-0.36,-0.08
24219,0,0,3.63,8.31,4.80,0.53,-0.25,-0.03
24272,0,0,3.52,8.44,4.68,0.53,-0.19,-0.03
24325,0,0,3.51,8.47,4.71,0.53,0.05,-0.05
24378,0,0,3.68,8.81,4.07,0.37,-0.01,-0.01
24431,0,0,3.48,8.91,4.12,-0.08,0.08,0.02
24484,0,0,3.50,8.65,4.36,-0.46,-0.01,0.11
24537,0,0,3.58,8.42,4.52,-0.44,-0.12,-0.04
24590,0,0,3.45,8.59,4.99,-0.58,-0.16,-0.24
24643,0,0,3.53,8.20,5.11,-0.74,0.01,-0.34
24696,0,0,3.01,8.09,5.46,-0.53,0.00,-0.23
24749,0,0,2.70,7.99,5.84,-0.38,0.17,-0.40
24802,0,0,2.85,8.01,6.02,-0.29,0.01,0.00
24855,0,0,2.82,7.93,6.00,0.06,-0.14,0.01
24908,0,0,2.90,7.90,5.76,0.30,-0.14,-0.03
24961,0,0,3.08,8.04,5.65,0.68,0.07,-0.06
25014,0,0,2.79,8.28,5.40,0.61,-0.07,-0.07
25067,0,0,2.80,8.48,5.28,0.59,-0.22,-0.09
25120,0,0,3.07,8.78,4.88,0.50,-0.39,-0.07
25173,0,0,3.06,8.83,4.81,0.35,-0.56,0.00
25226,0,0,3.06,8.79,4.56,0.03,-0.33,0.00
25279,0,0,2.92,8.74,4.41,-0.08,0.00,0.00
25332,0,0,2.58,8.82,4.68,-0.16,-0.13,0.01
25385,0,0,3.03,8.60,4.69,-0.24,-0.00,-0.01
25438,0,0,2.87,8.80,4.96,-0.38,-0.03,-0.03
25491,0,0,2.75,8.43,5.07,-0.34,0.15,-0.04
25544,0,0,2.64,8.30,5.41,-0.22,0.26,-0.10
25597,0,0,2.53,8.37,5.54,0.11,-0.05,-0.08
25650,0,0,2.90,8.25,5.39,0.08,0.28,-0.06
25703,0,0,2.15,8.42,5.51,0.03,-0.02,-0.03
25756,0,0,2.61,8.40,5.30,0.11,-0.38,-0.03
25809,0,0,2.49,8.56,5.28,0.04,-0.25,-0.05
25862,0,0,2.58,8.60,5.24,-0.02,-0.12,-0.01
25915,0,0,2.55,8.47,5.31,-0.07,-0.13,0.00
25968,0,0,2.40,8.62,5.43,-0.19,-0.23,0.01
26021,0,0,2.57,8.20,5.74,-0.13,-0.21,0.02
26074,0,0,2.53,8.13,5.57,-0.17,-0.66,0.06
26127,0,0,2.79,8.31,5.50,-0.10,-0.54,0.03
26180,0,0,2.99,8.30,5.68,-0.05,-0.49,0.02
26233,0,0,2.94,8.08,5.53,-0.53,0.40,0.11
26286,0,0,2.67,8.30,5.79,-0.24,0.43,0.03
26339,0,0,2.24,7.93,6.18,0.09,0.15,-0.01
26392,0,0,2.60,8.05,6.22,0.18,0.07,-0.01
26445,0,0,2.68,8.00,5.78,0.45,-0.16,-0.04
26498,0,0,2.77,8.42,5.58,0.25,-0.38,-0.03
26551,0,0,2.38,8.26,5.64,0.31,-0.91,-0.02
26604,0,0,2.95,8.54,5.21,-0.03,-0.23,0.09
26657,0,0,2.90,8.36,5.65,-0.06,0.96,0.07
26710,0,0,2.79,8.32,5.59,0.38,-0.29,0.01
26763,0,0,2.83,8.40,5.48,0.04,-0.76,0.03
26816,0,0,3.13,8.55,5.20,0.01,-0.13,0.07
26869,0,0,2.56,8.13,6.12,-0.10,0.54,-0.35
26922,0,0,2.71,8.17,5.82,-0.06,-0.55,0.12
26975,0,0,2.68,8.07,5.78,-0.01,-0.16,0.12
27028,0,0,2.85,8.22,5.54,-0.03,-0.18,0.08
27081,0,0,2.60,8.10,6.17,0.05,-0.49,-0.08
27134,0,0,3.46,8.29,4.64,0.75,-1.55,-0.05
27187,0,0,3.29,8.19,5.35,0.19,-0.40,-0.04
27240,0,0,3.25,8.33,5.20,0.08,-0.37,-0.04
27293,0,0,3.17,8.40,5.06,0.08,-0.31,-0.03
27346,0,0,3.12,8.51,4.98,0.10,-0.21,-0.02
27399,0,0,3.21,8.44,5.00,0.14,-0.07,-0.00
27452,0,0,3.49,8.41,5.11,0.08,-0.03,0.00
27505,0,0,3.47,8.40,5.10,0.13,-0.10,-0.06
27558,0,0,3.58,8.49,4.87,0.10,-0.52,-0.11
27611,0,0,3.17,8.60,4.77,-0.01,-0.70,-0.09
27664,0,0,3.35,8.31,4.88,0.00,-0.60,-0.13
27717,0,0,3.30,8.43,4.67,0.04,-0.25,-0.09
27770,0,0,3.39,8.52,4.65,0.05,-0.25,-0.07
27823,0,0,3.33,8.64,4.49,-0.34,-0.37,-0.40
27876,0,0,3.17,8.49,4.82,-0.15,-0.26,-0.15
27929,0,0,3.11,8.45,4.89,0.03,0.01,-0.03
27982,0,0,3.11,8.45,4.91,0.07,0.05,-0.05
28035,0,0,2.96,8.70,4.85,0.09,0.14,-0.03
28088,0,0,3.27,8.41,4.94,0.07,-0.05,-0.03
28141,0,0,2.93,8.59,4.84,0.01,-0.16,-0.02
28194,0,0,2.98,8.57,4.81,0.02,-0.04,-0.01
28247,0,0,3.00,8.52,4.94,0.06,-0.12,-0.02
28300,0,0,3.06,8.48,4.93,0.02,-0.13,-0.01
28353,0,0,2.98,8.53,4.93,0.02,-0.13,-0.02
28406,0,0,3.05,8.47,4.94,0.05,-0.09,-0.03
28459,0,0,2.96,8.53,4.90,0.04,-0.14,-0.03
28512,0,0,2.91,8.61,4.85,0.05,-0.16,-0.03
28565,0,0,2.96,8.55,4.83,0.03,-0.12,-0.01
28618,0,0,2.99,8.56,4.82,0.03,-0.09,-0.01
28671,0,0,2.98,8.58,4.81,0.04,-0.09,-0.02
28724,0,0,2.93,8.56,4.91,-0.02,-0.18,-0.00
28777,0,0,2.93,8.57,4.93,0.03,-0.08,-0.02
28830,0,0,2.90,8.58,4.89,0.06,-0.13,-0.03
28883,4095,0,3.00,8.52,4.83,0.06,-0.25,-0.02
28936,0,0,3.00,8.54,4.81,-0.09,-0.09,0.00
28989,0,0,2.92,8.55,4.86,-0.01,-0.01,-0.01
29042,0,0,2.82,8.57,5.05,0.04,-0.04,-0.09
29095,0,0,2.78,8.59,4.92,-0.04,0.01,-0.01
29148,0,0,2.79,8.59,4.90,-0.06,-0.16,-0.00
29201,0,0,2.89,8.55,4.93,-0.00,-0.14,-0.03
29254,0,0,2.85,8.54,4.98,0.03,-0.12,-0.02
29307,0,0,2.87,8.54,4.92,0.00,-0.19,-0.01
29360,4095,0,2.82,8.57,4.95,0.04,-0.11,-0.02
29413,4095,0,2.81,8.56,4.92,0.00,-0.12,-0.01
29466,4095,0,2.83,8.56,4.95,0.04,-0.16,-0.01
29519,4095,0,2.87,8.54,4.92,0.02,-0.14,-0.01
29572,4095,0,2.87,8.55,4.93,-0.02,-0.18,-0.00
29625,4095,0,2.84,8.55,5.02,-0.10,-0.20,-0.05
29678,4095,0,2.82,8.52,5.04,0.03,-0.19,-0.07
29731,0,0,2.76,8.55,5.01,0.05,-0.12,-0.02
29784,0,0,2.79,8.54,5.03,-0.02,-0.17,-0.01
29837,0,0,2.71,8.43,5.05,-0.07,-0.12,-0.10
29890,0,0,2.74,8.54,5.10,0.06,-0.11,-0.04
29943,0,0,2.72,8.53,5.03,-0.05,-0.20,-0.03
29996,4095,0,3.00,9.12,4.95,-0.64,-0.08,-1.85
30049,4095,0,2.38,8.49,5.21,0.08,-0.09,-0.05
30102,4095,0,2.36,8.63,5.06,0.31,-0.04,-0.28
30155,0,0,2.26,8.61,5.09,-0.04,-0.09,-0.02
30208,0,0,2.24,8.63,5.10,0.08,-0.11,-0.04
30261,0,0,2.22,8.67,5.11,0.01,-0.14,-0.02
30314,0,0,2.22,8.63,5.12,-0.03,-0.22,-0.02
30367,0,0,2.23,8.58,5.12,-0.11,-0.24,-0.02
30420,0,0,2.28,8.57,5.18,0.02,-0.16,-0.02
30473,0,0,2.28,8.57,5.16,-0.04,-0.18,-0.04
30526,0,0,2.23,8.59,5.18,0.04,-0.09,-0.02
30579,0,0,2.23,8.60,5.16,0.06,-0.06,-0.04
30632,0,0,2.22,8.60,5.16,0.01,-0.16,-0.01
30685,0,0,2.24,8.59,5.16,0.01,-0.10,-0.01
30738,0,0,2.22,8.64,5.18,0.02,-0.12,-0.01
30791,0,0,2.19,8.60,5.19,0.02,-0.18,-0.01
30844,0,0,2.21,8.62,5.17,0.00,-0.20,-0.01
30897,0,0,2.21,8.60,5.18,0.03,-0.11,-0.02
30950,0,0,2.22,8.60,5.16,0.02,-0.14,-0.01
31003,0,0,2.22,8.61,5.17,0.02,-0.13,-0.01
31056,0,0,2.25,8.62,5.15,0.03,-0.15,-0.01
31109,0,0,2.24,8.63,5.12,0.02,-0.15,-0.01
31162,0,0,2.23,8.62,5.17,0.02,-0.17,-0.01
31215,0,0,2.20,8.62,5.15,0.04,-0.13,-0.02
31268,0,0,2.24,8.60,5.16,0.01,-0.14,-0.01
31321,0,0,2.25,8.61,5.16,0.02,-0.12,-0.01
31374,0,0,2.25,8.60,5.18,0.05,-0.07,-0.03
31427,0,0,2.19,8.63,5.10,0.05,0.01,-0.03
31480,0,0,2.15,8.64,5.14,0.06,-0.01,-0.03
31533,0,0,2.11,8.66,5.16,0.02,-0.06,-0.01
31586,0,0,2.08,8.66,5.16,-0.05,-0.18,0.01
31639,0,0,2.09,8.50,5.32,-0.26,-0.31,-0.09
31692,0,0,2.60,9.19,5.33,-0.93,-0.16,-2.37
31745,0,0,1.50,8.51,5.48,-0.03,-0.12,-0.09
31798,0,0,1.36,8.54,5.54,0.12,0.18,-0.07
31851,0,0,1.25,8.59,5.55,0.02,0.22,-0.02
31904,0,0,1.11,8.56,5.68,0.05,0.03,-0.03
31957,0,0,1.12,8.56,5.57,-0.02,-0.18,-0.01
32010,0,0,1.18,8.56,5.52,0.03,-0.04,-0.02
32063,0,0,1.06,8.48,5.67,-0.08,0.18,-0.06
32116,0,0,0.51,8.17,5.73,-0.13,0.36,-1.11
32169,0,0,0.41,8.88,5.66,-0.02,0.24,-0.43
32222,4095,0,-0.33,8.47,5.74,-0.08,0.12,-0.32
32275,4095,0,-0.67,8.33,5.84,0.08,0.05,-0.10
32328,4095,0,-0.61,8.17,6.25,0.09,0.12,-0.08
32381,4095,0,-1.16,9.29,5.29,-0.18,-0.01,-0.40
32434,4095,0,-1.16,8.13,5.96,-0.12,0.20,-0.00
32487,4095,0,-1.43,7.94,6.10,-0.12,0.23,-0.16
32540,4095,0,-1.27,8.20,5.91,0.02,0.06,-0.05
32593,4095,0,9.95,4.02,8.50,-1.89,-3.18,-0.75
32646,4095,0,-0.04,3.70,3.11,-3.50,-5.84,0.25
32699,4095,0,0.04,7.94,16.17,-3.84,-4.89,-2.86
32752,4095,0,1.64,7.21,14.57,-0.29,-4.66,1.01
32805,4095,0,-3.04,6.46,9.85,-0.16,-0.65,-0.42
32858,4095,0,2.05,5.79,11.40,0.73,3.54,-0.90
32911,4095,0,10.52,5.78,9.59,1.44,2.87,2.33
32964,4095,0,2.77,4.05,5.69,0.24,-1.26,-0.65
33017,4095,0,3.43,3.70,8.84,-0.55,-1.21,-0.27
33070,4095,0,2.80,5.44,10.01,-0.82,-1.09,-0.09
33123,4095,0,3.14,7.00,12.46,-0.50,-1.22,0.14
33176,4095,0,-1.33,5.47,5.35,-0.96,0.63,0.00
33229,4095,0,5.46,6.14,10.34,0.02,2.62,-0.82
33282,4095,0,6.26,5.29,8.40,1.00,0.62,0.02
33335,4095,0,5.96,5.83,9.68,0.31,-2.21,-0.25
33388,4095,0,3.66,5.57,11.34,0.13,-3.21,0.03
33441,4095,0,1.37,5.26,10.63,0.06,-1.23,0.04
33494,4095,0,0.82,4.60,7.98,0.10,0.92,0.37
33547,4095,0,3.92,6.18,8.93,-0.81,1.63,-0.42
33600,4095,0,4.17,6.37,7.59,-0.09,0.17,-0.10
33653,4095,0,3.88,6.24,7.80,0.67,-0.99,-0.17
33706,4095,0,3.42,5.43,8.58,0.66,-1.31,-0.41
33759,4095,0,3.61,5.05,10.43,0.92,-0.73,0.25
33812,4095,0,1.37,4.30,7.87,-0.19,0.67,0.17
33865,4095,0,3.11,5.25,8.60,-0.89,1.92,0.31
33918,4095,0,4.49,5.86,8.67,-0.69,1.50,0.77
33971,4095,0,3.14,6.35,6.82,-0.75,0.27,0.41
34024,4095,0,3.30,5.62,7.15,0.13,0.16,0.10
34077,4095,0,4.28,5.66,9.03,0.37,-0.19,-0.30
34130,4095,0,3.66,3.77,8.12,1.31,-1.17,1.70
34183,4095,0,4.61,5.09,10.72,-0.49,-1.21,-0.44
34236,4095,0,2.99,5.67,10.30,-0.11,-1.04,0.24
34289,4095,0,1.68,4.32,7.74,0.06,0.10,0.05
34342,4095,0,4.17,4.78,9.13,0.07,0.83,-0.07
34395,4095,0,4.55,4.62,8.46,-0.09,0.34,0.08
34448,4095,0,4.40,5.17,8.67,-0.52,-0.29,0.12
34501,4095,0,2.93,5.39,8.70,-0.33,-0.81,0.38
34554,4095,0,1.92,5.22,7.99,-0.01,0.13,-0.08
34607,4095,0,3.05,4.33,8.07,0.42,0.81,-0.12
34660,4095,0,3.70,3.90,7.75,0.02,0.56,-0.18
34713,4095,0,3.59,4.44,8.10,-0.68,-0.53,0.07
34766,4095,0,3.56,5.96,9.42,-1.11,-0.84,-0.40
34819,4095,0,4.06,5.74,9.90,0.09,-0.14,-0.29
34872,4095,0,5.49,5.35,11.77,1.79,-0.83,-0.25
34925,4095,0,2.56,3.68,9.68,0.87,-1.65,0.28
34978,4095,0,0.39,1.83,7.64,-0.06,-0.59,0.09
35031,4095,0,3.91,4.96,11.43,-1.54,0.98,-0.72
35084,4095,0,4.17,5.71,8.59,-0.77,1.26,0.08
35137,4095,0,4.76,5.23,7.22,-0.20,0.67,-0.32
35190,4095,0,5.52,5.37,9.02,0.11,-1.04,-0.60
35243,4095,0,3.34,4.71,9.54,0.62,-2.02,-0.13
35296,4095,0,2.35,4.08,9.96,0.66,-0.84,-0.03
35349,4095,0,2.47,3.59,9.38,0.03,0.60,-0.19
35402,4095,0,3.49,3.83,8.50,-0.50,0.97,-0.05
35455,4095,0,4.41,4.92,8.67,-0.76,0.10,0.03
35508,4095,0,3.78,5.59,8.70,-0.38,-0.69,-0.14
35561,4095,0,3.14,5.31,9.07,0.41,-0.72,-0.09
35614,4095,0,3.32,4.61,9.50,0.80,-0.27,-0.11
35667,4095,0,3.47,4.11,9.22,0.37,-0.01,-0.15
35720,4095,0,3.82,4.08,9.04,-0.17,0.05,-0.10
35773,4095,0,3.81,4.57,8.85,-0.45,-0.16,0.01
35826,4095,0,3.46,5.13,8.60,-0.30,-0.34,-0.05
35879,4095,0,3.64,5.38,9.20,0.14,-0.25,-0.09
35932,4095,0,3.66,4.91,9.11,0.40,-0.26,-0.05
35985,4095,0,3.76,4.44,9.12,0.32,-0.14,-0.07
36038,4095,0,3.64,4.29,8.81,-0.04,-0.15,-0.08
36091,4095,0,3.68,4.55,8.77,-0.18,-0.14,-0.02
36144,4095,0,3.83,4.64,5.45,-0.19,0.01,-0.08
36197,4095,0,6.36,3.39,9.58,-0.22,-2.63,1.10
36250,4095,0,-3.10,-0.41,11.83,0.51,0.34,3.93
36303,4095,0,9.85,9.32,9.15,-0.60,-0.15,0.47
36356,4095,0,4.58,2.41,10.65,0.73,-0.48,0.67
36409,4095,0,5.60,3.25,9.33,-0.54,0.23,0.78
36462,4095,0,4.02,3.12,9.30,0.22,-0.19,0.30
36515,4095,0,5.45,2.66,10.23,0.63,-0.07,1.94
36568,4095,0,4.69,2.87,8.72,0.08,0.42,0.61
36621,4095,0,4.91,3.83,9.56,0.44,0.74,1.28
36674,4095,0,5.33,2.75,9.04,0.80,0.04,1.18
36727,4095,0,4.80,3.75,8.83,0.60,-0.28,0.54
36780,4095,0,6.02,3.14,9.51,0.84,-0.75,1.62
36833,4095,0,8.12,4.02,9.86,0.36,-1.45,0.89
36886,4095,0,4.11,4.52,8.00,2.34,-0.95,0.93
36939,4095,0,8.18,3.70,7.67,4.57,0.44,-0.50
36992,4095,0,5.64,4.14,5.54,2.69,-1.08,0.41
37045,4095,0,6.96,5.92,6.25,1.16,-2.08,-0.91
37098,4095,0,5.56,7.88,5.37,0.64,-1.96,-1.44
37151,4095,0,6.52,9.43,4.11,0.36,-1.07,-0.66
37204,4095,0,1.95,9.67,3.53,2.76,-0.75,-4.69
37257,4095,0,3.73,8.86,1.34,1.76,0.52,-2.49
37310,4095,0,1.11,7.01,1.97,0.60,0.82,-2.43
37363,4095,0,2.02,15.95,-1.44,0.24,0.88,-2.57
37416,4095,0,0.36,7.85,0.38,1.45,0.65,-1.99
37469,4095,0,-2.24,10.42,0.00,1.05,-0.34,-1.79
37522,4095,0,-2.38,9.14,-0.63,0.37,0.18,-2.56
37575,4095,0,-5.31,9.60,-1.10,-0.70,-0.50,-1.74
37628,4095,0,-5.57,8.40,-1.30,0.93,0.59,-2.01
37681,4095,0,-5.00,7.42,-0.85,0.27,0.03,-0.67
37734,4095,0,-5.30,7.29,-0.88,-0.35,-0.17,-0.37
37787,4095,0,-5.36,7.17,-0.78,-0.05,-0.12,-0.20
37840,4095,0,-6.46,8.06,-1.34,-0.27,-0.40,-0.27
37893,4095,0,-5.29,7.32,-0.64,-0.15,-0.09,0.09
37946,4095,0,-5.27,7.56,-0.96,-0.26,-0.72,0.22
37999,4095,0,-5.74,8.15,-0.11,-0.36,-0.69,1.01
38052,4095,0,-3.25,6.71,0.41,-2.21,0.06,-0.55
38105,4095,0,-8.71,8.61,1.17,-1.28,-0.83,-0.80
38158,4095,0,-5.04,8.42,1.78,-0.62,-0.56,-0.14
38211,4095,0,-4.52,7.72,1.98,-0.12,-1.03,-0.11
38264,4095,0,-4.96,8.55,2.18,-0.47,-1.45,0.05
38317,4095,0,-5.06,8.71,2.12,0.19,-1.23,0.99
38370,4095,0,-4.27,7.04,2.10,-0.26,-1.01,1.09
38423,4095,0,-1.41,5.93,4.93,-1.19,-1.25,0.24
38476,4095,0,-2.94,6.31,4.73,0.60,0.89,1.12
38529,4095,0,-3.58,9.54,5.15,-0.78,-1.12,-2.54
38582,4095,0,-4.16,7.75,4.64,0.31,-0.14,0.75
38635,4095,0,-3.59,9.88,4.07,0.02,-0.44,2.27
38688,4095,0,-3.39,6.30,4.48,-0.05,-0.65,0.53
38741,4095,0,-3.72,10.38,4.46,-0.11,-0.59,0.66
38794,4095,0,-3.04,8.23,4.79,1.77,0.15,0.65
38847,4095,0,-1.78,7.79,3.37,0.49,0.11,0.26
38900,4095,0,-2.78,9.06,2.98,0.38,0.02,-1.16
38953,4095,0,-5.59,7.11,3.91,-0.15,0.24,-7.06
39006,4095,0,-4.93,7.81,3.35,-0.26,-0.01,-2.56
39059,4095,0,-6.45,7.44,3.66,0.19,-0.01,0.16
39112,4095,0,-5.80,7.10,3.22,0.01,0.09,1.19
39165,4095,0,-5.93,7.57,3.27,-0.53,0.13,1.31
39218,4095,0,-5.69,6.25,3.44,-0.47,0.42,1.93
39271,4095,0,-3.10,7.98,3.47,-0.57,0.17,0.46
39324,4095,0,-3.58,6.45,4.08,-0.56,-0.60,-0.06
39377,4095,0,-4.34,8.34,4.42,-0.86,-0.55,0.10
39430,4095,0,-3.78,7.93,4.40,0.25,-0.27,0.78
39483,4095,0,-3.14,7.01,4.38,-0.52,-0.29,1.27
39536,4095,0,-2.77,9.73,4.76,0.68,-0.12,1.18
39589,4095,0,-2.51,7.55,4.46,1.35,-0.16,2.22
39642,4095,0,-1.14,9.12,2.88,0.44,0.34,0.75
39695,4095,0,-1.07,9.67,3.02,-0.18,0.20,0.39
39748,4095,0,-1.13,9.27,3.01,0.11,0.14,0.52
39801,4095,0,-0.36,8.54,3.17,-0.04,0.12,0.42
39854,4095,0,-0.37,9.89,3.70,-0.58,-0.18,-0.21
39907,4095,0,-0.42,9.12,3.29,-0.06,-0.52,-0.01
39960,4095,0,-0.26,9.35,3.82,0.11,-1.04,0.53
40013,4095,0,0.05,8.91,3.24,0.31,-0.36,1.29
40066,4095,0,0.29,9.07,3.62,-0.35,-0.34,0.87
40119,4095,0,1.03,9.74,3.41,-0.15,-0.10,0.82
40172,4095,0,1.38,9.40,4.13,-0.40,-0.21,0.96
40225,4095,0,1.95,9.39,3.88,-0.38,-0.09,0.56
40278,4095,0,1.90,9.82,4.29,0.35,-0.62,1.69
40331,4095,0,3.12,8.50,3.89,-0.01,-0.22,0.93
40384,4095,0,3.69,9.02,3.75,-0.03,-0.09,0.47
40437,4095,0,3.68,8.65,4.04,-0.16,-0.20,0.18
40490,4095,0,3.65,8.37,4.05,-0.19,-0.10,0.06
40543,4095,0,3.85,8.60,4.19,-0.17,-0.06,-0.09
40596,4095,0,3.81,8.56,3.98,-0.14,-0.02,-0.07
40649,4095,0,3.83,8.73,3.87,0.02,-0.03,-0.01
40702,4095,0,3.89,8.56,4.43,0.12,0.01,0.59
40755,4095,0,3.90,8.44,4.27,0.08,-0.04,0.27
40808,4095,0,4.06,8.50,4.04,0.09,-0.11,0.12
40861,4095,0,4.04,8.52,4.13,0.05,-0.16,-0.09
40914,4095,0,4.04,8.49,4.07,-0.01,-0.17,-0.22
40967,4095,0,3.78,8.47,4.22,0.02,-0.19,-0.19
41020,4095,0,3.84,8.50,4.20,-0.00,-0.15,-0.09
41073,4095,0,3.97,8.62,3.97,-0.05,-0.28,-0.08
41126,4095,0,3.85,8.62,4.01,0.11,-0.20,-0.09
41179,4095,0,3.77,8.63,4.02,0.21,-0.17,0.02
41232,4095,0,3.76,8.55,3.96,0.11,-0.14,-0.05
41285,4095,0,3.74,8.62,3.84,0.11,-0.18,-0.09
41338,4095,0,3.74,8.68,3.80,0.09,-0.14,-0.10
41391,4095,0,3.71,8.67,3.77,0.09,-0.15,-0.11
41444,4095,0,3.64,8.65,3.85,0.10,-0.10,-0.18
41497,4095,0,3.53,8.77,3.75,0.01,-0.13,-0.17
41550,4095,0,3.47,8.90,3.69,0.08,-0.15,-0.14
41603,4095,0,3.40,8.91,3.75,0.03,-0.17,-0.08
41656,4095,0,3.48,8.88,3.86,0.03,-0.14,-0.03
41709,4095,0,2.91,9.18,3.84,0.12,-0.11,0.28
41762,4095,0,5.74,7.81,4.24,0.87,0.76,3.31
41815,4095,0,5.32,9.57,3.97,0.51,0.04,1.73
41868,4095,0,6.78,8.48,3.14,0.62,-0.73,1.53
41921,4095,0,6.90,6.88,2.47,0.91,-0.98,1.41
41974,4095,0,7.65,6.50,2.03,0.64,-1.04,0.60
42027,4095,0,7.89,7.13,1.27,0.58,-1.18,0.27
42080,4095,0,7.67,6.73,0.60,1.41,-1.29,1.36
42133,4095,0,7.54,5.05,-0.72,2.31,-1.64,2.66
42186,4095,0,8.40,4.06,-1.65,1.47,-1.20,2.00
42239,4095,0,9.08,3.14,-2.43,0.84,-0.98,1.13
42292,4095,0,8.66,2.82,-2.86,0.71,-0.88,0.64
42345,4095,0,9.03,2.21,-3.45,0.45,-0.72,0.20
42398,4095,0,8.76,2.44,-3.58,0.52,-0.73,0.18
42451,4095,0,8.98,2.38,-3.76,0.33,-0.80,-0.36
42504,4095,0,8.26,2.30,-3.88,0.22,-0.33,0.03
42557,4095,0,8.47,2.28,-4.30,0.13,-0.30,-0.10
42610,4095,0,8.39,2.29,-4.38,0.19,-0.45,-0.31
42663,4095,0,8.05,2.36,-4.08,-0.11,-0.26,-0.70
42716,4095,0,7.70,2.71,-4.09,-1.18,0.42,-2.22
42769,4095,0,7.36,4.59,-3.74,-0.70,0.26,-2.52
42822,4095,0,7.12,5.68,-3.65,-1.02,0.29,-2.83
42875,4095,0,5.80,6.28,-2.63,-1.33,-0.26,-3.49
42928,4095,0,4.95,7.26,-1.93,-0.45,-0.22,-0.27
42981,4095,0,5.47,8.04,-2.37,-0.82,0.20,-0.30
43034,4095,0,5.15,8.53,-2.03,-0.73,0.15,-0.11
43087,4095,0,5.34,8.16,-1.47,-0.28,0.11,0.16
43140,4095,0,5.75,8.38,-0.52,-0.33,0.14,0.18
43193,4095,0,5.63,7.92,-0.13,-0.16,-0.09,0.18
43246,4095,0,5.76,7.89,-0.95,-0.11,-0.18,1.04
43299,4095,0,5.95,7.61,-1.19,-0.11,-0.09,0.81
43352,4095,0,6.35,7.63,-1.03,-0.13,-0.01,0.30
43405,4095,0,6.96,7.91,-0.07,0.03,-0.19,0.41
43458,4095,0,6.52,7.32,0.13,0.01,-0.20,0.03
43511,4095,0,6.65,7.58,-0.79,-0.31,-0.19,-0.32
43564,4095,0,6.40,7.92,-1.22,-0.11,-0.22,-0.33
43617,4095,0,6.34,8.03,-0.87,0.08,-0.21,-0.23
43670,4095,0,6.07,7.60,-0.36,0.12,-0.19,-0.13
43723,4095,0,5.99,7.73,-0.21,0.11,-0.18,-0.30
43776,4095,0,5.70,7.30,-0.62,-0.21,-0.27,-0.18
43829,4095,0,6.33,7.88,-0.97,-0.17,0.07,-0.32
43882,4095,0,5.77,7.44,-0.50,-0.06,-0.05,-0.28
43935,4095,0,5.49,8.04,-0.61,-0.50,-0.05,-0.64
43988,4095,0,5.84,8.88,0.15,-0.03,-0.14,-0.19
44041,4095,0,6.02,8.94,-0.37,0.20,-0.21,0.01
44094,4095,0,1.91,9.65,-1.30,-1.44,-2.11,-4.64
44147,4095,0,3.34,10.66,1.47,-0.84,-0.36,-1.21
44200,4095,0,2.10,9.74,0.29,-0.22,-0.02,-0.70
44253,4095,0,1.57,10.12,0.71,-0.24,0.15,-0.75
44306,4095,0,1.51,9.67,0.42,-0.09,0.03,-0.53
44359,4095,0,1.58,9.90,0.13,0.41,0.47,-0.31
44412,4095,0,1.11,9.38,0.79,-0.38,-0.22,-0.43
44465,4095,0,0.85,9.72,1.00,-0.11,-0.34,-0.37
44518,4095,0,0.75,9.70,0.84,-0.18,-0.19,-0.15
44571,4095,0,0.50,8.30,-0.16,-0.30,-0.23,-0.12
44624,4095,0,0.25,12.62,0.32,-1.23,-0.03,0.32
44677,4095,0,1.27,8.41,2.64,0.79,1.71,0.24
44730,4095,0,1.73,9.38,1.62,0.18,0.40,-0.25
44783,4095,0,0.66,9.70,1.38,0.09,-0.56,-0.66
44836,4095,0,0.22,9.71,1.38,0.10,-0.49,-0.61
44889,4095,0,0.40,9.93,1.20,-0.01,-0.38,-0.18
44942,4095,0,0.17,9.64,1.07,0.01,-0.30,-0.03
44995,4095,0,0.34,9.80,1.08,-0.04,-0.20,-0.06
45048,4095,0,0.43,9.56,0.91,-0.03,-0.20,0.01
45101,4095,0,0.30,9.52,1.08,-0.03,-0.27,-0.07
45154,4095,0,-0.26,9.80,1.09,-0.17,-0.29,-0.07
45207,4095,0,-0.46,10.28,1.41,-0.14,-0.35,-0.10
45260,4095,0,0.04,9.83,1.33,-0.00,-0.22,0.00
45313,4095,0,0.41,9.54,1.22,-0.00,-0.10,0.09
45366,4095,0,0.46,9.57,1.17,0.11,-0.14,0.15
45419,4095,0,0.50,9.66,1.09,0.07,-0.21,-0.02
45472,4095,0,0.21,9.69,1.19,0.01,-0.14,-0.03
45525,4095,0,0.22,9.67,1.24,0.05,-0.13,0.06
45578,4095,0,0.11,9.94,1.26,-0.06,-0.21,-0.09
45631,4095,0,0.19,9.70,1.35,0.05,-0.17,-0.01
45684,4095,0,0.28,9.70,1.30,0.03,-0.18,-0.02
45737,4095,0,0.25,9.80,1.20,-0.03,-0.16,-0.07
45790,4095,0,0.20,9.68,1.16,0.03,-0.17,-0.02
45843,4095,0,0.26,9.63,1.32,0.02,-0.13,-0.09
45896,4095,0,0.17,9.70,1.29,0.05,-0.13,-0.00
45949,4095,0,0.06,9.78,1.16,0.12,-0.17,0.11
46002,4095,0,0.04,9.74,1.14,0.01,-0.16,-0.01
46055,4095,0,0.10,9.83,1.26,0.01,-0.14,-0.02
46108,4095,0,0.22,9.73,1.29,-0.00,-0.14,-0.01
46161,4095,0,0.21,9.66,1.24,0.03,-0.14,0.04
46214,4095,0,0.10,9.72,1.15,0.08,-0.12,-0.04
46267,4095,0,0.06,9.65,1.28,0.14,-0.12,0.12
46320,4095,0,0.22,9.76,1.18,0.11,-0.16,0.09
46373,4095,0,0.26,9.72,1.13,0.08,-0.17,0.07
46426,4095,0,0.24,9.78,1.14,0.06,-0.19,0.01
46479,4095,0,0.28,9.65,1.01,0.12,-0.21,0.08
46532,4095,0,0.29,9.84,1.03,0.22,-0.12,0.11
46585,4095,0,0.16,9.96,0.63,0.53,-0.11,0.20
46638,4095,0,0.59,9.35,0.05,0.45,-0.26,0.10
46691,4095,0,0.60,10.35,-0.27,0.75,-0.06,0.00
46744,4095,0,0.93,7.47,-0.08,1.11,-0.30,0.52
46797,4095,0,0.89,9.05,-0.28,0.50,-0.25,0.44
46850,4095,0,0.82,10.13,-0.68,0.13,-0.24,0.03
46903,4095,0,1.01,9.64,-1.06,0.11,-0.16,0.14
46956,4095,0,1.08,9.51,-1.04,-0.05,-0.14,0.03
47009,4095,0,1.06,9.03,-0.69,-0.28,-0.22,-0.05
47062,4095,0,1.20,9.38,-0.70,-0.47,-0.36,0.02
47115,4095,0,1.95,7.64,0.46,-2.08,-1.11,-0.44
47168,4095,0,1.86,9.13,0.45,-0.25,-0.37,0.24
47221,4095,0,1.21,9.73,0.70,0.02,-0.38,0.44
47274,4095,0,1.52,9.54,0.69,0.03,-0.20,0.16
47327,4095,0,1.55,9.81,0.54,-0.18,-0.23,-0.08
47380,4095,0,1.63,9.57,0.36,-0.21,-0.24,-0.10
47433,4095,0,1.85,9.54,0.52,-0.29,-0.43,-0.46
47486,4095,0,1.21,9.88,0.62,-0.15,-0.35,-0.23
47539,4095,0,2.29,8.85,0.74,-0.19,-0.37,0.66
47592,4095,0,1.23,9.55,1.12,-0.21,-0.35,0.20
47645,4095,0,1.47,9.90,1.08,-0.13,-0.15,0.13
47698,4095,0,1.38,9.71,0.93,-0.15,-0.14,-0.04
47751,4095,0,1.34,9.61,1.28,-0.06,-0.11,-0.05
47804,4095,0,1.42,9.84,1.53,0.02,-0.21,-0.15
47857,4095,0,1.33,9.77,0.85,0.00,-0.23,-0.12
47910,4095,0,0.99,10.35,3.19,0.16,-0.26,-1.15
47963,4095,0,1.17,9.32,0.06,0.49,-0.20,0.03
48016,4095,0,1.08,9.51,-0.03,0.50,-0.12,0.18
48069,4095,0,0.80,9.62,0.39,0.10,-0.03,-0.01
48122,4095,0,0.81,9.76,0.35,0.06,-0.00,0.00
48175,4095,0,0.93,9.63,0.68,-0.05,-0.04,-0.14
48228,4095,0,0.69,9.73,0.82,-0.16,-0.08,-0.10
48281,4095,0,0.70,9.76,0.96,-0.16,-0.15,-0.11
48334,4095,0,0.45,9.64,0.73,-0.15,-0.23,0.04
48387,4095,0,0.61,9.62,0.95,-0.04,-0.11,0.04
48440,4095,0,0.70,9.77,1.06,0.02,-0.15,0.02
48493,4095,0,0.77,9.91,0.87,0.01,-0.15,0.02
48546,4095,0,0.79,9.53,0.89,-0.04,-0.15,-0.02
48599,4095,0,0.83,9.69,1.01,-0.04,-0.15,-0.00
48652,4095,0,0.79,9.62,0.94,-0.07,-0.10,-0.08
48705,4095,0,0.81,9.69,1.03,-0.04,-0.24,-0.08
48758,4095,0,0.82,9.73,1.10,-0.01,-0.40,-0.32
48811,4095,0,0.61,9.74,0.97,0.06,-0.20,-0.00
48864,4095,0,0.36,9.66,0.88,0.05,-0.17,-0.05
48917,4095,0,0.59,9.91,0.92,0.05,-0.21,-0.15
48970,4095,0,0.67,9.49,1.02,-0.14,-0.17,-0.42
49023,4095,0,1.22,9.16,1.39,-0.30,-0.17,0.22
49076,4095,0,2.04,9.51,1.47,-0.06,-0.46,-0.30
49129,4095,0,0.50,9.37,1.49,-0.01,-0.22,-0.05
49182,4095,0,0.46,9.66,1.69,-0.07,-0.06,-0.19
49235,4095,0,0.02,10.28,1.90,-0.04,-0.11,-0.54
49288,4095,0,-1.73,10.72,1.36,0.13,0.31,-1.23
49341,4095,0,-2.43,10.95,1.68,0.67,1.11,-1.02
49394,4095,0,-1.37,8.42,1.44,0.60,1.89,-0.48
49447,4095,0,0.30,9.49,0.70,0.30,1.38,-0.37
49500,4095,0,-0.59,8.93,0.74,0.12,1.40,0.05
1694,4095,0,-2.24,9.13,3.89,-0.50,0.33,-0.49
1747,4095,0,-3.38,8.10,4.88,-0.61,-0.23,-0.34
1800,4095,0,-3.39,8.15,4.75,-0.62,-0.12,-0.03
1853,4095,0,-3.22,7.60,4.96,-0.58,-0.01,0.15
1906,4095,0,-3.62,8.32,4.65,1.58,-0.54,1.26
1959,4095,0,-1.90,8.19,4.54,1.14,-0.45,0.61
2012,4095,0,-1.76,9.63,4.05,0.20,-0.57,0.15
2065,4095,0,-1.53,8.75,3.70,0.71,-0.70,1.17
2118,4095,0,-0.62,8.68,3.38,0.90,-0.54,1.00
2171,4095,0,1.44,12.37,3.84,-0.09,-0.32,1.34
2224,4095,0,1.73,9.15,3.09,0.52,-0.51,3.09
2277,4095,0,0.83,8.67,2.70,-0.43,-0.03,1.64
2330,4095,0,2.55,10.47,2.94,0.01,-0.36,-0.01
2383,4095,0,3.02,9.24,3.12,0.11,-0.17,1.43
2436,4095,0,3.54,9.12,3.07,0.26,0.00,1.46
2489,4095,0,4.04,8.82,2.93,0.06,0.14,1.11
2542,4095,0,4.51,8.50,2.90,-0.01,0.15,0.73
2595,4095,0,5.12,8.36,3.24,-0.17,0.08,1.14
2648,4095,0,5.41,7.86,3.28,-0.19,0.18,0.46
2701,4095,0,5.79,7.73,3.17,-0.20,0.25,0.65
2754,4095,0,6.80,7.78,3.33,-0.01,0.07,1.05
2807,4095,0,5.96,7.49,3.51,0.28,-0.03,0.86
2860,4095,0,6.58,7.07,3.59,0.04,-0.09,0.17
2913,4095,0,6.76,6.80,3.58,0.23,-0.06,0.53
2966,4095,0,6.68,6.90,3.31,0.08,-0.15,0.08
3019,4095,0,7.02,6.95,3.18,0.10,-0.21,-0.02
3072,4095,0,6.73,7.09,3.37,0.15,-0.04,-0.10
3125,4095,0,7.01,7.31,3.30,0.25,-0.38,-0.26
3178,4095,0,5.39,6.95,2.99,0.09,0.08,-0.82
3231,4095,0,5.88,7.49,3.52,-0.08,0.60,-2.22
3284,4095,0,3.91,7.20,3.67,-0.64,0.57,-1.92
3337,4095,0,5.65,10.58,4.07,-0.26,-0.13,-1.73
3390,4095,0,4.29,8.88,2.38,0.21,-0.31,-0.90
3443,4095,0,2.88,8.24,2.79,0.59,-0.88,-1.00
3496,4095,0,2.94,9.04,3.94,0.32,-0.83,-0.96
3549,4095,0,4.10,10.23,3.21,2.77,-1.54,3.04
3602,4095,0,5.24,9.40,1.78,1.47,-1.02,3.19
3655,4095,0,5.68,6.39,0.48,1.58,-1.02,3.31
3708,4095,0,6.90,5.01,-1.02,0.76,-0.73,2.41
3761,4095,0,6.53,4.83,-2.31,0.17,-0.13,0.84
3814,4095,0,8.65,5.99,-0.72,-0.60,0.22,-0.14
3867,4095,0,7.91,5.62,0.00,-0.46,-0.04,0.08
3920,4095,0,7.76,5.37,0.11,-0.64,-0.05,-0.47
3973,4095,0,7.90,6.23,-0.22,-0.75,-0.29,-1.23
4026,4095,0,7.25,6.47,0.88,-1.31,-0.02,-2.78
4079,4095,0,5.87,8.05,0.96,-1.57,0.25,-3.26
4132,4095,0,4.57,9.69,1.41,-2.26,-0.27,-4.99
4185,4095,0,2.21,9.41,3.28,0.06,-0.51,-0.83
4238,4095,0,1.62,8.64,3.38,-0.43,0.07,-0.38
4291,4095,0,2.58,10.32,3.02,-0.04,-0.10,-0.46
4344,4095,0,1.58,9.02,2.89,0.42,-0.39,-0.26
4397,4095,0,1.12,9.20,2.96,0.45,-0.36,-0.20
4450,4095,0,0.81,9.78,2.95,0.32,-1.24,-0.51
4503,4095,0,0.73,7.80,3.07,-0.31,0.25,0.17
4556,4095,0,0.91,8.43,2.77,0.51,-0.44,2.20
4609,4095,0,2.76,9.24,2.73,0.19,-0.09,2.09
4662,4095,0,3.47,8.94,2.51,0.25,-0.20,1.59
4715,4095,0,4.11,8.93,2.44,0.17,0.00,0.75
4768,4095,0,4.32,8.81,2.38,0.11,-0.12,0.08
4821,4095,0,4.23,9.56,2.37,0.23,-0.56,-0.46
4874,4095,0,3.47,9.61,3.31,-4.44,0.44,-3.78
4927,4095,0,-0.25,13.98,3.90,0.54,0.55,0.48
4980,4095,0,-1.35,6.77,5.38,-1.68,0.66,-3.01
5033,4095,0,-0.82,9.96,4.55,0.85,-0.34,-0.62
5086,4095,0,-1.67,11.55,3.64,1.98,2.00,0.42
5139,4095,0,0.65,4.00,2.93,1.29,0.24,-1.26
5192,4095,0,-0.70,11.85,2.66,1.03,1.19,-0.05
5245,4095,0,-1.04,7.93,2.32,0.11,0.95,-0.17
5298,4095,0,-1.08,11.63,2.26,1.29,1.75,-0.25
5351,4095,0,-1.46,7.46,0.89,0.19,0.17,-0.18
5404,4095,0,-1.38,9.28,1.76,-0.46,0.30,-0.36
5457,4095,0,-1.52,9.46,1.07,-0.71,0.06,-0.38
5510,4095,0,-2.70,9.12,1.58,-0.04,-0.47,0.85
5563,4095,0,-1.39,8.04,3.14,-1.57,0.19,0.45
5616,4095,0,-0.58,10.02,3.12,0.65,-0.17,2.24
5669,4095,0,0.46,11.33,1.92,0.27,-0.51,0.35
5722,4095,0,0.12,8.99,0.77,0.17,-0.30,-1.92
5775,4095,0,-1.95,13.37,5.60,-0.89,-0.64,-0.49
5828,4095,0,-1.34,10.32,2.39,0.40,0.40,-0.20
5881,4095,0,-1.57,8.45,2.79,0.28,0.54,-0.36
5934,4095,0,-0.32,9.67,2.00,-0.12,0.25,-0.21
5987,4095,0,-1.46,11.13,-0.01,1.30,0.06,0.46
6040,4095,0,-1.03,8.71,1.26,0.69,0.10,0.12
6093,4095,0,-0.44,9.95,1.99,-1.22,-0.14,-1.52
6146,4095,0,-2.22,11.35,2.44,4.05,-1.95,2.03
6199,4095,0,-3.54,5.46,0.47,0.33,0.23,0.24
6252,4095,0,1.90,8.79,-0.28,1.28,0.83,0.05
6305,4095,0,-3.62,11.10,1.17,0.82,-0.26,-0.51
6358,4095,0,0.64,9.04,-0.58,-0.52,-0.32,0.18
6411,4095,0,-1.87,10.93,-1.24,-0.67,-0.90,-0.70
6464,4095,0,-1.01,7.99,-0.62,-0.02,-1.02,-0.23
6517,4095,0,-0.98,7.16,0.57,-0.88,-1.86,-1.12
6570,4095,0,-3.09,10.81,0.89,-1.89,-1.22,-1.09
6623,4095,0,-1.73,8.14,1.65,0.36,-0.62,0.33
6676,4095,0,-3.21,8.72,1.52,-1.37,-0.24,0.18
6729,4095,0,-3.65,10.07,1.23,-1.32,-0.56,-0.18
6782,4095,0,-1.38,7.89,6.06,-0.83,0.35,0.60
6835,4095,0,-5.60,11.55,3.29,-1.98,1.51,0.17
6888,4095,0,2.37,10.87,3.99,0.65,0.26,0.50
6941,4095,0,-3.44,7.10,4.49,0.74,-0.10,0.10
6994,4095,0,-2.24,10.36,2.61,-0.50,-0.80,-0.20
7047,4095,0,-1.70,11.50,2.75,0.40,-0.18,-0.24
7100,4095,0,-1.36,8.02,1.77,0.89,-0.35,0.33
7153,4095,0,-1.33,6.86,3.09,1.09,-0.83,0.54
7206,4095,0,-0.98,13.12,0.55,-0.62,-1.56,-1.44
7259,4095,0,-3.82,7.27,4.05,1.66,-1.10,0.26
7312,4095,0,0.02,8.04,3.23,-0.46,-0.55,-0.19
7365,4095,0,-6.44,9.34,3.07,0.61,-2.07,1.59
7418,4095,0,-1.42,8.99,1.02,-1.72,2.85,-1.16
7471,4095,0,0.76,11.34,1.47,0.89,-1.00,0.80
7524,4095,0,-1.24,7.84,2.93,-0.82,-0.17,-1.04
7577,4095,0,-2.10,10.70,2.54,0.32,-0.98,-0.21
7630,4095,0,-0.33,6.43,2.03,-0.23,-0.67,-0.04
7683,4095,0,-4.84,12.54,2.46,-0.90,0.87,1.19
7736,4095,0,2.77,6.91,5.24,1.54,-0.77,2.01
7789,4095,0,-2.18,9.82,3.28,-1.90,-0.02,-0.90
7842,4095,0,-1.41,11.33,2.67,0.27,-0.00,0.63
7895,4095,0,-0.30,7.16,3.83,-0.42,-0.30,0.83
7948,4095,0,-0.60,8.62,5.55,-3.26,0.34,-0.65
8001,4095,0,0.65,11.23,5.60,-1.30,0.54,0.07
8054,4095,0,0.31,9.59,5.91,-0.16,-0.05,-0.03
8107,4095,0,3.30,9.95,6.14,-0.08,-1.63,-1.09
8160,4095,0,-0.66,7.35,7.67,1.35,-3.11,0.17
8213,4095,0,-3.30,7.11,6.14,0.04,-0.70,-0.07
8266,4095,0,0.07,8.13,6.17,-0.89,0.85,-0.57
8319,4095,0,1.68,9.26,4.94,-0.49,-0.41,-0.22
8372,4095,0,-0.62,8.39,6.78,0.19,-1.19,0.89
8425,4095,0,-1.02,8.37,6.15,-0.19,0.53,0.09
8478,4095,0,-0.10,7.45,4.96,0.02,0.36,1.47
8531,4095,0,1.39,6.93,6.39,-1.14,0.09,0.92
8584,4095,0,0.55,10.19,8.19,-2.20,-0.88,0.11
8637,4095,0,-1.19,9.43,8.22,0.94,0.51,0.03
8690,4095,0,0.68,7.03,7.91,1.33,1.22,-0.61
8743,4095,0,-0.00,7.67,4.46,-0.39,1.24,-0.76
8796,4095,0,1.89,6.77,6.24,-0.71,0.45,-1.23
8849,4095,0,-0.76,9.18,6.90,0.63,0.21,0.69
8902,4095,0,-1.64,7.26,6.46,-0.45,0.62,0.62
8955,4095,0,-2.90,10.26,5.80,1.86,1.45,0.95
9008,4095,0,1.85,7.07,5.39,0.17,1.24,-0.57
9061,4095,0,-0.87,8.47,5.35,-0.29,-0.06,0.39
9114,4095,0,-0.83,6.68,5.59,-1.04,0.48,-0.47
9167,4095,0,-2.73,9.96,7.01,-1.23,-0.66,-1.36
9220,4095,0,-1.52,8.33,5.59,1.80,-1.07,-0.05
9273,4095,0,-2.40,5.00,6.50,-0.44,-0.12,-0.50
9326,4095,0,-1.92,9.40,7.36,-0.93,-1.04,-0.50
9379,4095,0,-1.87,6.73,6.76,0.28,0.05,-0.08
9432,4095,0,-1.20,8.33,6.77,0.31,-0.83,0.51
9485,4095,0,-2.14,7.72,6.25,0.03,-0.26,-0.23
9538,4095,0,-1.28,6.81,6.60,0.99,-1.05,0.97
9591,4095,0,-2.10,6.60,7.15,-0.57,-0.48,0.16
9644,4095,0,-0.18,9.64,6.84,-0.73,-0.44,-0.43
9697,4095,0,-1.92,6.71,6.95,1.11,-0.77,0.62
9750,4095,0,-0.12,7.28,7.45,-1.16,0.17,-0.42
9803,4095,0,-1.18,8.38,7.00,0.13,-0.52,0.15
9856,4095,0,0.85,8.49,7.64,0.18,-0.59,-0.25
9909,4095,0,-0.35,8.00,7.16,0.79,-1.27,0.07
9962,4095,0,-1.74,6.65,7.11,0.75,-0.69,0.23
10015,4095,0,0.11,7.07,6.91,-0.53,-0.06,-0.26
10068,4095,0,-0.56,8.43,7.14,-0.55,-0.58,0.14
10121,4095,0,-0.39,8.20,7.07,0.18,0.10,0.03
10174,4095,0,0.03,6.59,7.23,0.05,-0.33,0.27
10227,4095,0,-0.26,7.51,7.13,-0.50,-0.00,0.03
10280,4095,0,0.00,7.50,7.43,-0.28,-0.21,0.13
10333,4095,0,0.24,7.89,7.23,0.06,-0.22,-0.01
10386,4095,0,-0.33,6.76,7.47,0.20,-0.27,0.19
10439,4095,0,0.26,7.42,7.34,-0.33,-0.40,-0.14
10492,4095,0,-0.35,7.82,7.46,0.05,-0.40,0.11
10545,4095,0,0.37,7.09,7.56,0.05,-0.02,-0.05
10598,4095,0,0.10,7.60,7.26,-0.00,-0.45,-0.02
10651,4095,0,0.12,7.37,7.47,0.08,-0.05,-0.10
10704,4095,0,-0.06,7.04,7.56,-0.12,-0.27,-0.06
10757,4095,0,-0.03,7.55,7.47,0.07,-0.20,-0.01
10810,4095,0,0.39,7.12,7.49,0.06,-0.13,0.04
10863,4095,0,0.01,7.28,7.50,-0.14,-0.13,-0.02
10916,4095,0,0.21,7.44,7.50,0.04,-0.15,-0.02
10969,4095,0,0.16,7.04,7.60,0.05,-0.15,0.02
11022,4095,0,0.32,7.25,7.80,-0.26,-0.12,-0.01
11075,4095,0,0.39,7.87,7.86,-0.01,-0.26,0.12
11128,4095,0,0.82,8.42,7.62,0.30,-0.54,-0.50
11181,4095,0,-0.26,7.27,8.32,1.06,-1.07,0.12
11234,4095,0,0.01,5.91,7.73,-0.60,0.41,-0.70
11287,4095,0,0.13,7.78,8.29,-0.17,0.12,0.66
11340,4095,0,-2.05,6.05,7.84,0.37,0.76,0.26
11393,4095,0,-2.26,7.52,8.15,-0.53,2.11,0.23
11446,4095,0,-0.32,7.18,7.44,-0.05,2.80,0.11
11499,4095,0,-0.37,7.74,6.84,-0.23,1.51,-0.04
11552,4095,0,-1.29,8.13,6.55,-0.08,0.47,-0.52
11605,4095,0,-2.25,6.79,6.26,0.20,0.29,-0.13
11658,4095,0,-2.15,7.26,6.00,-0.27,-0.13,-0.15
11711,4095,0,-2.13,8.30,6.38,0.27,-1.09,-0.09
11764,4095,0,-4.53,6.73,7.07,0.98,-0.87,0.38
11817,4095,0,-2.11,6.04,6.67,-0.05,0.10,-0.31
11870,4095,0,-2.72,8.09,6.72,-0.30,-0.52,0.05
11923,4095,0,-2.13,7.45,6.61,0.36,0.01,0.02
11976,4095,0,-2.14,7.10,6.65,0.06,-0.50,0.20
12029,4095,0,-2.20,8.00,6.73,0.08,-0.16,-0.05
12082,4095,0,-2.07,7.68,6.73,0.33,-0.46,0.14
12135,4095,0,-2.34,7.22,6.75,0.28,-0.17,-0.03
12188,4095,0,-2.11,7.79,6.50,0.05,-0.12,-0.10
12241,4095,0,-0.50,7.71,9.00,0.31,0.04,-0.54
12294,4095,0,-2.21,7.71,6.60,0.22,-0.54,0.32
12347,4095,0,-2.64,7.71,6.86,-0.15,0.04,-0.04
12400,4095,0,-1.87,8.03,5.98,-0.07,0.21,-0.07
12453,4095,0,-1.37,7.79,6.18,0.33,-0.18,0.09
12506,4095,0,-1.93,7.61,6.25,0.09,-0.38,0.04
12559,4095,0,-1.89,7.75,6.13,-0.11,-0.34,0.01
12612,4095,0,-1.53,7.97,6.34,-0.08,-0.51,0.02
12665,4095,0,-1.67,8.04,6.52,0.06,-0.83,-0.07
12718,4095,0,-2.03,7.88,6.47,0.20,-0.60,-0.21
12771,4095,0,-1.66,7.89,6.29,0.24,-0.36,-0.18
12824,4095,0,-1.83,7.58,6.38,0.13,-0.18,0.15
12877,4095,0,-1.40,7.62,6.33,-0.22,0.00,0.02
12930,4095,0,-1.55,8.27,6.33,-0.16,-0.21,0.04
12983,4095,0,-1.37,7.81,6.46,0.11,-0.15,0.09
13036,4095,0,-0.76,7.71,6.20,-0.11,-0.42,0.03
13089,4095,0,-1.35,7.89,6.56,-0.04,-0.83,0.20
13142,4095,0,-1.58,7.50,6.75,-0.14,-0.07,-0.01
13195,4095,0,-1.09,8.06,6.80,-0.19,-0.04,-0.04
13248,4095,0,-0.98,7.67,6.82,0.01,0.00,0.05
13301,4095,0,-1.15,7.85,6.82,-0.04,-0.12,0.00
13354,4095,0,-1.05,7.72,6.74,0.02,-0.08,-0.01
13407,4095,0,-1.19,8.97,6.94,0.43,-0.32,0.02
13460,4095,0,-0.83,7.00,6.71,0.38,-0.22,0.26
13513,4095,0,-1.15,8.03,6.27,0.32,-0.15,0.29
13566,4095,0,-2.15,6.64,5.77,-0.26,-0.00,-0.08
13619,4095,0,-0.32,8.31,6.44,0.07,-0.17,0.07
13672,4095,0,-0.80,8.27,6.59,0.05,-0.08,-0.02
13725,4095,0,-1.04,8.06,6.51,0.05,-0.08,-0.12
13778,4095,0,-1.08,7.70,6.32,0.00,0.02,-0.13
13831,4095,0,-1.20,7.87,6.41,0.11,0.08,-0.05
13884,4095,0,-1.27,8.06,6.30,0.30,0.10,0.08
13937,4095,0,-1.32,8.03,6.45,0.08,0.05,0.07
13990,4095,0,-1.25,7.98,6.25,0.04,-0.11,-0.14
14043,4095,0,-1.42,7.93,6.27,0.18,-0.24,-0.15
14096,4095,0,-1.48,7.87,6.22,0.07,-0.12,-0.12
14149,4095,0,-1.49,8.07,6.18,-0.01,-0.09,-0.03
14202,4095,0,-1.47,8.04,6.16,0.02,-0.08,0.00
14255,4095,0,-1.45,8.01,6.16,0.02,-0.10,-0.03
14308,4095,0,-1.56,8.06,6.19,0.04,-0.15,-0.06
14361,4095,0,-1.58,8.09,6.21,0.01,-0.14,-0.05
14414,4095,0,-1.58,7.97,6.17,0.03,-0.12,-0.02
14467,4095,0,-1.56,7.96,6.17,-0.00,-0.13,-0.07
14520,4095,0,-1.68,8.05,6.23,0.04,-0.17,-0.07
14573,4095,0,-1.61,8.00,6.19,-0.01,-0.14,-0.07
14626,4095,0,-1.68,7.97,6.15,0.05,-0.14,-0.01
14679,4095,0,-1.69,8.02,6.13,0.02,-0.15,-0.03
14732,4095,0,-1.71,7.93,6.21,0.00,-0.14,-0.08
14785,4095,0,-1.87,7.92,6.28,0.01,-0.14,-0.05
14838,4095,0,-1.71,7.92,6.24,0.02,-0.15,-0.02
14891,4095,0,-1.70,7.92,6.17,0.03,-0.15,-0.01
14944,4095,0,-1.72,7.98,6.15,0.03,-0.14,-0.01
14997,4095,0,-1.75,8.07,6.20,0.01,-0.15,-0.01
15050,4095,0,-1.68,8.06,6.14,0.06,-0.17,0.03
15103,4095,0,-1.54,7.94,6.12,0.02,-0.14,0.00
15156,4095,0,-1.56,7.95,6.22,-0.03,-0.18,-0.10
15209,4095,0,-1.64,7.96,6.24,0.00,-0.19,0.01
15262,4095,0,-1.54,8.13,6.44,-0.22,-0.32,0.14
15315,4095,0,-1.14,8.92,7.87,-0.84,-0.51,-0.84
15368,4095,0,-4.04,8.43,6.68,0.85,1.01,-0.48
15421,4095,0,-0.09,6.16,5.59,0.71,1.28,-0.53
15474,4095,0,-0.25,6.44,5.58,-0.51,-1.02,-0.03
15527,4095,0,-3.85,8.39,6.40,-0.44,-1.19,0.07
15580,4095,0,-3.00,8.21,6.78,0.50,0.28,-0.13
15633,4095,0,-1.55,7.08,5.94,0.31,0.07,-0.04
15686,4095,0,-2.09,6.99,6.21,-0.15,-0.54,0.20
15739,4095,0,-2.80,7.75,6.65,-0.62,-0.24,0.09
15792,4095,0,-2.20,8.30,6.45,-0.17,0.10,0.03
15845,4095,0,-1.81,7.53,6.39,0.22,-0.02,0.06
15898,4095,0,-1.90,7.67,6.46,-0.01,-0.34,-0.06
15951,4095,0,-2.20,7.80,6.56,0.15,-0.33,0.05
16004,4095,0,-2.22,7.26,6.61,0.08,-0.15,0.06
16057,4095,0,-2.05,7.71,6.52,-0.23,-0.10,-0.06
16110,4095,0,-1.87,7.95,6.45,0.03,-0.09,0.04
16163,4095,0,-1.70,7.59,6.60,0.05,-0.28,0.03
16216,4095,0,-2.23,7.63,6.74,0.06,-0.35,0.04
16269,4095,0,-2.27,7.57,6.55,0.01,0.07,-0.07
16322,4095,0,-1.53,7.71,6.51,-0.02,-0.03,-0.06
16375,4095,0,-2.06,7.77,6.51,0.05,-0.29,0.01
16428,4095,0,-2.12,7.34,6.66,0.07,-0.07,-0.00
16481,4095,0,-1.82,7.62,6.45,-0.12,-0.12,-0.05
16534,4095,0,-1.98,7.90,6.56,0.01,-0.22,0.03
16587,4095,0,-1.95,7.61,6.57,0.11,-0.15,0.00
16640,4095,0,-1.89,7.47,6.64,0.01,-0.19,0.01
16693,4095,0,-2.04,7.61,6.67,-0.05,-0.17,0.01
16746,4095,0,-1.84,7.73,6.54,-0.03,-0.07,-0.01
16799,4095,0,-1.61,7.55,6.62,-0.01,-0.22,0.06
16852,4095,0,-2.16,7.63,6.71,-0.05,-0.29,0.08
16905,4095,0,-1.99,7.59,6.73,-0.05,0.00,-0.02
16958,4095,0,-1.60,7.55,6.76,-0.01,-0.08,0.02
17011,4095,0,-1.74,7.51,6.83,-0.05,-0.15,-0.01
17064,4095,0,-1.78,7.75,6.91,0.06,-0.23,0.00
17117,4095,0,-2.13,7.70,6.64,0.18,-0.04,-0.05
17170,4095,0,-1.69,7.29,6.54,0.10,-0.08,0.00
17223,4095,0,-1.96,7.34,6.78,-0.18,-0.25,-0.01
17276,4095,0,-2.10,7.85,6.71,-0.06,0.00,-0.06
17329,4095,0,-1.59,7.42,6.71,0.10,-0.00,0.02
17382,4095,0,-1.62,7.57,6.45,-0.07,-0.21,-0.02
17435,4095,0,-1.82,7.87,6.72,0.10,-0.40,0.03
17488,4095,0,-2.13,7.34,6.90,0.22,-0.19,0.04
17541,4095,0,-1.68,7.24,6.76,-0.12,-0.09,-0.03
17594,4095,0,-1.93,7.84,6.72,-0.19,-0.21,-0.00
17647,4095,0,-1.86,7.83,6.72,0.12,-0.03,-0.03
17700,4095,0,-1.46,7.30,6.81,0.15,-0.16,0.01
17753,4095,0,-1.97,7.26,6.79,-0.09,-0.27,0.03
17806,4095,0,-2.10,7.80,6.84,-0.10,-0.06,-0.04
17859,4095,0,-1.66,7.76,6.62,0.10,0.09,-0.06
17912,4095,0,-1.44,7.28,6.73,0.13,-0.21,0.03
17965,4095,0,-2.01,7.40,6.85,-0.08,-0.26,0.01
18018,4095,0,-1.95,7.82,6.73,-0.09,-0.02,-0.09
18071,4095,0,-1.66,7.56,6.72,0.14,-0.10,-0.04
18124,4095,0,-1.80,7.49,6.75,0.11,-0.20,-0.01
18177,4095,0,-1.90,7.45,6.69,0.08,-0.16,-0.00
18230,4095,0,-1.84,7.49,6.68,-0.04,-0.13,-0.03
18283,4095,0,-1.79,7.67,6.71,-0.01,-0.14,-0.01
18336,4095,0,-1.77,7.54,6.68,0.06,-0.17,0.02
18389,4095,0,-1.81,7.56,6.77,-0.00,-0.22,-0.00
18442,4095,0,-1.94,7.59,6.77,0.03,-0.18,0.00
18495,4095,0,-1.77,7.52,6.76,0.03,-0.10,-0.01
18548,4095,0,-1.81,7.65,6.73,0.02,-0.14,-0.02
18601,4095,0,-1.76,7.61,6.83,0.02,-0.13,-0.03
18654,4095,0,-1.81,7.58,6.70,0.05,-0.12,-0.02
18707,4095,0,-1.77,7.59,6.64,0.03,-0.17,-0.02
18760,4095,0,-1.94,7.48,6.75,0.03,-0.10,-0.01
18813,4095,0,-1.67,7.61,6.74,0.01,-0.11,-0.01
18866,4095,0,-1.95,7.51,6.66,0.04,-0.14,0.01
18919,4095,0,-1.81,7.56,6.72,-0.03,-0.04,-0.02
18972,4095,0,-1.61,7.77,6.66,-0.01,-0.18,-0.00
19025,4095,0,-2.16,7.48,6.90,0.12,-0.23,-0.00
19078,4095,0,-1.90,7.74,6.82,0.18,0.07,-0.17
19131,4095,0,-1.48,7.41,6.45,0.20,-0.01,-0.00
19184,4095,0,-1.76,7.34,6.39,-0.16,-0.33,0.00
19237,4095,0,-2.32,8.16,6.69,-0.15,-0.36,-0.08
19290,4095,0,-1.99,7.41,6.67,0.19,0.06,0.02
19343,4095,0,-1.71,7.26,6.78,0.12,-0.30,0.10
19396,4095,0,-2.04,7.87,6.61,-0.06,-0.04,-0.10
19449,4095,0,-1.72,7.61,6.47,0.11,-0.16,0.04
19502,4095,0,-1.90,7.51,6.62,-0.03,-0.21,-0.01
19555,4095,0,-1.96,7.57,6.73,0.02,-0.11,0.04
19608,4095,0,-1.80,7.54,6.66,-0.07,-0.12,-0.02
19661,4095,0,-1.94,7.78,6.63,-0.03,-0.13,-0.10
19714,4095,0,-1.86,7.60,6.62,0.09,-0.14,0.02
19767,4095,0,-1.87,7.53,6.66,-0.04,-0.17,-0.07
19820,4095,0,-2.01,7.67,6.73,0.02,-0.16,-0.02
19873,4095,0,-1.90,7.52,6.72,0.04,-0.11,-0.01
19926,4095,0,-1.94,7.57,6.67,0.02,-0.12,-0.03
19979,4095,0,-1.74,7.53,6.58,-0.01,-0.11,-0.11
20032,4095,0,-1.98,7.69,6.63,-0.01,-0.17,-0.04
20085,4095,0,-1.93,7.52,6.61,0.03,-0.07,0.02
20138,4095,0,-1.92,7.55,6.68,-0.05,-0.14,0.01
20191,4095,0,-1.94,7.43,6.72,-0.05,-0.09,0.03
20244,4095,0,-1.98,7.69,6.85,-0.01,-0.19,-0.00
20297,4095,0,-2.02,7.78,6.77,0.18,-0.07,-0.05
20350,4095,0,-1.66,7.27,6.51,0.13,-0.09,-0.05
20403,4095,0,-2.03,7.65,6.58,0.01,-0.22,-0.05
20456,4095,0,-2.01,7.51,6.67,0.12,-0.06,0.03
20509,4095,0,-2.04,7.56,6.57,-0.06,-0.11,-0.04
20562,4095,0,-1.97,7.77,6.50,0.05,-0.04,0.01
20615,4095,0,-1.97,7.48,6.58,0.03,-0.16,-0.02
20668,4095,0,-1.99,7.67,6.61,0.05,-0.15,-0.00
20721,4095,0,-2.02,7.65,6.61,0.00,-0.16,-0.05
20774,4095,0,-1.99,7.59,6.62,0.11,-0.13,-0.03
20827,4095,0,-2.00,7.52,6.48,0.02,-0.13,-0.01
20880,4095,0,-1.81,7.61,6.57,-0.06,-0.09,0.04
20933,4095,0,-1.98,7.62,6.78,-0.11,-0.27,0.04
20986,4095,0,-2.26,7.84,6.69,0.01,-0.13,-0.03
21039,4095,0,-1.88,7.40,6.64,0.17,-0.07,0.05
21092,4095,0,-2.08,7.28,7.32,-0.16,-0.07,0.12
21145,4095,0,-1.87,7.35,6.45,-0.68,0.34,-0.12
21198,4095,0,-2.44,7.98,6.87,0.37,-0.29,0.18
21251,4095,0,-1.77,7.05,6.79,0.24,-0.27,0.02
21304,4095,0,-2.46,7.61,6.58,-0.09,-0.14,-0.11
21357,4095,0,-2.14,7.17,5.73,0.34,0.13,0.05
21410,4095,0,-2.46,7.26,6.72,0.34,-0.07,-0.25
21463,4095,0,-2.30,7.06,6.22,0.48,0.15,-0.00
21516,4095,0,-2.19,9.10,5.82,1.03,-0.12,0.14
21569,4095,0,-2.86,8.19,5.56,0.98,-0.15,0.05
21622,4095,0,-1.77,8.44,5.30,-0.43,-0.20,-0.25
21675,4095,0,-2.07,7.99,5.60,-0.02,0.05,0.11
21728,4095,0,-2.54,8.46,5.83,-0.14,-0.19,-0.06
21781,4095,0,-1.90,8.02,5.99,-0.41,-0.40,-0.05
21834,4095,0,-1.95,7.22,6.24,-0.83,-0.49,0.05
21887,4095,0,-1.24,7.55,7.21,-0.91,-0.51,-0.27
21940,4095,0,-1.79,8.32,7.15,-0.68,-0.22,0.13
21993,4095,0,-1.70,8.76,7.42,-0.05,0.03,0.08
22046,4095,0,-1.27,7.05,6.71,1.30,0.10,-0.27
22099,4095,0,-1.68,5.74,6.17,-0.42,-0.27,-0.02
22152,4095,0,-1.83,7.96,6.70,-1.11,-0.40,0.05
22205,4095,0,-2.22,8.75,7.29,-0.04,-0.22,0.09
22258,4095,0,-1.92,7.00,6.81,0.54,0.31,0.05
22311,4095,0,-0.01,5.62,6.34,-0.06,0.02,-0.16
22364,4095,0,-1.24,6.39,7.29,-1.01,-1.53,-0.34
22417,4095,0,-1.70,9.31,7.72,0.77,1.20,-0.03
22470,4095,0,-0.03,6.29,6.97,-0.13,-1.72,0.60
22523,4095,0,-2.89,8.57,7.37,-0.95,-0.18,-0.32
22576,4095,0,0.64,7.63,3.20,0.26,-0.43,0.66
22629,4095,0,1.04,6.07,9.23,-0.03,-2.32,0.48
22682,4095,0,-1.54,7.47,7.43,-1.24,-0.87,-0.26
22735,4095,0,0.43,7.42,9.12,-0.46,-0.51,0.13
22788,4095,0,0.08,7.16,8.09,0.22,-0.10,-0.02
22841,4095,0,0.71,6.66,7.72,0.37,-0.02,-0.08
22894,4095,0,0.95,6.15,7.62,0.01,-0.28,-0.06
22947,4095,0,0.45,7.49,8.06,-0.56,-0.50,0.14
23000,4095,0,-0.13,7.81,8.00,0.35,-0.01,0.09
23053,4095,0,0.38,6.72,7.94,0.52,0.38,0.03
23106,4095,0,0.48,6.01,7.27,0.28,0.32,-0.02
23159,4095,0,0.83,6.64,7.77,-0.61,-0.09,-0.04
23212,4095,0,-1.38,5.61,8.66,0.62,0.01,3.50
23265,4095,0,5.54,16.08,7.29,0.50,0.47,-0.32
23318,4095,0,0.71,6.68,7.69,0.69,0.44,-0.50
23371,4095,0,0.40,6.79,7.47,-0.01,0.09,-0.24
23424,4095,0,-0.05,7.62,7.46,-0.01,0.05,0.00
23477,4095,0,-0.37,7.23,7.51,-0.19,0.05,0.02
23530,4095,0,-0.84,6.50,7.89,-1.23,0.18,-0.47
23583,4095,0,-0.22,5.42,7.57,-0.17,0.09,0.38
23636,4095,0,0.58,7.28,7.97,-0.68,0.18,-0.33
23689,4095,0,-0.02,6.43,8.45,-0.20,0.09,-0.33
23742,4095,0,-0.39,6.50,8.67,-0.02,-0.07,0.00
23795,4095,0,-0.13,6.80,8.20,0.20,-0.20,0.04
23848,4095,0,0.08,7.21,8.02,0.45,-0.24,0.07
23901,4095,0,-0.66,6.65,7.98,0.51,-0.25,0.04
23954,4095,0,-1.42,9.36,5.52,1.62,-0.04,-0.05
24007,4095,0,3.13,6.16,6.84,1.61,0.90,-0.61
24060,4095,0,-1.87,8.20,7.95,-0.11,-0.65,0.01
24113,4095,0,-0.65,7.47,7.55,-0.37,-0.15,-0.10
24166,4095,0,-1.01,7.65,7.30,0.39,-0.57,0.63
24219,4095,0,-1.03,8.37,6.81,0.06,-0.97,0.40
24272,4095,0,0.43,8.20,6.40,0.38,-0.25,0.27
24325,4095,0,0.05,7.03,6.54,-0.08,-0.03,0.24
24378,4095,0,-0.06,5.67,6.62,-1.42,-0.16,0.03
24431,4095,0,-1.07,5.63,8.69,-2.28,-0.37,-0.21
24484,4095,0,1.11,10.17,7.59,-0.60,-0.07,-0.09
24537,4095,0,0.51,6.41,7.95,0.86,-0.05,0.13
24590,4095,0,-0.15,6.39,7.98,-0.06,-0.46,-0.05
24643,4095,0,1.51,4.73,8.06,1.28,-0.04,0.71
24696,4095,0,-1.19,7.62,7.61,-0.33,-0.11,-0.51
24749,4095,0,0.61,6.69,7.77,-0.07,-0.08,-0.01
24802,4095,0,0.35,7.08,7.70,-0.10,-0.10,-0.12
24855,4095,0,0.18,6.11,7.83,-0.40,-0.58,-0.07
24908,4095,0,0.07,7.80,8.00,-0.19,-0.28,0.29
24961,4095,0,1.39,6.42,8.80,-0.24,-0.62,-0.05
25014,4095,0,-0.72,7.83,8.11,-0.19,-0.00,-0.21
25067,4095,0,0.55,6.09,8.43,0.06,-0.05,0.00
25120,4095,0,0.44,6.93,8.41,-0.14,-0.26,-0.08
25173,4095,0,1.12,6.72,8.39,0.16,-0.44,0.24
25226,4095,0,0.44,6.61,8.00,0.10,-0.35,0.22
25279,4095,0,1.76,7.77,8.28,0.29,-1.11,0.15
25332,4095,0,1.08,6.80,7.79,1.14,-0.78,0.60
25385,4095,0,0.21,5.94,7.52,1.26,-0.70,0.46
25438,4095,0,1.85,7.38,7.02,-0.05,-0.31,-0.05
25491,4095,0,2.12,7.20,7.00,-0.16,0.01,-0.03
25544,4095,0,1.37,7.89,6.96,0.78,-0.49,0.52
25597,4095,0,2.56,7.66,6.80,0.17,-0.38,-0.00
25650,4095,0,2.00,7.29,6.57,0.56,-0.31,0.30
25703,4095,0,2.08,8.00,6.43,0.48,-0.45,-0.03
25756,4095,0,2.51,7.67,6.20,-0.09,-0.06,-0.08
25809,4095,0,2.24,7.57,6.35,-0.23,0.09,0.01
25862,4095,0,0.61,6.57,8.28,-2.06,1.02,-0.90
25915,4095,0,3.94,10.20,6.62,-1.58,1.48,-1.06
25968,4095,0,2.16,7.39,8.37,1.61,-1.10,0.74
26021,4095,0,0.19,4.03,8.11,0.49,-0.50,0.20
26074,4095,0,0.60,7.32,8.24,-1.81,-0.41,-0.31
26127,4095,0,1.16,8.56,7.71,-0.14,0.27,-0.19
26180,4095,0,1.97,5.66,7.82,0.70,-0.26,0.15
26233,4095,0,0.28,5.96,7.56,-0.96,-0.52,-0.13
26286,4095,0,1.39,7.65,7.87,-0.42,0.08,-0.37
26339,4095,0,1.66,6.67,8.20,0.20,-0.13,0.11
26392,4095,0,1.24,6.59,7.80,0.05,-0.10,-0.05
26445,4095,0,1.45,6.76,7.84,-0.10,-0.13,-0.04
26498,4095,0,0.87,6.71,8.10,0.20,-0.19,0.23
26551,4095,0,1.25,6.63,8.23,0.02,-0.09,-0.04
26604,4095,0,1.38,7.15,8.22,0.18,-0.41,-0.16
26657,4095,0,1.24,6.33,8.05,0.23,0.00,-0.14
26710,4095,0,1.18,6.79,7.91,0.12,-0.27,-0.08
26763,4095,0,1.09,6.77,7.77,0.09,-0.04,-0.05
26816,4095,0,1.12,6.85,7.92,-0.06,-0.05,-0.06
26869,4095,0,1.14,6.84,7.97,0.01,0.01,0.01
26922,4095,0,1.13,6.93,8.06,-0.03,-0.12,-0.03
26975,4095,0,1.04,6.96,8.00,0.04,-0.16,-0.02
27028,4095,0,0.97,6.90,7.90,0.02,-0.17,-0.03
27081,4095,0,0.99,6.71,8.05,0.04,-0.10,-0.02
27134,4095,0,1.14,6.97,7.97,0.03,-0.17,-0.06
27187,4095,0,1.09,6.78,7.85,0.07,-0.17,-0.01
27240,4095,0,0.88,7.02,7.84,0.02,-0.09,-0.05
27293,4095,0,1.02,6.79,7.97,0.02,-0.07,-0.04
27346,4095,0,0.96,6.94,7.99,0.06,-0.13,-0.03
27399,4095,0,1.04,6.83,7.86,0.05,-0.15,-0.04
27452,4095,0,1.03,7.02,7.85,0.09,-0.16,-0.02
27505,4095,0,0.91,6.90,7.81,0.01,-0.12,-0.07
27558,4095,0,0.92,6.96,7.79,0.08,-0.16,0.01
27611,4095,0,1.00,6.93,7.88,0.02,-0.10,-0.01
27664,4095,0,1.01,6.99,7.82,-0.01,-0.12,-0.03
27717,4095,0,0.86,6.86,7.81,-0.00,-0.10,-0.01
27770,4095,0,0.88,7.03,7.74,0.00,-0.04,0.02
27823,4095,0,1.13,6.82,7.78,-0.00,-0.04,0.00
27876,4095,0,0.93,7.25,8.03,-0.00,-0.17,-0.09
27929,4095,0,0.87,6.98,7.87,0.21,-0.27,0.01
27982,4095,0,1.20,6.59,7.61,0.30,-0.12,-0.01
28035,4095,0,0.72,7.26,7.58,-0.03,-0.16,-0.16
28088,4095,0,1.11,6.85,7.71,0.04,-0.06,-0.03
28141,4095,0,0.88,7.22,7.68,0.02,-0.13,0.02
28194,4095,0,1.08,7.20,7.64,-0.01,-0.12,-0.05
28247,4095,0,0.83,7.12,7.65,0.10,-0.15,0.01
28300,4095,0,0.91,7.07,7.65,0.06,-0.15,-0.04
28353,4095,0,0.90,7.07,7.70,0.03,-0.11,-0.04
28406,4095,0,0.92,7.12,7.65,0.02,-0.14,-0.02
28459,4095,0,0.97,7.23,7.58,0.03,-0.14,-0.01
28512,4095,0,0.93,7.12,7.62,0.02,-0.11,-0.02
28565,4095,0,0.85,7.16,7.66,0.02,-0.12,-0.01
28618,4095,0,0.94,7.10,7.67,0.02,-0.13,0.00
28671,4095,0,0.87,7.25,7.60,0.02,-0.13,-0.03
28724,4095,0,0.96,7.11,7.63,0.01,-0.10,-0.04
28777,4095,0,0.85,7.17,7.65,0.03,-0.13,-0.02
28830,4095,0,0.84,7.13,7.59,0.02,-0.14,-0.02
28883,4095,0,0.82,7.13,7.64,0.02,-0.09,0.00
28936,4095,0,0.95,7.20,7.67,-0.00,-0.12,0.01
28989,4095,0,0.91,7.14,7.67,-0.02,-0.11,-0.04
29042,4095,0,0.73,7.16,7.65,0.03,-0.13,-0.03
29095,4095,0,0.93,7.15,7.74,0.06,-0.14,-0.03
29148,4095,0,0.95,7.24,7.78,0.00,-0.21,-0.04
29201,4095,0,0.95,7.75,7.83,0.27,-0.22,-0.15
29254,4095,0,-0.01,8.36,9.02,1.02,-0.65,0.01
29307,4095,0,0.53,5.01,7.22,1.53,1.74,0.09
29360,4095,0,0.82,8.24,6.10,-0.05,0.10,-0.07
29413,4095,0,-0.45,8.43,6.12,0.32,1.06,-0.18
29466,4095,0,0.34,7.02,6.05,0.30,0.45,0.25
29519,4095,0,0.44,7.21,6.45,-1.34,0.29,-0.03
29572,4095,0,0.57,7.11,6.53,-1.81,-0.04,-0.30
29625,4095,0,0.99,8.86,8.40,-0.99,-1.38,-0.17
29678,4095,0,-2.38,8.54,9.05,0.92,-0.78,0.32
29731,4095,0,-1.26,6.71,8.26,0.82,1.59,-0.45
29784,4095,0,1.77,6.42,6.66,-0.39,0.46,-0.48
29837,4095,0,0.30,7.18,7.08,-0.93,-0.89,-0.44
29890,4095,0,-2.80,7.66,8.58,-0.09,-0.68,0.00
29943,4095,0,-3.15,7.31,7.61,0.71,1.46,-0.38
29996,4095,0,0.17,6.57,7.13,0.42,1.75,-0.28
30049,4095,0,-0.15,6.86,6.52,-0.05,0.01,-0.05
30102,4095,0,-3.04,7.19,7.07,-0.04,-0.25,0.04
30155,4095,0,-3.13,7.37,6.97,0.23,0.76,0.03
30208,4095,0,-1.84,7.41,6.33,0.16,0.81,-0.15
30261,4095,0,-1.91,7.28,6.10,0.19,0.06,-0.07
30314,4095,0,-2.73,6.99,6.39,0.02,-0.24,-0.05
30367,4095,0,-2.60,7.16,6.66,-0.35,-0.02,-0.04
30420,4095,0,-2.51,7.00,6.96,-0.20,-0.21,0.54
30473,4095,0,-2.62,6.81,6.79,-0.68,-0.01,0.05
30526,4095,0,-1.59,8.99,6.66,0.35,-0.61,0.12
30579,4095,0,-2.42,5.64,7.43,0.08,-0.68,-0.66
30632,4095,0,-2.73,8.24,7.06,0.94,-0.93,-0.23
30685,4095,0,-2.84,5.99,5.96,1.33,-0.26,-0.19
30738,4095,0,-2.77,6.89,7.14,-0.86,-0.25,0.20
30791,4095,0,-2.35,10.56,6.90,-0.35,-0.18,-0.46
30844,4095,0,-2.46,7.32,6.74,0.96,0.11,-0.00
30897,4095,0,-2.13,6.42,6.56,0.24,0.02,-0.12
30950,4095,0,-2.23,7.14,6.00,-0.42,-0.03,-0.07
31003,4095,0,-2.43,7.58,6.61,-0.23,-0.43,0.08
31056,4095,0,-0.43,5.90,6.95,-0.92,-0.23,-2.16
31109,4095,0,-4.51,10.18,7.13,0.24,0.53,0.09
31162,4095,0,-2.72,5.80,6.71,0.05,-0.27,0.22
31215,4095,0,-2.15,6.86,6.77,-0.25,-0.42,-0.51
31268,4095,0,-3.47,6.74,7.15,-0.07,-0.41,0.08
31321,4095,0,-3.47,6.99,7.16,-0.20,-0.40,0.10
31374,4095,0,-3.02,6.65,7.26,0.44,-0.10,0.58
31427,4095,0,-2.79,7.10,7.01,-0.08,-0.18,0.11
31480,4095,0,-2.77,6.77,7.04,0.31,-0.08,0.30
31533,4095,0,-2.71,7.16,6.81,0.18,-0.21,0.02
31586,4095,0,-2.71,7.21,6.99,-0.02,-0.22,-0.15
31639,4095,0,-2.70,6.93,6.93,0.13,-0.14,-0.03
31692,4095,0,-1.78,6.77,6.90,0.13,-0.30,-0.12
31745,4095,0,-2.35,7.77,6.91,0.05,-0.09,-0.08
31798,4095,0,-2.63,6.70,6.88,-0.06,-0.13,-0.08
31851,4095,0,-2.09,7.09,6.93,0.06,0.11,0.04
31904,4095,0,-3.01,7.50,7.02,-0.54,-0.17,-0.15
31957,4095,0,-2.95,6.50,6.96,0.17,-0.08,0.33
32010,4095,0,-2.45,6.79,7.39,-0.45,-0.02,0.52
32063,4095,0,-2.88,7.47,6.06,0.12,0.09,0.87
32116,4095,0,-2.38,7.40,7.17,0.10,-0.04,0.11
32169,4095,0,-1.90,8.03,6.98,-0.65,-0.11,0.43
32222,4095,0,-1.46,6.37,7.01,-0.06,-0.10,0.02
32275,4095,0,-2.32,6.76,7.61,-0.26,0.05,0.08
32328,4095,0,-1.98,7.20,7.56,-0.08,-0.34,-0.28
32381,4095,0,-1.93,6.30,7.24,0.08,-0.28,-0.09
32434,4095,0,-1.71,6.73,7.50,-0.05,-0.05,0.05
32487,4095,0,-2.43,7.12,7.68,0.12,-0.24,0.07
32540,4095,0,-2.42,6.83,7.59,0.19,-0.25,0.02
32593,4095,0,-1.71,7.14,7.62,0.52,-0.23,0.05
32646,4095,0,-1.56,9.67,6.65,0.69,-0.41,-1.11
32699,4095,0,-1.91,6.61,6.54,0.79,-0.16,-0.18
32752,4095,0,-1.51,8.18,6.28,0.13,-0.01,-0.02
32805,4095,0,-2.02,7.66,6.38,0.63,-0.05,-0.32
32858,4095,0,-2.54,7.73,6.33,0.23,-0.20,-0.16
32911,4095,0,-2.36,7.37,6.25,-0.01,-0.19,0.05
32964,4095,0,-2.15,7.34,5.93,-0.07,0.02,0.05
33017,4095,0,-2.13,8.09,6.25,-0.08,-0.28,-0.23
33070,4095,0,-2.58,7.67,6.35,-0.26,-0.29,-0.37
33123,4095,0,-3.47,7.98,6.41,-0.30,-0.35,0.64
33176,4095,0,-2.95,7.69,6.56,-0.11,-0.22,0.20
33229,4095,0,-2.45,7.89,6.62,-0.25,-0.38,-0.33
33282,4095,0,-2.50,7.43,6.53,0.12,-0.27,-0.08
33335,4095,0,-2.48,7.45,6.35,0.13,-0.20,-0.12
33388,4095,0,-2.25,7.64,6.66,-0.21,-0.09,-0.10
33441,4095,0,-2.45,7.05,6.59,-0.12,-0.09,-0.12
33494,4095,0,-2.32,7.56,6.77,-0.10,-0.15,-0.17
33547,4095,0,-2.54,7.04,6.73,-0.14,-0.15,0.07
33600,4095,0,-2.34,7.26,6.81,0.12,-0.14,0.08
33653,4095,0,-1.88,6.81,6.89,-0.30,-0.41,0.24
33706,4095,0,-2.19,7.71,6.79,0.05,-0.51,-0.13
33759,4095,0,-1.25,6.90,7.14,0.18,-0.83,0.18
33812,4095,0,0.55,6.23,6.51,0.01,-1.05,0.77
33865,4095,0,-0.35,6.27,7.23,-1.23,-2.23,0.54
33918,4095,0,-1.96,7.92,7.83,-1.09,-1.45,0.23
33971,4095,0,0.79,7.15,8.32,0.45,-0.57,0.30
34024,4095,0,0.54,2.09,8.38,0.12,-0.92,1.87
34077,4095,0,3.52,8.34,9.16,-3.86,-1.45,-1.00
34130,4095,0,3.11,9.99,9.29,0.40,-1.92,0.33
34183,4095,0,-0.10,3.07,10.08,1.79,-0.28,0.77
34236,4095,0,2.28,7.22,9.98,-0.72,0.27,-1.24
34289,4095,0,1.02,7.36,8.98,1.13,0.91,-0.10
34342,4095,0,1.63,5.61,7.49,0.88,1.38,-0.19
34395,4095,0,2.55,6.56,8.26,0.23,0.68,0.04
34448,4095,0,0.61,7.47,8.78,0.06,0.32,-0.16
34501,4095,0,1.71,6.77,7.66,0.62,0.36,-0.18
34554,4095,0,1.35,5.31,7.48,0.08,-0.09,-0.33
34607,4095,0,1.23,6.59,7.40,-0.59,-1.10,-0.18
34660,4095,0,-2.14,7.62,6.41,-0.25,-0.24,-0.07
34713,4095,0,1.21,7.07,8.23,-0.13,0.15,0.09
34766,4095,0,0.80,7.60,6.92,0.38,0.14,-0.31
34819,4095,0,3.68,5.30,7.12,0.78,-1.00,0.64
34872,4095,0,1.90,4.75,8.65,-0.61,-2.25,0.49
34925,4095,0,0.99,6.84,10.09,-1.99,-0.83,-0.11
34978,4095,0,2.75,9.69,8.95,-0.12,-0.31,-0.15
35031,4095,0,3.59,6.27,8.86,1.82,-0.94,0.62
35084,4095,0,4.28,5.75,8.89,1.01,-1.22,-0.25
35137,4095,0,1.06,5.15,8.52,-0.26,-0.82,0.14
35190,4095,0,4.14,7.26,8.81,-1.44,0.79,-0.50
35243,4095,0,3.21,8.03,6.56,-0.67,-0.33,-0.21
35296,4095,0,1.69,6.78,7.52,0.22,0.41,0.08
35349,4095,0,6.41,6.37,9.53,0.24,-0.15,-0.13
35402,4095,0,1.41,5.46,7.58,-0.24,-0.54,0.13
35455,4095,0,1.78,7.65,6.25,-0.29,0.22,-0.46
35508,4095,0,4.48,4.91,9.10,0.21,-0.39,0.18
35561,4095,0,2.43,6.40,7.70,-0.11,0.37,0.15
35614,4095,0,2.53,5.88,7.79,0.33,-0.39,-0.08
35667,4095,0,3.51,6.48,7.93,-0.16,-0.05,-0.34
35720,4095,0,4.20,6.82,8.22,0.49,-0.36,-0.04
35773,4095,0,4.30,5.03,10.52,-0.41,-0.42,-1.49
35826,4095,0,1.11,6.33,7.33,1.69,0.05,0.90
35879,4095,0,3.85,7.56,7.02,0.52,0.98,-0.00
35932,4095,0,1.16,6.45,7.17,1.07,0.31,-0.25
35985,4095,0,2.89,7.80,6.73,0.00,0.44,-0.05
36038,4095,0,2.39,8.45,7.02,0.00,0.40,-0.91
36091,4095,0,3.41,8.05,7.83,1.40,0.13,-0.56
36144,4095,0,1.72,12.33,8.26,0.95,-0.46,-1.93
36197,4095,0,-3.19,4.72,5.60,-0.21,1.65,-1.31
36250,4095,0,1.13,7.09,5.57,0.39,2.05,-0.67
36303,4095,0,-1.38,8.50,5.91,-0.97,1.48,-0.79
36356,4095,0,-1.66,7.95,5.73,1.31,0.28,-0.04
36409,4095,0,-2.54,8.38,5.47,0.33,0.39,-0.45
36462,4095,0,-1.58,7.46,5.28,0.82,0.47,-0.15
36515,4095,0,-4.12,7.56,5.09,-0.11,0.31,0.02
36568,4095,0,-1.46,7.52,4.36,0.56,0.30,-0.07
36621,4095,0,-3.31,8.04,4.23,-0.35,0.88,-0.67
36674,4095,0,-3.20,6.99,4.20,0.70,0.13,0.16
36727,4095,0,-3.11,7.99,4.37,-0.04,-0.53,-0.01
36780,4095,0,-3.96,8.82,4.42,0.57,-0.03,0.11
36833,4095,0,-3.32,8.04,4.04,0.12,-0.15,0.01
36886,4095,0,-3.78,8.57,3.85,0.19,-0.11,0.02
36939,4095,0,-3.83,7.07,4.28,-0.27,-0.30,0.26
36992,4095,0,-4.09,8.71,4.66,-0.54,-0.18,0.11
37045,4095,0,-3.46,8.99,4.71,0.17,0.01,0.03
37098,4095,0,-3.27,7.86,4.42,0.04,-0.19,0.01
37151,4095,0,-3.38,8.34,4.31,-0.12,-0.16,0.09
37204,4095,0,-3.82,8.46,5.24,0.24,-0.10,0.37
37257,4095,0,-3.44,6.78,4.62,-0.45,1.01,0.12
37310,4095,0,-3.24,9.30,3.74,-0.57,-0.24,-0.03
37363,4095,0,-3.64,8.97,4.77,0.43,-0.02,0.15
37416,4095,0,-2.14,7.93,4.07,0.07,0.04,-0.08
37469,4095,0,-2.66,8.09,3.91,0.37,0.04,-0.01
37522,4095,0,-3.20,8.09,4.37,0.18,-0.20,0.16
37575,4095,0,-3.77,8.77,3.82,0.04,-0.14,-0.01
37628,4095,0,-3.48,8.54,3.80,0.02,-0.10,0.03
37681,4095,0,-3.24,8.39,3.85,0.01,-0.17,0.01
37734,4095,0,-3.71,8.52,3.90,0.16,-0.30,0.09
37787,4095,0,-3.65,8.72,4.18,0.18,-0.15,0.03
37840,4095,0,-2.96,8.48,4.08,0.20,-0.04,0.02
37893,4095,0,-2.84,8.19,3.83,0.07,-0.13,0.01
37946,4095,0,-2.86,7.15,3.84,-0.21,-0.33,0.18
37999,4095,0,-3.19,8.89,3.83,-0.68,-0.18,0.15
38052,4095,0,-2.51,9.40,3.93,0.19,-0.59,0.22
38105,4095,0,-2.68,10.98,4.15,1.11,-0.97,-0.31
38158,4095,0,-3.68,7.61,3.86,1.33,-0.59,0.16
38211,4095,0,-2.42,9.46,6.15,-0.51,0.61,-0.27
38264,4095,0,-3.21,7.90,3.12,-1.47,-0.05,0.10
38317,4095,0,-2.26,9.85,3.94,-0.45,-0.44,0.19
38370,4095,0,-3.61,7.43,4.22,0.41,-1.15,0.43
38423,4095,0,-2.15,9.19,4.42,0.06,-0.83,0.00
38476,4095,0,-1.28,7.40,4.87,-0.13,-0.86,-0.15
38529,4095,0,-2.36,8.80,4.88,-0.16,-1.58,-0.28
38582,4095,0,-1.92,9.19,5.69,0.13,-1.36,-0.51
38635,4095,0,-2.16,8.25,5.90,-0.08,-1.00,-0.38
38688,4095,0,-3.12,7.76,5.83,0.18,-0.42,0.10
38741,4095,0,-2.19,9.10,5.16,-0.04,-0.20,0.00
38794,4095,0,-1.98,7.68,5.10,-0.19,-0.02,0.02
38847,4095,0,-1.51,8.52,5.04,-0.13,0.05,0.08
38900,4095,0,-1.82,8.48,5.37,-0.26,-0.18,0.07
38953,4095,0,-1.91,8.41,5.73,-0.08,-0.26,0.10
39006,4095,0,-1.77,8.29,5.71,0.07,-0.46,0.04
39059,4095,0,-1.87,8.32,5.70,-0.03,-0.16,-0.06
39112,4095,0,-1.65,8.05,5.65,-0.09,-0.10,0.04
39165,4095,0,-1.76,8.48,5.78,-0.15,-0.21,0.05
39218,4095,0,-1.75,8.31,5.81,0.02,-0.11,-0.01
39271,4095,0,-1.70,8.23,5.75,0.03,-0.13,-0.04
39324,4095,0,-1.76,8.28,5.75,0.11,-0.14,-0.02
39377,4095,0,-1.61,8.11,5.72,0.02,-0.20,-0.01
39430,4095,0,-1.74,8.32,5.80,0.02,-0.17,-0.02
39483,4095,0,-1.69,8.05,5.75,0.04,-0.19,-0.01
39536,4095,0,-1.70,8.43,5.63,0.04,-0.10,-0.00
39589,4095,0,-1.72,8.19,5.59,0.02,-0.08,-0.02
39642,4095,0,-1.63,8.39,5.69,0.03,-0.17,-0.04
39695,4095,0,-1.69,8.07,5.72,0.07,-0.33,-0.00
39748,4095,0,-1.49,8.52,5.72,0.05,-0.27,-0.15
39801,4095,0,-1.97,8.02,5.74,0.06,-0.22,-0.04
39854,4095,0,-1.62,8.29,5.72,0.08,-0.22,0.01
39907,4095,0,-1.60,8.27,5.71,0.04,-0.14,-0.02
39960,4095,0,-1.65,8.31,5.65,0.03,-0.12,-0.02
40013,4095,0,-1.65,8.35,5.68,-0.01,-0.13,-0.03
40066,4095,0,-1.66,8.29,5.77,0.04,-0.07,-0.05
40119,4095,0,-1.72,8.52,5.80,0.03,-0.08,-0.07
40172,4095,0,-1.80,7.99,5.81,0.23,-0.05,-0.05
40225,4095,0,-2.07,8.79,5.48,0.12,-0.01,-0.05
40278,4095,0,-1.86,8.01,5.64,0.38,0.03,-0.03
40331,4095,0,-2.05,8.60,5.38,0.02,0.19,-0.23
40384,4095,0,-2.44,9.71,5.39,0.58,0.60,-0.15
40437,4095,0,-3.08,7.84,5.00,0.30,0.88,0.18
40490,4095,0,-2.48,9.05,4.58,0.13,1.43,-0.07
40543,4095,0,-3.04,7.09,4.33,0.02,1.08,-0.03
40596,4095,0,-2.25,9.07,4.32,-0.74,0.84,-0.42
40649,4095,0,-3.59,8.57,4.05,0.32,0.54,0.05
40702,4095,0,-3.09,8.56,4.10,-0.04,0.77,-0.27
40755,4095,0,-3.72,8.90,3.82,0.25,0.38,-0.12
40808,4095,0,-4.02,8.14,3.65,0.25,0.88,-0.30
40861,4095,0,-4.08,7.93,3.36,-0.01,0.65,-0.28
40914,4095,0,-4.88,7.81,3.41,-0.27,0.96,-0.25
40967,4095,0,-4.97,7.92,3.09,-0.50,1.22,-0.27
41020,4095,0,-4.04,7.64,3.05,-0.53,1.36,-0.30
41073,4095,0,-4.47,8.10,2.61,-0.63,0.79,-0.26
41126,4095,0,-4.67,8.50,2.39,-0.27,0.51,-0.05
41179,4095,0,-5.33,7.80,2.49,0.31,0.36,-0.01
41232,4095,0,-6.02,7.19,2.19,-0.21,0.76,-0.25
41285,4095,0,-5.93,7.49,0.01,-0.19,0.50,0.10
41338,4095,0,-4.26,6.83,4.75,-0.62,1.76,-0.06
41391,4095,0,-6.05,8.78,0.92,-0.39,0.86,-0.07
41444,4095,0,-3.83,7.05,1.58,-0.14,-0.01,0.08
41497,4095,0,-6.02,8.85,1.17,0.01,-0.12,-0.02
41550,4095,0,-5.12,7.10,1.64,0.16,0.02,0.03
41603,4095,0,-4.72,7.70,1.62,-0.09,-0.18,-0.07
41656,4095,0,-5.19,8.26,1.50,0.34,-0.61,0.21
41709,4095,0,-5.31,7.33,1.45,0.34,-1.09,0.39
41762,4095,0,-4.88,8.49,1.87,0.18,-0.96,0.07
41815,4095,0,-6.11,7.62,1.75,0.87,-0.84,0.39
41868,4095,0,-4.51,7.51,1.49,-0.04,-0.81,0.06
41921,4095,0,-6.32,8.48,2.30,-0.15,-0.77,0.14
41974,4095,0,-4.57,7.99,2.05,0.35,0.07,0.05
42027,4095,0,-4.75,7.62,2.13,-0.23,-0.10,-0.11
42080,4095,0,-4.87,8.58,1.85,-0.02,-0.28,0.04
42133,4095,0,-5.33,8.65,2.00,-0.08,-0.21,-0.09
42186,4095,0,-4.55,7.67,2.15,0.28,-0.12,0.01
42239,4095,0,-5.37,7.71,2.31,-0.13,0.15,-0.16
42292,4095,0,-4.84,8.35,2.09,0.03,-0.10,-0.01
42345,4095,0,-4.13,7.74,1.46,0.07,0.03,0.00
42398,4095,0,-6.33,10.39,1.24,-0.86,-0.33,-0.45
42451,4095,0,-6.38,9.29,2.60,-0.13,-0.62,0.01
42504,4095,0,-6.05,7.76,2.36,0.89,0.22,0.55
42557,4095,0,-4.22,7.82,2.49,0.98,0.38,0.01
42610,4095,0,-5.28,7.53,2.12,-0.17,0.27,-0.22
42663,4095,0,-3.73,8.10,2.11,0.35,-0.43,0.19
42716,4095,0,-6.25,7.28,2.24,-0.28,0.09,-0.17
42769,4095,0,-4.22,8.75,1.70,-0.25,0.20,-0.12
42822,4095,0,-5.35,8.25,1.78,0.21,-0.27,0.11
42875,4095,0,-4.36,7.66,2.00,0.22,-0.07,0.00
42928,4095,0,-5.71,8.15,1.93,0.01,-0.18,-0.07
42981,4095,0,-5.04,7.93,1.81,0.11,0.07,-0.05
43034,4095,0,-4.87,7.52,1.84,-0.10,-0.04,-0.07
43087,4095,0,-4.98,8.35,1.81,-0.18,-0.05,-0.07
43140,4095,0,-4.88,7.95,1.73,0.10,-0.14,0.04
43193,4095,0,-5.39,8.13,1.79,0.02,-0.22,-0.00
43246,4095,0,-5.18,7.98,1.80,0.10,-0.02,-0.01
43299,4095,0,-4.80,7.70,1.79,0.07,-0.08,-0.02
43352,4095,0,-5.36,8.09,1.75,-0.02,-0.10,-0.04
43405,4095,0,-4.83,7.96,1.57,0.02,-0.16,-0.00
43458,4095,0,-5.21,7.93,1.78,-0.02,-0.15,-0.01
43511,4095,0,-5.17,7.97,1.89,-0.03,-0.10,-0.03
43564,4095,0,-4.91,8.01,1.81,0.03,-0.13,-0.00
43617,4095,0,-5.18,7.93,1.64,0.12,-0.03,0.00
43670,4095,0,-5.12,7.85,1.69,-0.03,-0.33,-0.01
43723,4095,0,-5.19,7.96,1.85,0.01,-0.03,-0.03
43776,4095,0,-5.06,8.00,1.75,-0.03,-0.03,-0.05
43829,4095,0,-5.07,8.02,1.73,0.06,-0.15,0.01
43882,4095,0,-5.06,7.96,1.76,-0.02,-0.30,0.00
43935,4095,0,-4.98,7.94,1.79,0.07,-0.09,0.01
43988,4095,0,-5.37,7.91,1.76,0.01,-0.26,0.01
44041,4095,0,-5.04,8.15,1.70,0.03,-0.09,-0.01
44094,4095,0,-5.01,7.68,1.87,0.12,-0.15,0.04
44147,4095,0,-5.68,8.05,1.88,-0.09,0.08,-0.07
44200,4095,0,-5.51,7.16,1.69,0.05,0.60,0.02
44253,4095,0,-4.21,7.26,1.82,-0.62,0.28,-0.08
44306,4095,0,-4.63,8.48,1.54,-0.61,0.56,-0.00
44359,4095,0,-3.76,8.47,1.36,-0.10,-0.57,0.32
44412,4095,0,-6.03,8.72,2.75,-0.47,-0.95,0.18
44465,4095,0,-5.12,7.93,1.79,-0.43,0.75,-0.29
44518,4095,0,-2.73,7.97,2.58,-1.19,-1.30,-0.33
44571,4095,0,-6.64,9.18,3.19,0.64,-1.39,0.18
44624,4095,0,-4.71,7.82,3.23,-0.06,-0.58,-0.32
44677,4095,0,-5.22,7.90,3.78,-0.10,-0.21,-0.18
44730,4095,0,-5.40,11.32,2.69,0.89,-0.03,2.20
44783,4095,0,-4.56,5.45,2.78,1.32,0.22,0.13
44836,4095,0,-5.69,9.72,1.97,0.06,-0.34,-0.15
44889,4095,0,-4.40,7.38,2.03,0.82,0.07,0.10
44942,4095,0,-5.16,7.90,2.04,-0.20,0.04,-0.22
44995,4095,0,-5.76,8.18,2.30,0.11,0.35,0.05
45048,4095,0,-5.26,7.38,2.28,-0.22,0.73,-0.15
45101,4095,0,-4.44,8.14,1.80,-0.97,1.25,-0.44
45154,4095,0,-3.46,8.86,1.31,-0.14,-0.18,-0.03
45207,4095,0,-3.68,8.16,1.25,0.42,-0.81,0.19
45260,4095,0,-5.95,8.75,1.53,0.75,-1.73,0.36
45313,4095,0,-2.55,7.74,1.86,1.06,-1.57,0.19
45366,4095,0,-7.19,8.00,2.67,0.49,-1.50,-0.05
45419,4095,0,-6.43,6.90,3.10,-0.80,-2.52,-0.12
45472,4095,0,-6.32,7.06,3.25,-0.37,-1.11,-2.03
45525,4095,0,-6.35,7.36,3.56,-0.39,-0.95,-1.82
45578,4095,0,-6.43,6.26,4.57,0.01,-0.81,-1.33
45631,4095,0,-6.60,5.48,4.68,-0.34,-0.83,-1.11
45684,4095,0,-6.43,5.42,5.11,-0.29,-0.82,-1.13
45737,4095,0,-7.10,5.46,5.41,0.35,-0.65,0.53
45790,4095,0,-6.18,5.54,5.25,0.39,-0.58,0.55
45843,4095,0,-6.09,6.44,5.02,0.25,-0.63,0.43
45896,4095,0,-5.72,5.55,5.36,0.42,-0.69,0.86
45949,4095,0,-5.79,6.39,5.34,0.05,-0.47,0.40
46002,4095,0,-5.63,6.56,5.56,0.09,-0.23,-0.24
46055,4095,0,-6.00,5.64,6.21,0.47,-0.01,-0.06
46108,4095,0,-5.46,6.72,4.89,0.22,0.02,0.13
46161,4095,0,-5.29,6.39,4.65,-0.10,-0.23,-0.06
46214,4095,0,-5.76,6.90,4.83,-0.20,-0.26,-0.20
46267,4095,0,-5.63,6.25,5.48,-0.02,-0.12,-0.21
46320,4095,0,-5.78,5.95,5.35,0.22,-0.34,-0.03
46373,4095,0,-5.53,6.11,5.46,-0.13,-0.32,0.02
46426,4095,0,-5.55,6.24,5.32,0.10,-0.12,-0.03
46479,4095,0,-5.55,6.44,5.32,0.06,-0.14,-0.14
46532,4095,0,-5.66,6.33,5.40,0.12,-0.14,-0.02
46585,4095,0,-5.16,6.22,5.37,0.19,-0.11,0.05
46638,4095,0,-5.58,6.47,5.29,0.13,-0.04,0.11
46691,4095,0,-5.66,6.38,5.07,0.15,-0.05,0.05
46744,4095,0,-5.71,6.36,5.15,0.07,-0.14,-0.03
46797,4095,0,-5.21,6.32,5.23,0.22,-0.01,0.21
46850,4095,0,-5.57,6.42,5.11,0.15,-0.13,-0.10
46903,4095,0,-5.67,6.40,4.96,0.02,-0.18,-0.05
46956,4095,0,-5.70,6.32,5.01,-0.02,-0.23,-0.05
47009,4095,0,-5.74,6.40,5.24,0.05,-0.16,-0.06
47062,4095,0,-5.75,6.37,5.10,0.13,-0.14,-0.06
47115,4095,0,-5.72,6.38,5.00,0.07,-0.12,-0.04
47168,4095,0,-5.73,6.43,4.98,0.07,-0.15,-0.09
47221,4095,0,-5.81,6.40,4.98,0.11,-0.15,-0.13
47274,4095,0,-5.78,6.32,4.95,0.13,-0.14,-0.08
47327,4095,0,-5.78,6.36,4.88,0.08,-0.10,-0.04
47380,4095,0,-5.91,6.39,4.98,0.05,-0.14,-0.05
47433,4095,0,-5.85,6.43,4.90,0.04,-0.14,-0.04
47486,4095,0,-5.95,6.42,4.75,0.04,-0.13,-0.02
47539,4095,0,-5.86,6.33,4.80,0.02,-0.14,-0.04
47592,4095,0,-5.83,6.35,4.89,0.05,-0.13,-0.02
47645,4095,0,-5.84,6.39,4.85,0.06,-0.12,-0.01
47698,4095,0,-5.88,6.44,4.78,0.04,-0.14,-0.03
47751,4095,0,-5.84,6.34,4.72,0.04,-0.14,-0.05
47804,4095,0,-5.98,6.38,4.74,0.05,-0.12,-0.05
47857,4095,0,-5.91,6.38,4.80,0.03,-0.14,-0.03
47910,4095,0,-5.85,6.33,4.81,0.04,-0.11,0.01
47963,4095,0,-5.90,6.39,4.67,0.03,-0.14,-0.03
48016,4095,0,-5.94,6.38,4.75,0.02,-0.16,-0.05
48069,4095,0,-5.86,6.26,4.61,-0.00,-0.15,0.01
48122,4095,0,-6.00,6.48,4.76,0.00,-0.14,0.01
48175,4095,0,-5.84,6.24,4.73,0.02,-0.14,0.02
48228,4095,0,-5.90,6.44,4.75,0.06,-0.14,0.03
48281,4095,0,-5.89,6.35,4.73,0.03,-0.14,0.01
48334,4095,0,-5.84,6.44,4.76,0.04,-0.14,0.00
48387,4095,0,-5.86,6.43,4.73,0.08,-0.11,0.02
48440,4095,0,-5.88,6.41,4.70,0.08,-0.12,-0.01
48493,4095,0,-5.83,6.45,4.70,0.11,-0.10,-0.01
48546,4095,0,-5.90,6.57,4.69,0.04,-0.12,0.01
48599,4095,0,-5.85,6.56,4.63,-0.03,-0.18,0.06
48652,4095,0,-5.72,6.48,4.68,0.03,-0.21,0.02
48705,4095,0,-5.46,6.82,4.63,0.20,-0.20,0.63
48758,4095,0,-5.49,6.94,4.55,-0.00,-0.16,-0.04
48811,4095,0,-5.45,6.84,4.46,0.04,-0.13,0.01
48864,4095,0,-5.48,6.94,4.53,0.00,-0.12,-0.02
48917,4095,0,-5.50,6.95,4.54,0.03,-0.13,-0.05
48970,4095,0,-5.56,6.96,4.42,0.02,-0.13,-0.06
49023,4095,0,-5.44,6.95,4.47,0.05,-0.14,-0.01
49076,4095,0,-5.39,6.93,4.50,0.01,-0.13,0.01
49129,4095,0,-5.43,6.96,4.48,0.03,-0.11,0.01
49182,4095,0,-5.37,6.95,4.49,0.03,-0.12,0.01
49235,4095,0,-5.42,7.00,4.49,0.02,-0.09,-0.07
49288,4095,0,-5.50,7.02,4.37,0.03,-0.15,-0.02
49341,4095,0,-5.45,6.87,4.39,0.01,-0.13,-0.05
49394,4095,0,-5.51,6.98,4.52,-0.04,-0.15,-0.08
49447,4095,0,-5.44,6.96,4.53,0.02,-0.15,0.03
49500,4095,0,-5.46,6.89,4.44,-0.01,-0.14,-0.03
49553,4095,0,-5.49,6.87,4.45,-0.03,-0.13,-0.12
49606,4095,0,-5.56,6.92,4.51,-0.04,-0.15,-0.01
49659,4095,0,-5.42,6.70,4.51,-0.00,-0.24,-0.02
49712,4095,0,-5.24,6.85,4.56,-0.00,-0.32,0.38
49765,4095,0,-5.16,7.10,4.55,0.06,-0.10,0.04
49818,4095,0,-5.14,7.09,4.55,0.10,-0.04,0.14
49871,4095,0,-5.13,7.20,4.47,-0.01,-0.15,-0.09
49924,4095,0,-5.20,7.16,4.53,0.03,-0.10,0.13
49977,4095,0,-5.05,7.21,4.51,0.00,-0.12,-0.00
50030,4095,0,-5.03,7.22,4.53,0.04,-0.10,0.05
50083,4095,0,-5.02,7.20,4.54,0.01,-0.12,-0.04
50136,4095,0,-5.09,7.26,4.48,0.00,-0.11,-0.04
50189,4095,0,-5.12,7.20,4.45,-0.00,-0.14,-0.04
50242,4095,0,-5.14,7.21,4.55,0.00,-0.15,-0.05
50295,4095,0,-5.10,7.19,4.51,0.01,-0.13,-0.03
50348,4095,0,-5.14,7.20,4.51,0.06,-0.14,0.02
50401,4095,0,-5.09,7.18,4.54,0.04,-0.08,-0.04
50454,4095,0,-5.15,7.21,4.47,0.02,-0.14,-0.01
50507,4095,0,-5.26,7.35,4.54,0.27,-0.33,0.46
50560,4095,0,-4.92,7.37,4.44,0.03,-0.20,0.13
50613,4095,0,-4.88,7.41,4.36,0.04,-0.13,0.05
50666,4095,0,-4.85,7.47,4.40,0.05,-0.13,0.08
50719,4095,0,-5.00,7.43,3.77,0.15,-0.28,0.02
50772,4095,0,-4.30,2.46,-3.15,1.47,0.46,2.82
50825,4095,0,-1.34,8.35,5.87,-4.25,-1.33,-0.12
50878,4095,0,-6.87,13.25,5.33,0.32,0.00,0.66
50931,4095,0,-1.72,7.18,5.59,2.25,0.26,-0.04
50984,4095,0,-3.17,5.34,5.25,-0.16,-0.62,0.14
51037,4095,0,-3.04,8.52,5.27,-1.08,-0.03,0.26
51090,4095,0,-4.71,9.67,6.06,-0.08,0.67,-0.28
51143,4095,0,-2.25,6.96,4.92,0.81,1.51,-0.10
51196,4095,0,-1.23,6.70,4.68,-0.62,-0.41,0.02
51249,4095,0,-4.35,9.18,5.46,-0.60,-1.04,0.07
51302,4095,0,-4.08,8.13,5.64,0.80,0.23,0.02
51355,4095,0,-2.61,6.63,5.12,0.26,0.04,0.04
51408,4095,0,-3.35,7.84,5.30,-0.57,-0.50,0.06
51461,4095,0,-3.83,8.82,5.41,-0.02,-0.10,-0.00
51514,4095,0,-2.95,7.62,5.33,0.45,0.04,0.02
51567,4095,0,-3.09,7.30,5.37,-0.16,-0.27,0.02
51620,4095,0,-3.51,8.34,5.41,-0.24,-0.26,0.01
51673,4095,0,-3.25,8.20,5.45,0.19,-0.01,0.02
51726,4095,0,-3.14,7.54,5.32,0.19,-0.13,0.03
51779,4095,0,-3.26,7.86,5.28,-0.14,-0.15,-0.01
51832,4095,0,-3.15,8.17,5.31,-0.02,-0.18,0.00
51885,4095,0,-3.21,7.89,5.41,0.15,-0.18,0.01
51938,4095,0,-3.19,7.71,5.32,-0.02,-0.11,-0.01
51991,4095,0,-3.18,8.09,5.28,-0.07,-0.15,0.01
52044,4095,0,-3.27,8.01,5.52,0.14,-0.15,0.02
52097,4095,0,-3.58,7.65,5.37,0.04,0.06,-0.04
52150,4095,0,-2.79,7.85,5.08,-0.17,0.10,-0.04
52203,4095,0,-3.02,8.21,5.22,-0.09,-0.31,0.02
52256,4095,0,-3.47,8.00,5.44,0.13,-0.23,0.04
52309,4095,0,-3.22,7.76,5.38,0.09,-0.06,-0.00
52362,4095,0,-3.09,7.89,5.32,-0.05,-0.15,0.00
52415,4095,0,-3.29,8.07,5.35,-0.00,-0.18,0.00
52468,4095,0,-3.10,7.89,5.40,0.10,-0.11,-0.01
52521,4095,0,-3.18,7.85,5.35,0.05,-0.20,0.01
52574,4095,0,-3.10,7.98,5.19,-0.01,-0.13,0.00
52627,4095,0,-3.07,8.03,5.39,0.03,-0.25,0.04
52680,4095,0,-3.36,7.98,5.42,0.08,-0.18,-0.13
52733,4095,0,-3.10,7.78,5.30,0.05,-0.04,-0.03
52786,4095,0,-2.94,8.10,5.27,-0.06,-0.24,0.01
52839,4095,0,-3.28,8.03,5.33,0.05,-0.19,-0.06
52892,4095,0,-3.04,7.89,5.36,0.04,-0.11,-0.01
52945,4095,0,-3.09,8.00,5.29,0.02,-0.18,0.01
52998,4095,0,-3.15,8.01,5.28,0.03,-0.15,-0.04
53051,4095,0,-3.02,8.08,5.19,0.09,-0.15,-0.01
53104,4095,0,-3.07,7.88,5.27,0.08,-0.19,-0.03
53157,4095,0,-3.20,8.12,5.28,-0.04,-0.20,-0.02
53210,4095,0,-3.00,7.90,5.28,0.10,-0.13,-0.00
53263,4095,0,-3.13,8.01,5.31,-0.06,-0.17,-0.04
53316,4095,0,-2.91,8.06,5.26,0.02,-0.12,-0.05
53369,4095,0,-3.27,8.11,5.22,0.09,-0.18,-0.09
53422,4095,0,-2.98,7.84,5.40,0.16,-0.15,0.03
53475,4095,0,-3.11,8.05,5.28,-0.15,-0.12,-0.09
53528,4095,0,-3.12,8.21,5.23,0.09,-0.14,-0.00
53581,4095,0,-3.03,7.84,5.29,0.03,-0.16,-0.02
53634,4095,0,-3.11,8.12,5.30,-0.01,-0.16,-0.01
53687,4095,0,-2.94,7.87,5.30,0.08,-0.11,0.01
53740,4095,0,-3.17,8.12,5.32,-0.03,-0.14,-0.02
53793,4095,0,-3.00,7.98,5.29,0.11,-0.13,0.04
53846,4095,0,-3.09,8.03,5.26,-0.04,-0.14,-0.05
53899,4095,0,-3.05,8.05,5.26,0.06,-0.17,0.02
53952,4095,0,-3.04,8.01,5.28,0.03,-0.13,-0.02
54005,4095,0,-3.10,8.01,5.23,0.03,-0.13,-0.01
54058,4095,0,-3.04,8.05,5.34,-0.03,-0.19,-0.02
54111,4095,0,-2.96,8.01,5.26,0.09,-0.10,-0.01
54164,4095,0,-3.19,8.05,5.27,-0.06,-0.18,-0.01
54217,4095,0,-2.91,7.99,5.27,0.11,-0.13,0.01
54270,4095,0,-3.10,7.95,5.32,-0.02,-0.15,-0.03
54323,4095,0,-2.96,8.06,5.28,0.01,-0.14,-0.02
54376,4095,0,-3.08,8.04,5.29,-0.02,-0.16,-0.03
54429,4095,0,-2.98,7.99,5.27,0.04,-0.15,0.00
54482,4095,0,-3.06,7.97,5.33,-0.02,-0.15,-0.02
54535,4095,0,-2.93,7.96,5.34,0.02,-0.15,-0.01
54588,4095,0,-3.11,8.14,5.18,0.03,-0.12,-0.02
54641,4095,0,-3.01,8.00,5.41,0.01,-0.18,0.01
54694,4095,0,-2.98,8.06,5.37,0.02,-0.17,-0.00
54747,4095,0,-2.97,7.97,5.29,0.02,-0.15,-0.01
54800,4095,0,-2.90,8.01,5.33,0.00,-0.14,-0.00
54853,4095,0,-3.03,8.03,5.24,0.08,-0.12,-0.01
54906,4095,0,-3.09,8.12,5.36,-0.04,-0.18,-0.01
54959,4095,0,-2.80,7.93,5.36,0.09,-0.12,0.02
55012,4095,0,-3.01,8.05,5.26,-0.03,-0.13,-0.04
55065,4095,0,-2.92,8.08,5.34,0.09,-0.15,0.01
55118,4095,0,-3.00,7.98,5.32,0.04,-0.13,-0.03
55171,4095,0,-2.93,8.09,5.29,0.01,-0.14,-0.01
55224,4095,0,-2.93,7.99,5.24,0.05,-0.14,-0.04
55277,4095,0,-2.97,8.07,5.31,-0.01,-0.17,-0.04
55330,4095,0,-3.03,8.06,5.37,0.04,-0.14,0.00
55383,4095,0,-2.91,8.04,5.31,0.12,-0.10,-0.09
55436,4095,0,-3.12,8.01,5.35,-0.02,-0.19,-0.01
55489,4095,0,-2.88,8.15,5.23,0.05,-0.10,-0.01
55542,4095,0,-3.06,7.97,5.24,0.05,-0.14,0.00
55595,4095,0,-2.99,8.09,5.24,-0.02,-0.15,-0.04
55648,4095,0,-2.98,8.04,5.25,0.06,-0.12,0.02
55701,4095,0,-3.01,8.01,5.27,0.02,-0.14,0.01
55754,4095,0,-3.09,8.20,5.25,-0.02,-0.13,-0.04
55807,4095,0,-2.85,7.96,5.28,0.09,-0.13,0.03
55860,4095,0,-3.02,8.06,5.20,-0.03,-0.13,-0.05
55913,4095,0,-3.09,8.15,5.21,0.00,-0.17,0.01
55966,4095,0,-2.85,7.94,5.33,0.06,-0.14,-0.01
56019,4095,0,-3.05,8.11,5.24,0.01,-0.10,-0.03
56072,4095,0,-2.94,8.09,5.22,0.03,-0.16,0.01
56125,4095,0,-3.08,8.06,5.20,-0.03,-0.22,-0.09
56178,4095,0,-2.98,8.05,5.27,0.04,-0.11,-0.01
56231,4095,0,-3.05,8.07,5.28,0.00,-0.16,-0.00
56284,4095,0,-2.86,8.03,5.27,0.03,-0.12,-0.01
56337,4095,0,-2.98,8.10,5.27,0.02,-0.14,0.01
56390,4095,0,-2.90,8.04,5.25,0.03,-0.11,0.04
56443,4095,0,-3.27,8.37,5.26,0.05,0.08,-0.15
56496,4095,0,-3.08,7.90,5.21,-0.01,-0.30,0.12
56549,4095,0,-2.77,8.26,5.30,0.04,-0.05,-0.07
56602,4095,0,-3.13,7.92,5.26,0.01,-0.17,0.02
56655,4095,0,-2.92,8.18,5.00,-0.00,-0.25,0.02
56708,4095,0,-3.12,7.99,5.37,0.07,-0.15,0.04
56761,4095,0,-2.87,8.09,5.26,-0.04,-0.15,-0.03
56814,4095,0,-2.95,8.13,5.20,0.03,-0.14,0.00
56867,4095,0,-2.92,8.04,5.26,0.06,-0.15,0.02
56920,4095,0,-2.99,8.12,5.29,-0.00,-0.12,-0.06
56973,4095,0,-2.93,8.03,5.26,0.02,-0.18,0.01
57026,4095,0,-2.90,8.07,5.21,-0.02,-0.13,-0.09
57079,4095,0,-2.80,8.03,5.21,0.05,-0.23,-0.09
57132,4095,0,-3.10,7.99,5.35,-0.02,-0.26,-0.04
57185,4095,0,-3.02,8.28,5.26,0.11,-0.35,0.03
57238,4095,0,-3.12,7.92,5.46,-0.03,-0.09,-0.15
57291,4095,0,-2.75,8.03,5.12,0.00,-0.24,-0.01
57344,4095,0,-3.09,8.14,5.51,-0.00,-0.31,-0.20
57397,4095,0,-2.86,7.86,5.50,0.07,-0.21,-0.01
57450,4095,0,-3.46,9.23,5.41,-0.49,-0.78,-0.06
57503,4095,0,0.73,6.87,6.55,-0.28,-0.76,-0.93
57556,4095,0,-2.92,7.91,6.46,-0.42,-0.01,-0.79
57609,4095,0,-4.04,7.72,6.29,0.08,-0.01,-0.15
57662,4095,0,-3.53,7.38,6.00,0.13,-0.11,0.18
57715,4095,0,-3.54,7.66,5.80,0.08,-0.10,0.18
57768,4095,0,-3.27,7.51,5.86,0.06,-0.09,0.14
57821,4095,0,-3.20,7.54,5.97,0.02,-0.10,0.12
57874,4095,0,-3.11,7.55,5.97,0.01,-0.11,0.08
57927,4095,0,-3.27,7.61,5.77,0.01,-0.14,0.03
57980,4095,0,-3.09,7.45,5.86,-0.01,-0.13,-0.02
58033,4095,0,-3.30,7.69,5.90,0.01,-0.21,-0.01
58086,4095,0,-3.31,7.66,6.02,-0.13,-0.19,-0.12
58139,4095,0,-3.22,7.57,5.79,0.05,-0.10,-0.01
58192,4095,0,-3.05,7.73,5.88,-0.04,-0.13,0.00
58245,4095,0,-2.95,7.42,6.00,0.00,-0.14,0.01
58298,4095,0,-3.12,7.70,5.95,0.05,-0.14,-0.01
58351,4095,0,-3.19,7.64,5.81,0.08,-0.12,-0.02
58404,4095,0,-3.27,7.83,5.79,0.07,-0.12,-0.03
58457,4095,0,-3.16,7.61,5.90,0.01,-0.11,-0.03
58510,4095,0,-3.13,7.61,5.91,0.02,-0.14,-0.00
58563,4095,0,-3.12,7.55,5.84,0.03,-0.12,0.00
58616,4095,0,-3.20,7.54,5.75,0.02,-0.13,0.01
58669,4095,0,-3.17,7.67,5.87,0.05,-0.11,0.04
58722,4095,0,-3.40,7.35,5.96,-0.04,-0.06,0.04
58775,4095,0,-2.85,7.33,5.71,0.20,0.06,0.09
58828,4095,0,-3.11,7.87,5.67,-0.01,-0.15,0.02
58881,4095,0,-3.15,7.70,5.76,-0.03,-0.15,0.01
58934,4095,0,-3.07,7.70,5.79,0.06,-0.12,0.03
58987,4095,0,-2.99,7.73,5.78,-0.03,-0.15,-0.01
59040,4095,0,-3.02,7.65,5.89,-0.01,-0.16,0.05
59093,4095,0,-3.35,7.97,5.79,0.03,-0.22,0.03
59146,4095,0,-3.36,7.82,5.66,0.91,1.32,-1.21
59199,4095,0,-4.13,7.98,5.48,-0.05,0.19,-0.65
59252,4095,0,-4.18,7.36,5.47,-0.02,-0.16,-0.03
59305,4095,0,-3.82,7.32,5.32,0.01,-0.18,0.06
59358,4095,0,-3.87,7.60,5.14,-0.03,-0.25,0.17
59411,4095,0,-4.13,7.77,5.23,-0.07,-0.20,0.07
59464,4095,0,-3.98,7.48,5.44,-0.05,-0.24,0.07
59517,4095,0,-3.89,7.50,5.45,0.02,-0.16,0.02
59570,4095,0,-4.21,7.82,5.38,0.07,-0.05,-0.10
59623,4095,0,-3.27,7.44,5.42,0.51,0.87,-0.54
59676,4095,0,-2.91,7.81,5.08,-0.04,0.63,-0.21
59729,4095,0,-4.78,7.64,4.92,-0.02,-0.12,0.03
59782,4095,0,-4.32,7.53,5.11,-0.08,-0.44,0.17
59835,4095,0,-4.00,7.41,5.12,0.03,-0.22,0.14
59888,4095,0,-3.99,7.53,5.18,0.01,-0.23,0.11
59941,4095,0,-3.97,7.64,5.16,-0.00,-0.32,0.23
59994,4095,0,-3.89,7.58,5.25,0.11,-0.25,0.46
60047,4095,0,-3.87,7.96,5.17,-0.02,-0.16,0.34
60100,4095,0,-3.43,7.73,5.16,0.05,-0.10,0.25
60153,4095,0,-3.34,8.06,5.04,0.02,-0.12,0.18
60206,4095,0,-3.39,8.01,5.17,-0.04,-0.21,0.06
60259,4095,0,-3.38,7.93,5.25,0.04,-0.16,0.06
60312,4095,0,-3.46,8.04,5.05,0.03,-0.15,0.02
60365,4095,0,-3.14,7.86,5.18,0.02,-0.14,-0.01
60418,4095,0,-3.19,7.89,5.24,0.01,-0.13,0.06
60471,4095,0,-3.08,7.97,5.17,0.05,-0.08,0.05
60524,4095,0,-3.25,8.16,5.10,-0.01,-0.18,0.00
60577,4095,0,-3.30,7.95,5.17,-0.05,-0.20,0.00
60630,4095,0,-3.43,8.06,5.25,0.02,-0.13,0.00
60683,4095,0,-3.22,7.86,5.23,0.06,-0.12,-0.01
60736,4095,0,-3.16,8.08,5.17,0.05,-0.12,0.00
60789,4095,0,-3.13,8.01,5.12,0.00,-0.14,-0.01
60842,4095,0,-3.16,7.98,5.25,0.00,-0.14,0.00
60895,4095,0,-3.22,8.01,5.24,0.00,-0.16,-0.02
60948,4095,0,-3.26,7.92,5.16,0.03,-0.14,-0.01
61001,4095,0,-3.25,8.02,5.20,0.04,-0.12,0.01
61054,4095,0,-3.15,7.98,5.23,0.01,-0.15,-0.03
61107,4095,0,-3.17,8.00,5.16,0.03,-0.14,0.00
61160,4095,0,-3.18,8.05,5.12,0.02,-0.14,-0.01
61213,4095,0,-3.24,8.03,5.19,0.00,-0.14,-0.01
61266,4095,0,-3.24,8.05,5.22,0.02,-0.12,-0.01
61319,4095,0,-3.23,8.08,5.14,-0.00,-0.14,-0.02
61372,4095,0,-3.14,7.95,5.14,0.01,-0.15,-0.02
61425,4095,0,-3.17,8.03,5.19,0.03,-0.13,0.01
61478,4095,0,-3.23,8.11,5.20,0.00,-0.14,-0.01
61531,4095,0,-3.23,8.04,5.17,0.01,-0.15,-0.02
61584,4095,0,-3.17,8.06,5.17,-0.00,-0.15,-0.04
61637,4095,0,-3.20,8.06,5.22,0.01,-0.12,0.03
61690,4095,0,-3.06,7.95,5.20,0.02,-0.13,-0.02
61743,4095,0,-3.19,8.00,5.14,0.01,-0.13,-0.02
61796,4095,0,-3.22,8.08,5.32,0.03,-0.13,0.00
61849,4095,0,-3.26,8.07,5.18,0.03,-0.13,-0.01
61902,4095,0,-3.15,8.03,5.18,0.01,-0.14,-0.03
61955,4095,0,-3.13,7.99,5.20,0.01,-0.15,-0.01
62008,4095,0,-3.17,7.98,5.21,0.01,-0.13,-0.02
62061,4095,0,-2.99,7.93,5.26,0.01,-0.14,-0.02
62114,4095,0,-3.12,7.94,5.23,0.03,-0.12,-0.02
62167,4095,0,-3.19,8.06,5.21,0.03,-0.12,-0.03
62220,4095,0,-3.20,8.04,5.20,-0.00,-0.14,-0.02
62273,4095,0,-3.20,7.94,5.26,0.02,-0.14,-0.00
62326,4095,0,-3.24,8.05,5.22,0.03,-0.14,-0.00
62379,4095,0,-3.22,8.07,5.22,-0.03,-0.15,-0.04
62432,4095,0,-3.10,7.91,5.23,0.02,-0.14,-0.02
62485,4095,0,-3.19,8.07,5.16,0.01,-0.14,-0.01
62538,4095,0,-3.18,7.90,5.23,-0.00,-0.14,-0.02
62591,4095,0,-3.15,7.97,5.29,0.04,-0.13,-0.00
62644,4095,0,-3.18,8.06,5.22,0.03,-0.13,-0.01
62697,4095,0,-3.17,7.95,5.22,0.02,-0.15,-0.03
62750,4095,0,-3.19,8.00,5.17,0.04,-0.15,-0.00
62803,4095,0,-3.20,8.20,5.17,0.03,-0.06,-0.15
62856,4095,0,-3.39,8.05,5.25,0.03,-0.12,-0.03
62909,4095,0,-3.32,7.94,5.25,0.02,-0.18,-0.01
62962,4095,0,-3.21,7.99,5.23,0.03,-0.15,0.01
63015,4095,0,-3.12,7.95,5.27,0.03,-0.14,0.00
63068,4095,0,-3.22,8.03,5.30,0.03,-0.15,-0.01
63121,4095,0,-3.16,7.85,5.26,0.04,-0.12,-0.00
63174,4095,0,-3.17,7.96,5.21,0.09,-0.09,-0.01
63227,4095,0,-3.21,8.11,5.18,0.02,-0.14,-0.01
63280,4095,0,-3.27,8.02,5.11,0.02,-0.13,-0.00
63333,4095,0,-3.18,8.04,5.30,-0.00,-0.16,-0.01
63386,4095,0,-3.17,7.96,5.26,0.03,-0.13,-0.01
63439,4095,0,-3.17,8.04,5.17,0.04,-0.10,-0.01
63492,4095,0,-3.17,8.03,5.15,0.01,-0.13,-0.05
63545,4095,0,-3.23,8.10,5.14,0.01,-0.01,0.14
63598,4095,0,-3.22,8.03,5.19,0.00,-0.16,-0.02
63651,4095,0,-3.21,8.10,5.14,0.01,-0.14,-0.04
63704,4095,0,-3.17,7.94,5.15,0.03,-0.12,0.01
63757,4095,0,-3.17,7.98,5.16,0.05,-0.11,0.01
63810,4095,0,-3.22,8.05,5.18,0.01,-0.13,-0.02
63863,4095,0,-3.17,8.01,5.13,0.04,-0.16,-0.05
63916,4095,0,-3.18,8.04,5.22,0.03,-0.09,-0.00
63969,4095,0,-3.22,8.07,5.12,0.03,-0.13,-0.02
64022,4095,0,-3.23,8.04,5.06,-0.00,-0.15,-0.01
64075,4095,0,-3.16,7.97,5.20,0.02,-0.12,-0.01
64128,4095,0,-3.23,8.05,5.15,0.03,-0.14,-0.01
64181,4095,0,-3.20,8.01,5.12,0.02,-0.13,-0.01
64234,4095,0,-3.16,7.97,5.12,0.03,-0.13,-0.00
64287,4095,0,-3.21,8.05,5.13,0.03,-0.14,-0.00
64340,4095,0,-3.21,8.03,5.16,-0.01,-0.14,-0.02
64393,4095,0,-3.20,7.96,5.15,0.04,-0.12,0.01
64446,4095,0,-3.18,8.02,5.12,0.03,-0.12,0.00
64499,4095,0,-3.20,8.04,5.14,0.02,-0.12,-0.01
64552,4095,0,-3.22,8.04,5.14,0.02,-0.12,-0.00
64605,4095,0,-3.22,8.03,5.17,-0.00,-0.13,0.02
64658,4095,0,-3.04,7.96,5.12,0.07,-0.08,-0.00
64711,4095,0,-3.21,8.13,5.18,0.00,-0.09,-0.03
64764,4095,0,-3.23,8.02,5.11,-0.00,-0.15,-0.02
64817,4095,0,-3.25,8.04,5.08,-0.01,-0.16,0.01
64870,4095,0,-3.14,7.96,5.25,0.03,-0.13,0.00
64923,4095,0,-3.19,8.08,5.17,0.04,-0.13,-0.01
64976,4095,0,-3.21,8.05,5.08,0.01,-0.13,-0.03
65029,4095,0,-3.20,8.06,5.10,0.04,-0.11,-0.01
65082,4095,0,-3.24,8.20,4.95,-0.01,-0.13,-0.06
65135,4095,0,-2.96,7.87,5.03,-0.08,-0.22,-0.15
65188,4095,0,-3.67,7.85,5.37,-0.18,-0.35,-0.29
65241,4095,0,-3.42,8.14,5.46,0.12,-0.50,-0.51
65294,4095,0,-3.94,8.14,5.32,0.03,-0.01,0.06
65347,4095,0,-3.72,7.64,5.32,0.09,0.01,0.36
65400,4095,0,-3.04,8.01,5.13,0.09,-0.00,0.14
65453,4095,0,-2.88,7.92,5.04,0.15,0.01,0.32
65506,4095,0,-3.01,8.13,4.99,0.03,-0.18,0.03
65559,4095,0,-3.16,8.15,5.07,-0.04,-0.22,-0.01
65612,4095,0,-3.26,8.04,5.18,0.04,-0.17,-0.03
65665,4095,0,-3.27,8.03,5.16,0.06,-0.17,-0.04
65718,4095,0,-3.26,8.05,5.12,0.05,-0.14,-0.02
65771,4095,0,-3.10,8.07,5.11,0.04,-0.13,-0.00
65824,4095,0,-3.11,8.05,5.07,0.02,-0.13,-0.01
65877,4095,0,-3.15,7.97,5.11,0.01,-0.13,0.01
65930,4095,0,-3.17,7.93,5.13,0.04,-0.09,0.01
65983,4095,0,-3.28,8.07,5.12,0.05,-0.12,0.01
66036,4095,0,-3.23,8.10,5.09,0.03,-0.14,-0.02
66089,4095,0,-3.20,8.09,5.07,0.02,-0.14,-0.02
66142,4095,0,-3.14,7.99,5.13,0.01,-0.14,-0.03
66195,4095,0,-3.19,8.03,5.11,0.03,-0.14,-0.02
66248,4095,0,-3.23,8.08,5.15,0.02,-0.12,-0.00
66301,4095,0,-3.21,8.07,5.13,0.01,-0.13,-0.01
66354,4095,0,-3.17,8.02,5.08,0.02,-0.13,-0.00
66407,4095,0,-3.15,8.01,5.15,0.01,-0.14,-0.02
66460,4095,0,-3.19,8.09,5.20,0.02,-0.14,-0.02
66513,4095,0,-3.17,8.05,5.11,0.02,-0.14,-0.03
66566,4095,0,-3.18,8.01,5.10,0.01,-0.15,-0.03
66619,4095,0,-3.15,7.94,5.16,0.03,-0.13,-0.01
66672,4095,0,-3.22,8.06,5.10,0.03,-0.12,-0.01
66725,4095,0,-3.21,8.06,5.14,0.03,-0.14,-0.01
66778,4095,0,-3.22,8.09,5.12,0.01,-0.14,-0.02
66831,4095,0,-3.20,7.97,5.11,0.00,-0.13,-0.02
66884,4095,0,-3.20,8.03,5.15,0.04,-0.13,-0.00
66937,4095,0,-3.34,8.26,5.07,0.01,-0.12,-0.02
66990,4095,0,-3.24,7.98,5.11,0.00,-0.12,-0.02
67043,4095,0,-3.17,8.06,5.16,0.05,-0.13,0.01
67096,4095,0,-3.19,8.14,5.12,0.00,-0.15,-0.01
67149,4095,0,-3.22,7.98,5.10,0.01,-0.14,-0.00
67202,4095,0,-3.17,8.01,5.19,0.02,-0.13,-0.01
67255,4095,0,-3.19,8.01,5.12,0.03,-0.13,-0.01
67308,4095,0,-3.20,8.05,5.10,0.04,-0.12,-0.00
67361,4095,0,-3.15,8.02,5.11,0.03,-0.14,-0.01
67414,4095,0,-3.23,8.04,5.13,0.02,-0.14,0.00
67467,4095,0,-3.20,8.07,5.13,0.02,-0.13,-0.01
67520,4095,0,-3.18,8.02,5.10,0.03,-0.14,-0.01
67573,4095,0,-3.18,7.99,5.12,0.00,-0.14,-0.01
67626,4095,0,-3.18,7.98,5.13,0.04,-0.13,0.01
67679,4095,0,-3.21,8.15,5.17,0.01,-0.14,-0.02
67732,4095,0,-3.16,7.97,5.09,0.01,-0.15,-0.01
67785,4095,0,-3.18,8.01,5.10,0.05,-0.13,0.01
67838,4095,0,-3.09,8.04,5.18,0.04,-0.12,-0.02
67891,4095,0,-3.05,8.04,4.99,-0.01,-0.23,-0.02
67944,4095,0,-3.18,7.69,5.09,0.03,-0.18,-0.04
67997,4095,0,-3.76,8.26,5.36,-0.09,-0.40,-0.18
68050,4095,0,-3.09,7.79,5.38,0.11,-0.16,0.00
68103,4095,0,-3.20,8.15,5.11,0.00,-0.14,-0.06
68156,4095,0,-3.18,7.96,5.19,0.05,-0.14,-0.04
68209,4095,0,-3.48,8.18,5.15,-0.01,-0.07,-0.22
68262,4095,0,-3.56,7.98,5.17,0.03,-0.14,-0.03
68315,4095,0,-3.36,7.98,5.23,0.03,-0.18,0.00
68368,4095,0,-3.24,7.92,5.29,0.05,-0.35,-0.09
68421,4095,0,-3.11,7.87,5.11,0.02,-0.19,-0.00
68474,4095,0,-3.31,7.65,5.27,0.06,-0.31,-0.07
68527,4095,0,-3.44,7.99,5.44,-0.01,-0.17,-0.02
68580,4095,0,-2.78,7.15,5.62,-0.40,-0.49,0.00
68633,4095,0,-3.51,8.67,5.23,-0.22,0.00,-0.09
68686,4095,0,-3.40,7.69,5.66,-0.12,-0.04,-0.07
68739,4095,0,-3.33,7.78,5.56,0.08,-0.16,0.04
68792,4095,0,-3.31,7.91,5.40,0.23,-0.12,0.03
68845,4095,0,-3.19,7.98,5.47,0.19,-0.08,-0.02
68898,4095,0,-3.06,7.64,5.55,0.21,-0.06,-0.01
68951,4095,0,-3.28,7.94,5.37,0.15,-0.04,0.02
69004,4095,0,-3.31,8.01,5.13,0.10,-0.05,0.02
69057,4095,0,-3.26,7.97,5.18,0.08,-0.09,-0.01
69110,4095,0,-3.24,7.88,5.20,0.01,-0.14,-0.02
69163,4095,0,-3.20,7.94,5.17,0.06,-0.09,-0.01
69216,4095,0,-3.22,8.02,5.13,0.03,-0.12,-0.01
69269,4095,0,-3.26,7.98,5.08,0.01,-0.13,-0.03
69322,4095,0,-3.26,7.95,5.14,0.03,-0.12,-0.01
69375,4095,0,-3.28,7.99,5.11,0.01,-0.12,-0.00
69428,4095,0,-3.27,7.99,5.13,0.00,-0.14,-0.02
69481,4095,0,-3.25,7.91,5.13,0.02,-0.13,-0.01
69534,4095,0,-3.23,8.02,5.11,0.04,-0.11,-0.00
69587,4095,0,-3.29,8.15,5.09,-0.01,-0.15,-0.03
69640,4095,0,-3.29,7.91,5.03,-0.00,-0.14,-0.02
69693,4095,0,-3.24,7.99,5.17,0.02,-0.13,-0.00
69746,4095,0,-3.31,8.11,5.17,0.02,-0.13,-0.01
69799,4095,0,-3.22,7.93,5.09,0.01,-0.13,-0.02
69852,4095,0,-3.26,7.99,5.10,0.04,-0.13,-0.01
69905,4095,0,-3.31,8.07,5.10,0.01,-0.14,-0.01
69958,4095,0,-3.26,7.98,5.15,0.01,-0.13,-0.02
70011,4095,0,-3.26,8.03,5.11,0.02,-0.15,-0.01
70064,4095,0,-3.23,8.08,5.16,0.03,-0.13,-0.02
70117,4095,0,-3.10,7.77,5.21,0.11,-0.17,0.01
70170,4095,0,-3.44,8.27,4.78,0.04,-0.16,0.00
70223,4095,0,-3.31,8.06,5.11,-0.02,-0.14,-0.01
70276,4095,0,-3.24,7.93,5.20,0.05,-0.10,0.00
70329,4095,0,-3.19,8.00,5.01,0.01,-0.12,-0.03
70382,4095,0,-3.21,8.03,5.05,-0.00,-0.14,-0.01
70435,4095,0,-3.28,8.07,5.08,0.01,-0.13,-0.01
70488,4095,0,-3.18,8.04,5.13,0.03,-0.12,-0.03
70541,4095,0,-3.22,7.91,5.18,0.01,-0.19,-0.03
70594,4095,0,-3.37,7.95,5.00,0.01,-0.11,-0.01
70647,4095,0,-3.30,7.95,5.09,0.03,-0.09,0.02
70700,4095,0,-3.24,8.00,5.09,0.05,-0.13,-0.01
70753,4095,0,-3.30,8.15,5.04,0.04,-0.12,0.01
70806,4095,0,-3.14,7.99,5.13,0.04,-0.08,0.04
70859,4095,0,-3.21,7.97,4.77,0.02,-0.09,0.04
70912,4095,0,-3.24,8.10,4.98,0.02,-0.11,-0.00
70965,4095,0,-3.20,8.03,5.13,0.02,-0.13,-0.01
71018,4095,0,-3.37,7.78,5.15,0.31,-0.06,0.08
71071,4095,0,-3.27,8.59,4.82,0.04,-0.16,-0.04
71124,4095,0,-3.09,8.14,4.84,-0.09,-0.20,-0.05
71177,4095,0,-3.15,8.03,5.00,-0.03,-0.15,-0.05
71230,4095,0,-3.21,8.07,5.02,0.02,-0.13,-0.02
71283,4095,0,-3.29,8.06,4.96,0.02,-0.11,-0.01
71336,4095,0,-3.33,8.17,4.94,0.02,-0.13,-0.00
71389,4095,0,-3.21,8.07,5.05,-0.02,-0.16,-0.03
71442,4095,0,-3.19,7.95,5.03,0.02,-0.13,-0.01
71495,4095,0,-3.28,8.11,4.98,0.04,-0.12,-0.00
71548,4095,0,-3.29,8.17,4.96,0.01,-0.15,-0.02
71601,4095,0,-3.28,8.02,4.98,0.01,-0.14,-0.01
71654,4095,0,-3.24,8.07,5.04,0.03,-0.12,-0.01
71707,4095,0,-3.26,8.10,5.01,0.03,-0.14,-0.00
71760,4095,0,-3.30,8.14,4.99,-0.01,-0.14,-0.02
71813,4095,0,-3.24,8.14,4.97,-0.01,-0.15,-0.03
71866,4095,0,-3.21,8.00,5.01,0.01,-0.15,-0.01
71919,4095,0,-3.25,8.09,5.03,0.02,-0.13,-0.01
71972,4095,0,-3.27,8.06,4.97,0.02,-0.13,-0.00
72025,4095,0,-3.24,8.10,4.97,-0.00,-0.14,-0.03
72078,4095,0,-3.23,8.03,5.07,0.01,-0.14,-0.02
72131,4095,0,-3.29,8.05,4.97,0.03,-0.11,-0.01
72184,4095,0,-3.28,8.13,5.01,0.01,-0.13,-0.02
72237,4095,0,-3.21,8.02,5.11,-0.01,-0.15,-0.03
72290,4095,0,-3.27,7.99,5.01,0.04,-0.11,-0.00
72343,4095,0,-3.24,8.09,5.01,0.03,-0.13,-0.00
72396,4095,0,-3.23,7.86,5.12,0.02,-0.20,-0.04
72449,4095,0,-3.42,8.10,4.78,0.06,-0.10,0.03
72502,4095,0,-3.32,8.09,5.08,0.01,-0.12,-0.02
72555,4095,0,-3.25,8.08,5.26,0.01,-0.14,-0.02
72608,4095,0,-3.27,8.08,4.90,0.01,-0.12,-0.00
72661,4095,0,-3.19,7.98,4.94,0.01,-0.13,-0.00
72714,4095,0,-3.32,8.03,5.11,0.01,-0.20,-0.01
72767,4095,0,-3.39,8.06,5.09,0.01,-0.13,-0.03
72820,4095,0,-3.23,7.98,5.06,0.04,-0.08,-0.04
72873,4095,0,-3.21,8.06,5.04,0.00,-0.13,-0.01
72926,4095,0,-3.26,8.09,4.95,-0.00,-0.14,-0.01
72979,4095,0,-3.29,8.03,4.98,-0.01,-0.14,-0.00
73032,4095,0,-3.28,7.99,5.08,0.03,-0.15,0.00
73085,4095,0,-3.29,8.11,5.08,0.01,-0.13,-0.03
73138,4095,0,-3.23,8.02,5.05,0.01,-0.12,-0.02
73191,4095,0,-3.17,7.64,5.04,-0.04,-0.16,0.01
73244,4095,0,-3.30,8.05,5.26,-0.25,-0.18,-0.13
73297,4095,0,-3.27,8.13,5.18,0.11,-0.03,0.02
73350,4095,0,-3.28,8.18,4.84,0.03,-0.16,-0.08
73403,4095,0,-3.20,7.95,5.05,-0.04,-0.20,-0.01
73456,4095,0,-3.35,7.88,5.24,-0.06,-0.22,0.00
73509,4095,0,-3.46,7.86,5.21,0.04,-0.11,-0.04
73562,4095,0,-3.31,8.08,5.12,0.06,-0.09,-0.01
73615,4095,0,-3.02,8.15,5.36,0.03,-0.20,-0.00
73668,4095,0,-2.85,7.96,5.22,0.02,-0.06,-0.02
73721,4095,0,-3.09,7.92,5.03,-0.01,-0.27,-0.03
73774,4095,0,-3.24,7.97,5.04,0.05,-0.18,-0.02
73827,4095,0,-3.49,8.10,5.02,0.09,-0.12,-0.04
73880,4095,0,-3.11,8.19,5.04,0.10,-0.16,0.14
73933,4095,0,-0.61,8.05,5.39,-0.22,-1.03,-0.05
73986,4095,0,-3.80,6.86,6.06,1.15,-0.14,0.52
74039,4095,0,-3.54,10.73,4.64,-0.16,-1.34,-0.31
74092,4095,0,-2.93,5.54,6.49,0.42,-0.14,-0.20
74145,4095,0,-4.64,7.57,4.97,-0.03,0.39,0.55
74198,4095,0,-2.67,8.40,5.47,-0.38,0.66,-0.30
74251,4095,0,-3.28,8.80,6.09,0.03,0.20,0.01
74304,4095,0,-6.24,9.76,6.28,0.10,0.77,-0.51
74357,4095,0,-6.56,5.77,6.28,1.34,3.77,-0.57
74410,4095,0,-0.91,4.45,4.17,-1.50,4.45,-0.49
74463,4095,0,-3.11,12.31,2.32,-2.73,0.65,-1.99
74516,4095,0,-4.48,6.23,3.03,0.86,0.68,0.10
74569,4095,0,-5.66,6.93,2.80,1.61,0.62,1.73
74622,4095,0,-6.16,8.66,1.82,1.24,0.72,0.60
74675,4095,0,-5.08,8.19,1.09,1.00,0.67,0.60
74728,4095,0,-4.39,8.12,0.27,1.18,1.02,1.09
74781,4095,0,-4.67,8.82,-0.21,0.65,0.58,0.91
74834,4095,0,-3.46,8.22,-0.84,0.96,0.77,1.37
74887,4095,0,-2.93,8.84,-1.55,0.49,0.51,0.90
74940,4095,0,-2.13,8.61,-1.55,0.18,0.23,0.46
74993,4095,0,-1.71,8.45,-1.45,-0.08,-0.24,-0.01
75046,4095,0,-2.35,8.65,-1.47,-0.23,-0.58,-0.68
75099,4095,0,-3.12,8.61,-0.89,-0.85,-1.66,-1.37
75152,4095,0,-4.30,8.34,-0.12,-1.29,-1.15,-1.02
75205,4095,0,-5.01,10.61,1.24,-2.06,-2.43,-1.79
75258,4095,0,-9.06,6.51,1.51,0.12,1.80,-0.37
75311,4095,0,-0.12,8.80,0.90,-0.74,-1.05,0.37
75364,4095,0,-7.07,8.23,2.29,0.11,-1.64,0.13
75417,4095,0,-5.45,7.47,2.02,0.17,0.23,-0.17
75470,4095,0,-3.87,7.46,2.30,-0.10,-0.87,0.17
75523,4095,0,-6.86,7.45,3.15,-0.31,-0.87,0.10
75576,4095,0,-5.69,8.44,2.92,-0.37,0.68,-0.23
75629,4095,0,-3.62,8.05,2.15,0.07,0.31,-0.08
75682,4095,0,-5.03,7.45,2.53,-0.09,-0.64,0.13
75735,4095,0,-5.34,7.98,2.82,-0.19,-0.08,0.04
75788,4095,0,-4.73,8.58,2.32,-0.10,-0.20,0.04
75841,4095,0,-4.67,7.61,2.75,0.36,-0.48,0.18
75894,4095,0,-4.65,7.17,2.79,-0.21,-0.39,0.08
75947,4095,0,-4.71,8.68,2.98,-0.46,-0.72,0.09
76000,4095,0,-4.88,8.30,3.09,0.45,-0.57,0.12
76053,4095,0,-4.32,7.21,3.20,0.15,-0.62,0.20
76106,4095,0,-4.49,8.86,3.22,-0.39,-0.84,-0.06
76159,4095,0,-4.82,8.08,3.74,0.50,-0.74,0.10
76212,4095,0,-4.88,7.65,3.87,0.05,-0.27,-0.02
76265,4095,0,-4.10,7.95,3.53,-0.10,-0.12,-0.01
76318,4095,0,-4.66,7.90,3.55,-0.22,-0.33,0.06
76371,4095,0,-3.83,8.44,3.36,-0.06,0.03,0.05
76424,4095,0,-2.98,7.18,3.52,0.42,-0.54,0.42
76477,4095,0,-4.44,7.57,3.96,-0.72,-1.01,0.36
76530,4095,0,-3.73,9.96,4.22,-0.33,-0.72,0.08
76583,4095,0,-5.03,8.26,4.50,0.53,-0.45,0.47
76636,4095,0,-2.58,7.72,4.36,0.53,0.30,-0.26
76689,4095,0,-3.83,7.30,4.41,0.00,-0.23,0.03
76742,4095,0,-3.37,8.45,4.04,-0.03,-0.18,-0.04
76795,4095,0,-3.58,8.30,4.04,-0.18,-0.17,-0.13
76848,4095,0,-3.62,8.24,4.16,-0.01,-0.19,0.02
76901,4095,0,-3.54,8.32,4.22,0.02,-0.19,0.04
76954,4095,0,-3.65,8.30,4.20,-0.02,-0.17,0.00
77007,4095,0,-3.60,8.32,4.23,0.01,-0.19,0.02
77060,4095,0,-3.52,8.25,4.33,0.02,-0.14,-0.02
77113,4095,0,-3.53,8.32,4.24,-0.03,-0.15,-0.04
77166,4095,0,-3.51,8.17,4.26,0.03,-0.15,0.02
77219,4095,0,-3.53,8.33,4.24,0.01,-0.14,0.02
77272,4095,0,-3.62,8.23,4.29,0.01,-0.16,0.00
77325,4095,0,-3.56,8.24,4.34,0.07,-0.11,0.01
77378,4095,0,-3.44,8.31,4.25,0.01,-0.13,-0.04
77431,4095,0,-3.55,8.26,4.19,0.03,-0.15,-0.01
77484,4095,0,-3.54,8.41,4.21,0.02,-0.13,0.00
77537,4095,0,-3.45,8.17,4.32,0.05,-0.16,-0.02
77590,4095,0,-3.46,8.31,4.32,0.03,-0.12,-0.00
77643,4095,0,-3.52,8.37,4.24,0.03,-0.14,-0.03
77696,4095,0,-3.54,8.24,4.21,-0.01,-0.15,-0.05
77749,4095,0,-3.51,8.29,4.25,0.04,-0.12,-0.02
77802,4095,0,-3.52,8.28,4.23,0.03,-0.15,-0.02
77855,4095,0,-3.52,8.31,4.21,0.05,-0.12,-0.01
77908,4095,0,-3.44,8.25,4.21,0.07,-0.11,0.01
77961,4095,0,-3.57,8.40,4.14,0.03,-0.16,-0.04
78014,4095,0,-3.54,8.25,4.23,0.01,-0.15,0.03
78067,4095,0,-3.48,8.28,4.17,0.02,-0.16,0.02
78120,4095,0,-3.65,8.33,4.20,0.02,-0.18,-0.05
78173,4095,0,-3.53,8.32,4.23,0.03,-0.14,-0.06
78226,4095,0,-3.38,8.30,4.18,0.03,-0.16,-0.13
78279,4095,0,-3.42,8.19,4.24,-0.04,-0.18,-0.03
78332,4095,0,-3.61,8.15,4.32,0.02,-0.14,0.04
78385,4095,0,-3.60,8.24,4.27,0.08,-0.12,0.02
78438,4095,0,-3.36,8.43,4.15,0.07,-0.13,0.02
78491,4095,0,-3.35,8.25,4.15,0.01,-0.14,-0.02
78544,4095,0,-3.46,8.31,4.18,-0.00,-0.20,0.01
78597,4095,0,-3.61,8.53,3.95,0.13,-0.39,0.00
78650,4095,0,-3.46,8.41,4.34,0.09,-0.15,0.01
78703,4095,0,-3.43,8.22,4.16,0.07,-0.27,0.01
78756,4095,0,-3.34,8.38,4.18,0.07,-0.25,0.03
78809,4095,0,-3.45,8.54,4.21,-0.01,-0.14,-0.03
78862,4095,0,-3.40,8.28,4.27,0.05,-0.12,-0.04
78915,4095,0,-3.33,8.39,4.26,0.01,-0.14,-0.05
78968,4095,0,-3.41,8.32,4.29,0.03,-0.11,-0.06
79021,4095,0,-3.41,8.40,4.17,-0.03,-0.14,-0.06
79074,4095,0,-3.56,8.31,4.14,0.02,-0.14,-0.08
79127,4095,0,-3.45,8.31,4.20,0.03,-0.12,-0.09
79180,4095,0,-3.44,8.24,4.31,-0.01,-0.10,-0.09
79233,4095,0,-3.50,8.23,4.25,-0.02,-0.13,-0.06
79286,4095,0,-3.41,8.37,4.16,0.01,-0.14,-0.01
79339,4095,0,-3.57,8.23,4.24,-0.01,-0.17,-0.00
79392,4095,0,-3.65,8.24,4.36,0.01,-0.17,0.01
79445,4095,0,-3.57,8.18,4.41,0.04,-0.10,-0.03
79498,4095,0,-3.49,8.31,4.24,0.03,-0.12,-0.05
79551,4095,0,-3.53,8.33,4.20,0.01,-0.13,-0.03
79604,4095,0,-3.52,8.23,4.22,0.04,-0.15,0.01
79657,4095,0,-3.57,8.31,4.31,0.02,-0.09,-0.02
79710,4095,0,-3.57,8.28,4.34,0.09,-0.15,0.04
79763,4095,0,-3.51,8.36,4.23,0.07,-0.13,-0.06
79816,4095,0,-3.57,8.20,4.14,0.06,-0.19,-0.12
79869,4095,0,-3.58,8.32,4.14,0.06,-0.14,-0.05
79922,4095,0,-3.60,8.25,4.21,0.04,-0.15,-0.06
79975,4095,0,-3.57,8.28,4.17,0.08,-0.15,-0.04
80028,4095,0,-3.66,8.31,4.15,0.05,-0.18,-0.06
80081,4095,0,-3.69,8.31,4.13,0.09,-0.14,-0.04
80134,4095,0,-3.64,8.29,4.07,0.05,-0.16,-0.07
80187,4095,0,-3.44,8.36,4.13,0.49,-0.44,0.38
80240,4095,0,-3.46,8.44,3.95,-0.10,-0.16,-0.31
80293,4095,0,-3.55,8.45,3.92,0.23,-0.39,0.13
80346,4095,0,-3.70,7.43,2.31,-0.01,-0.12,-0.08
80399,4095,0,-3.72,8.77,4.14,-0.28,-0.20,0.17
80452,4095,0,-3.38,8.04,4.35,0.13,-0.13,0.14
80505,4095,0,-3.69,8.49,4.21,0.03,-0.05,0.02
80558,4095,0,-3.38,8.45,4.08,-0.01,-0.12,-0.07
80611,4095,0,-3.33,8.31,4.07,0.01,-0.11,-0.07
80664,4095,0,-3.44,8.21,4.27,0.05,-0.20,0.05
80717,4095,0,-3.43,8.40,4.20,-0.00,-0.07,-0.03
80770,4095,0,-3.46,8.34,4.15,0.01,-0.14,0.09
80823,4095,0,-3.36,8.41,4.12,-0.04,-0.15,0.04
80876,4095,0,-3.44,8.29,4.32,-0.01,-0.17,0.06
80929,4095,0,-3.36,8.33,4.32,0.00,-0.19,0.04
80982,4095,0,-3.32,8.34,4.29,0.03,-0.14,0.02
81035,4095,0,-3.33,8.38,4.32,0.02,-0.13,-0.00
81088,4095,0,-3.24,8.45,4.21,-0.01,-0.12,-0.04
81141,4095,0,-3.33,8.38,4.23,0.00,-0.15,0.01
81194,4095,0,-3.36,8.33,4.36,-0.01,-0.14,-0.01
81247,4095,0,-3.38,8.40,4.45,-0.04,-0.10,-0.06
81300,4095,0,-3.29,8.30,4.32,-0.02,-0.12,-0.05
81353,4095,0,-3.31,8.27,4.23,-0.00,-0.12,-0.09
81406,4095,0,-3.30,8.44,4.25,0.04,-0.15,0.01
81459,4095,0,-3.41,8.25,4.49,0.01,-0.16,0.02
81512,4095,0,-3.31,8.26,4.37,0.01,-0.12,-0.03
81565,4095,0,-3.37,8.33,4.18,-0.01,-0.16,0.03
81618,4095,0,-3.51,8.21,4.42,0.03,-0.12,0.01
81671,4095,0,-3.40,8.28,4.49,0.01,-0.11,-0.04
81724,4095,0,-3.27,8.30,4.37,0.01,-0.10,-0.06
81777,4095,0,-3.35,8.38,4.19,0.01,-0.13,-0.03
81830,4095,0,-3.40,8.27,4.33,0.01,-0.17,0.01
81883,4095,0,-3.41,8.22,4.38,0.05,-0.15,0.03
81936,4095,0,-3.40,8.31,4.37,0.03,-0.12,0.00
81989,4095,0,-3.47,8.26,4.40,0.01,-0.13,-0.02
82042,4095,0,-3.29,8.29,4.30,0.03,-0.10,-0.06
82095,4095,0,-3.29,8.27,4.35,0.01,-0.15,0.03
82148,4095,0,-3.34,8.44,4.38,-0.04,-0.22,0.13
82201,4095,0,-3.61,8.47,4.37,0.03,-0.12,-0.04
82254,4095,0,-3.22,8.21,4.41,0.04,-0.09,-0.17
82307,4095,0,-3.20,8.16,4.47,0.06,-0.14,0.00
82360,4095,0,-3.54,8.29,4.40,-0.00,-0.10,-0.05
82413,4095,0,-3.24,8.44,4.22,-0.01,-0.07,-0.04
82466,4095,0,-3.23,8.45,4.38,0.01,-0.17,0.05
82519,4095,0,-3.50,8.22,4.42,0.04,-0.17,0.03
82572,4095,0,-3.46,8.28,4.47,0.08,-0.11,-0.13
82625,4095,0,-3.38,8.27,4.32,-0.00,-0.13,-0.05
82678,4095,0,-3.40,8.29,4.24,-0.00,-0.12,0.03
82731,4095,0,-3.30,8.38,4.30,0.02,-0.11,0.02
82784,4095,0,-3.42,8.22,4.45,0.02,-0.16,0.05
82837,4095,0,-3.44,8.31,4.39,0.04,-0.15,0.03
82890,4095,0,-3.35,8.35,4.33,0.03,-0.12,-0.03
82943,4095,0,-3.35,8.32,4.28,0.06,-0.15,0.01
82996,4095,0,-3.28,8.40,4.30,0.02,-0.16,-0.00
83049,4095,0,-3.38,8.27,4.37,-0.01,-0.15,0.04
83102,4095,0,-3.28,8.30,4.39,0.07,-0.12,0.07
83155,4095,0,-3.35,8.47,4.30,0.00,-0.12,-0.00
83208,4095,0,-3.37,8.32,4.36,-0.01,-0.15,-0.02
83261,4095,0,-3.33,8.29,4.40,-0.00,-0.15,-0.03
83314,4095,0,-3.34,8.30,4.33,-0.00,-0.11,-0.07
83367,4095,0,-3.38,8.34,4.30,-0.02,-0.10,-0.10
83420,4095,0,-3.31,8.32,4.30,-0.01,-0.15,-0.03
83473,4095,0,-3.34,8.32,4.42,-0.01,-0.12,0.07
83526,4095,0,-3.43,8.27,4.41,0.01,-0.12,-0.01
83579,4095,0,-3.33,8.29,4.34,0.00,-0.13,-0.06
83632,4095,0,-3.40,8.30,4.38,0.01,-0.13,-0.06
83685,4095,0,-3.39,8.29,4.40,0.02,-0.15,-0.02
83738,4095,0,-3.33,8.27,4.41,0.01,-0.14,-0.03
83791,4095,0,-3.39,8.23,4.38,0.01,-0.14,-0.02
83844,4095,0,-3.39,8.22,4.41,0.02,-0.13,-0.02
83897,4095,0,-3.41,8.23,4.41,0.04,-0.12,-0.01
83950,4095,0,-3.43,8.36,4.30,0.06,-0.11,0.01
84003,4095,0,-3.45,8.30,4.36,0.03,-0.12,-0.01
84056,4095,0,-3.38,8.37,4.36,0.04,-0.14,0.03
84109,4095,0,-3.38,8.29,4.38,0.01,-0.13,0.01
84162,4095,0,-3.41,8.27,4.41,0.02,-0.13,-0.00
84215,4095,0,-3.39,8.26,4.40,0.02,-0.13,-0.03
84268,4095,0,-3.34,8.28,4.33,0.03,-0.14,-0.00
84321,4095,0,-3.39,8.30,4.36,0.02,-0.13,0.00
84374,4095,0,-3.42,8.28,4.37,0.03,-0.14,0.01
84427,4095,0,-3.38,8.27,4.41,0.02,-0.13,-0.02
84480,4095,0,-3.38,8.34,4.35,0.02,-0.12,-0.02
84533,4095,0,-3.41,8.32,4.37,0.02,-0.14,-0.01
84586,4095,0,-3.39,8.29,4.37,0.03,-0.13,-0.01
84639,4095,0,-3.37,8.33,4.40,0.04,-0.13,0.02
84692,4095,0,-3.36,8.34,4.37,0.03,-0.13,-0.01
84745,4095,0,-3.40,8.31,4.39,0.02,-0.13,-0.02
84798,4095,0,-3.33,8.32,4.32,0.02,-0.15,-0.00
84851,4095,0,-3.38,8.31,4.29,0.04,-0.13,0.02
84904,4095,0,-3.37,8.33,4.39,0.05,-0.13,0.02
84957,4095,0,-3.38,8.34,4.36,0.02,-0.14,-0.00
85010,4095,0,-3.29,8.33,4.29,0.02,-0.13,-0.03
85063,4095,0,-3.32,8.32,4.26,0.05,-0.15,0.02
85116,4095,0,-3.35,8.36,4.33,0.02,-0.14,-0.00
85169,4095,0,-3.34,8.35,4.34,0.03,-0.14,0.01
85222,4095,0,-3.29,8.37,4.32,0.03,-0.13,-0.01
85275,4095,0,-3.32,8.38,4.31,0.01,-0.14,-0.01
85328,4095,0,-3.31,8.34,4.30,0.02,-0.14,-0.01
85381,4095,0,-3.27,8.35,4.32,0.02,-0.14,0.01
85434,4095,0,-3.41,8.40,4.28,0.02,-0.14,-0.03
85487,4095,0,-3.32,8.35,4.36,-0.02,-0.12,-0.07
85540,4095,0,-3.17,8.30,4.25,0.02,-0.15,0.01
85593,4095,0,-3.38,8.38,4.24,0.03,-0.14,0.02
85646,4095,0,-3.37,8.37,4.31,0.01,-0.14,-0.01
85699,4095,0,-3.34,8.34,4.36,0.01,-0.13,-0.03
85752,4095,0,-3.32,8.34,4.25,0.02,-0.11,-0.05
85805,4095,0,-3.27,8.41,4.27,0.01,-0.15,-0.02
85858,4095,0,-3.35,8.30,4.29,0.01,-0.16,-0.01
85911,4095,0,-3.36,8.34,4.39,0.01,-0.13,-0.01
85964,4095,0,-3.32,8.38,4.29,0.02,-0.13,-0.02
86017,4095,0,-3.33,8.34,4.29,0.01,-0.14,-0.02
86070,4095,0,-3.32,8.34,4.34,0.01,-0.14,-0.01
86123,4095,0,-3.29,8.30,4.31,0.02,-0.13,-0.00
86176,4095,0,-3.38,8.37,4.26,0.03,-0.15,0.01
86229,4095,0,-3.31,8.37,4.32,0.00,-0.12,-0.03
86282,4095,0,-3.33,8.29,4.32,0.03,-0.14,-0.02
86335,4095,0,-3.29,8.41,4.27,0.02,-0.14,-0.01
86388,4095,0,-3.35,8.37,4.27,0.00,-0.13,-0.02
86441,4095,0,-3.30,8.27,4.38,0.02,-0.15,-0.00
86494,4095,0,-3.35,8.34,4.34,0.01,-0.13,-0.02
86547,4095,0,-3.29,8.33,4.29,0.02,-0.13,-0.03
86600,4095,0,-3.28,8.31,4.31,0.02,-0.15,-0.00
86653,4095,0,-3.38,8.35,4.25,0.02,-0.13,-0.01
86706,4095,0,-3.32,8.36,4.33,0.02,-0.14,-0.01
86759,4095,0,-3.34,8.34,4.27,0.02,-0.14,-0.02
86812,4095,0,-3.32,8.34,4.33,0.02,-0.14,-0.00
86865,4095,0,-3.31,8.37,4.33,0.02,-0.14,-0.00
86918,4095,0,-3.37,8.36,4.27,0.02,-0.15,-0.02
86971,4095,0,-3.29,8.30,4.34,0.01,-0.13,-0.01
87024,4095,0,-3.31,8.31,4.30,0.03,-0.13,-0.01
87077,4095,0,-3.31,8.38,4.25,0.03,-0.15,-0.00
87130,4095,0,-3.30,8.34,4.29,0.03,-0.14,-0.01
87183,4095,0,-3.29,8.35,4.36,0.02,-0.12,-0.04
87236,4095,0,-3.36,8.35,4.34,0.05,-0.14,-0.01
87289,4095,0,-3.33,8.38,4.28,0.02,-0.14,-0.05
87342,4095,0,-3.39,8.37,4.23,0.05,-0.14,-0.05
87395,4095,0,-3.35,8.34,4.32,-0.01,-0.16,-0.08
87448,4095,0,-3.34,8.30,4.29,0.07,-0.17,-0.13
87501,4095,0,-3.48,8.29,4.26,0.03,-0.16,-0.04
87554,4095,0,-3.43,8.31,4.26,0.05,-0.15,-0.04
87607,4095,0,-3.45,8.29,4.26,0.04,-0.13,-0.03
87660,4095,0,-3.46,8.27,4.27,0.05,-0.16,-0.02
87713,4095,0,-3.45,8.31,4.35,0.06,-0.12,-0.09
87766,4095,0,-3.49,8.35,4.17,0.06,-0.17,-0.05
87819,4095,0,-3.43,8.37,4.11,0.00,-0.21,0.02
87872,4095,0,-4.33,7.28,4.41,0.06,-0.32,-0.10
87925,4095,0,-3.31,8.49,4.19,0.11,-0.18,0.11
87978,4095,0,-3.28,8.43,4.19,0.00,-0.11,0.01
88031,4095,0,-3.33,8.37,4.20,0.04,-0.11,0.03
88084,4095,0,-3.43,8.41,4.14,0.04,-0.13,0.02
88137,4095,0,-3.40,8.38,4.08,0.02,-0.14,-0.02
88190,4095,0,-3.37,8.41,4.24,-0.04,-0.17,-0.06
88243,4095,0,-3.51,8.12,4.22,0.05,-0.19,0.08
88296,4095,0,-3.39,8.46,4.19,0.03,-0.11,0.01
88349,4095,0,-3.38,8.38,4.16,-0.00,-0.13,-0.01
88402,4095,0,-3.42,8.43,4.19,0.03,-0.13,-0.01
88455,4095,0,-3.31,8.32,4.19,0.03,-0.14,-0.03
88508,4095,0,-3.36,8.37,4.16,0.01,-0.13,-0.01
88561,4095,0,-3.40,8.32,4.17,0.01,-0.12,-0.00
88614,4095,0,-3.39,8.36,4.20,0.03,-0.13,-0.01
88667,4095,0,-3.39,8.40,4.16,0.03,-0.11,0.02
88720,4095,0,-3.32,8.39,4.16,0.02,-0.14,-0.02
88773,4095,0,-3.35,8.37,4.16,0.02,-0.15,-0.02
88826,4095,0,-3.40,8.36,4.16,0.00,-0.13,-0.01
88879,4095,0,-3.38,8.38,4.19,0.01,-0.14,-0.01
88932,4095,0,-3.35,8.35,4.20,0.01,-0.13,-0.01
88985,4095,0,-3.39,8.37,4.20,-0.02,-0.12,0.00
89038,4095,0,-3.44,8.37,4.20,-0.08,-0.14,0.02
89091,4095,0,-3.45,8.39,4.20,-0.03,-0.14,-0.00
89144,4095,0,-3.28,8.27,4.17,0.01,-0.14,-0.05
89197,4095,0,-3.08,8.43,4.25,0.03,-0.11,-0.03
89250,4095,0,-3.51,8.34,4.31,-0.01,-0.12,-0.01
89303,4095,0,-3.37,8.36,4.26,0.01,-0.13,-0.01
89356,4095,0,-3.31,8.31,4.24,0.05,-0.16,0.02
89409,4095,0,-3.46,8.33,4.30,-0.01,-0.15,-0.02
89462,4095,0,-3.50,8.36,4.40,0.01,-0.14,-0.02
89515,4095,0,-3.31,8.26,4.30,0.03,-0.11,0.00
89568,4095,0,-3.09,8.42,4.17,-0.01,-0.04,-0.12
89621,4095,0,-3.37,8.36,4.18,0.05,-0.22,0.12
89674,4095,0,-3.46,8.42,4.28,-0.01,-0.11,0.00
89727,4095,0,-3.35,8.36,4.36,-0.00,-0.13,-0.01
89780,4095,0,-3.42,8.28,4.33,0.01,-0.15,-0.02
89833,4095,0,-3.38,8.33,4.30,-0.02,-0.08,-0.11
89886,4095,0,-3.35,8.37,4.31,0.01,-0.15,-0.02
89939,4095,0,-3.42,8.30,4.31,-0.02,-0.15,-0.09
89992,4095,0,-3.22,8.29,4.35,0.01,-0.16,0.05
90045,4095,0,-3.52,8.28,4.37,0.03,-0.12,-0.00
90098,4095,0,-3.36,8.23,4.35,0.03,-0.17,0.01
90151,4095,0,-3.42,8.30,4.32,0.01,-0.11,-0.05
90204,4095,0,-3.34,8.29,4.27,0.02,-0.13,0.01
90257,4095,0,-3.36,8.37,4.40,-0.00,-0.14,-0.01
90310,4095,0,-3.35,8.35,4.25,0.02,-0.15,0.02
90363,4095,0,-3.49,8.33,4.35,0.04,-0.17,0.03
90416,4095,0,-3.34,8.37,4.33,0.02,-0.13,-0.00
90469,4095,0,-3.42,8.32,4.41,0.01,-0.13,-0.04
90522,4095,0,-3.36,8.30,4.32,0.00,-0.10,-0.06
90575,4095,0,-3.25,8.40,4.32,0.03,-0.14,-0.01
90628,4095,0,-3.39,8.29,4.33,0.02,-0.15,0.01
90681,4095,0,-3.65,8.22,4.32,0.01,-0.19,0.04
90734,4095,0,-3.38,8.22,4.39,0.02,-0.11,-0.03
90787,4095,0,-3.11,8.34,4.43,0.00,-0.12,-0.07
90840,4095,0,-3.52,8.44,4.33,0.06,-0.19,-0.01
90893,4095,0,-3.50,8.29,4.26,-0.01,-0.14,-0.09
90946,4095,0,-3.50,8.17,4.20,-0.03,-0.11,-0.04
90999,4095,0,-3.23,8.18,4.39,0.01,-0.11,0.03
91052,4095,0,-3.55,8.36,4.70,-0.38,-0.16,-0.01
91105,4095,0,-3.70,9.25,4.48,-0.03,-0.15,-0.04
91158,4095,0,-3.42,8.28,4.51,0.03,-0.14,0.02
91211,4095,0,-3.44,8.26,4.57,0.02,-0.15,-0.02
91264,4095,0,-3.36,8.16,4.67,0.02,-0.14,-0.00
91317,4095,0,-3.33,8.22,4.72,-0.01,-0.13,-0.03
91370,4095,0,-3.28,8.25,4.54,0.00,-0.13,-0.03
91423,4095,0,-3.40,8.24,4.52,0.02,-0.14,0.02
91476,4095,0,-3.40,8.14,4.69,0.01,-0.12,-0.03
91529,4095,0,-3.34,8.22,4.64,0.02,-0.14,-0.01
91582,4095,0,-3.29,8.24,4.58,0.01,-0.15,-0.01
91635,4095,0,-3.33,8.11,4.60,-0.01,-0.14,0.01
91688,4095,0,-3.36,8.16,4.67,0.02,-0.13,0.00
91741,4095,0,-3.38,8.19,4.69,0.01,-0.13,-0.03
91794,4095,0,-3.34,8.19,4.61,0.05,-0.14,-0.01
91847,4095,0,-3.30,8.24,4.56,0.02,-0.13,-0.02
91900,4095,0,-3.28,8.19,4.59,-0.01,-0.12,-0.01
91953,4095,0,-3.35,8.21,4.66,0.02,-0.13,0.03
92006,4095,0,-3.31,8.26,4.63,0.06,-0.13,0.06
92059,4095,0,-3.23,8.23,4.63,0.03,-0.13,0.04
92112,4095,0,-3.15,8.20,4.65,0.02,-0.12,-0.01
92165,4095,0,-3.14,8.21,4.76,0.05,-0.16,0.06
92218,4095,0,-3.44,8.36,4.18,0.01,-0.18,-0.02
92271,4095,0,-3.32,8.22,4.56,-0.03,-0.10,-0.04
92324,4095,0,-3.26,8.10,4.81,0.02,-0.10,0.03
92377,4095,0,-3.18,8.17,4.67,0.06,-0.11,0.08
92430,4095,0,-3.12,8.26,4.39,0.01,-0.12,-0.00
92483,4095,0,-3.29,7.81,4.33,-0.22,-0.36,-0.08
92536,4095,0,-3.26,8.02,4.87,0.09,-0.17,0.03
92589,4095,0,-3.51,7.92,4.77,0.05,-0.30,-0.15
92642,4095,0,-3.34,7.66,4.78,0.22,-0.00,-0.24
92695,4095,0,-3.39,8.11,4.76,0.03,-0.22,-0.02
92748,4095,0,-3.35,8.30,4.49,0.13,-0.11,0.26
92801,4095,0,-3.14,8.38,4.55,-0.06,-0.12,0.04
92854,4095,0,-3.06,8.19,4.83,-0.07,-0.15,0.02
92907,4095,0,-2.87,8.10,4.72,-0.00,-0.42,0.16
92960,4095,0,-2.58,8.81,5.18,-0.54,-0.40,-0.37
93013,4095,0,-2.81,8.33,5.51,0.04,-0.11,-0.07
93066,4095,0,-3.08,8.35,5.31,-0.10,-0.27,-0.20
93119,4095,0,-3.16,8.56,5.14,0.07,-0.20,-0.10
93172,4095,0,-3.00,7.86,5.05,0.11,-0.07,0.05
93225,4095,0,-2.93,7.17,5.02,0.04,-0.01,0.20
93278,4095,0,-2.47,7.69,5.26,-0.74,-0.14,0.07
93331,4095,0,-3.36,9.19,5.53,-0.32,-0.22,-0.03
93384,4095,0,-3.02,7.92,5.41,0.22,-0.00,0.08
93437,4095,0,-2.81,7.52,5.45,-0.13,-0.02,0.06
93490,4095,0,-3.03,8.23,5.53,-0.15,-0.28,-0.02
93543,4095,0,-3.41,8.20,5.68,0.21,-0.03,-0.04
93596,4095,0,-2.91,7.74,5.02,0.32,0.30,-0.10
93649,4095,0,-2.78,7.17,4.01,-0.04,-0.36,0.24
93702,4095,0,-3.28,8.35,5.73,-0.94,-0.45,0.06
93755,4095,0,-3.16,9.17,5.88,0.13,-0.04,-0.07
93808,4095,0,-2.71,7.24,5.61,0.62,0.00,-0.02
93861,4095,0,-3.04,7.50,5.64,-0.27,-0.19,-0.12
93914,4095,0,-2.96,8.61,5.49,0.13,-0.12,-0.07
93967,4095,0,-3.11,7.05,5.69,0.28,-0.06,-0.05
94020,4095,0,-2.84,8.32,5.27,-0.15,-0.24,0.08
94073,4095,0,-3.06,8.09,5.47,0.24,-0.22,0.11
94126,4095,0,-3.02,7.71,5.59,0.06,-0.17,0.00
94179,4095,0,-2.87,8.05,5.40,-0.06,-0.15,-0.02
94232,4095,0,-2.95,8.18,5.35,0.13,-0.23,0.03
94285,4095,0,-3.14,7.86,5.40,0.26,-0.13,0.09
94338,4095,0,-2.58,8.13,5.75,0.12,-0.15,0.03
94391,4095,0,-3.34,7.74,5.51,-0.00,-0.12,-0.07
94444,4095,0,-2.87,8.03,5.52,-0.02,-0.20,-0.00
94497,4095,0,-2.94,7.99,5.44,-0.02,-0.11,-0.03
94550,4095,0,-3.20,8.00,5.35,-0.09,-0.08,-0.06
94603,4095,0,-3.01,8.10,5.30,-0.00,-0.02,-0.06
94656,4095,0,-2.92,7.81,5.43,0.07,-0.01,-0.05
94709,4095,0,-2.65,7.83,5.35,-0.03,-0.13,-0.03
94762,4095,0,-2.96,8.14,5.37,0.02,-0.37,0.05
94815,4095,0,-3.50,7.94,5.49,0.07,-0.22,0.00
94868,4095,0,-3.04,7.80,5.44,-0.02,0.09,-0.08
94921,4095,0,-2.58,8.03,5.36,-0.09,-0.17,0.03
94974,4095,0,-2.99,8.18,5.46,0.11,-0.40,0.23
95027,4095,0,-3.26,7.95,5.54,-0.06,-0.04,-0.15
95080,4095,0,-2.78,8.14,5.47,0.05,-0.10,0.02
95133,4095,0,-3.08,8.17,5.36,0.16,-0.17,-0.09
95186,4095,0,-3.06,7.87,5.40,0.23,0.03,-0.04
95239,4095,0,-2.94,7.41,5.27,-0.13,-0.05,-0.05
95292,4095,0,-3.09,7.88,5.51,-0.59,-0.07,-0.13
95345,4095,0,-2.89,8.50,5.53,-0.11,0.03,0.13
95398,4095,0,-3.39,7.50,5.81,-0.07,-0.06,0.05
95451,4095,0,-2.95,8.29,5.57,-0.08,0.17,-0.10
95504,4095,0,-2.59,8.16,5.29,0.40,-0.08,0.02
95557,4095,0,-3.17,7.32,5.43,0.22,-0.38,0.02
95610,4095,0,-3.38,7.68,5.66,-0.23,-0.17,-0.04
95663,4095,0,-3.04,8.37,5.40,-0.02,-0.03,-0.04
95716,4095,0,-2.79,7.88,5.37,0.23,-0.13,0.03
95769,4095,0,-3.08,7.49,5.51,0.01,-0.28,0.04
95822,4095,0,-3.12,8.01,5.54,-0.21,-0.17,-0.00
95875,4095,0,-2.92,8.15,5.60,0.04,-0.17,0.02
95928,4095,0,-3.00,7.84,5.49,0.11,-0.18,0.05
95981,4095,0,-3.06,7.79,5.65,0.03,-0.22,-0.00
96034,4095,0,-3.11,7.91,5.56,-0.04,-0.07,-0.05
96087,4095,0,-2.74,8.07,5.48,0.03,-0.12,-0.00
96140,4095,0,-3.08,7.86,5.54,0.05,-0.22,0.03
96193,4095,0,-3.00,7.75,5.60,-0.07,-0.05,-0.03
96246,4095,0,-2.77,8.09,5.61,-0.03,-0.16,-0.00
96299,4095,0,-3.12,7.97,5.63,0.12,-0.19,0.00
96352,4095,0,-3.04,7.76,5.55,0.05,-0.02,-0.05
96405,4095,0,-2.78,7.95,5.50,-0.03,-0.12,-0.03
96458,4095,0,-3.12,7.98,5.59,0.08,-0.20,-0.00
96511,4095,0,-3.08,7.81,5.59,0.04,0.01,-0.04
96564,4095,0,-2.69,7.88,5.35,-0.05,-0.14,-0.01
96617,4095,0,-3.14,8.03,5.55,-0.01,-0.33,0.03
96670,4095,0,-3.27,7.87,5.71,0.10,-0.05,-0.03
96723,4095,0,-2.81,7.79,5.59,-0.01,0.00,-0.06
96776,4095,0,-2.92,7.95,5.46,-0.05,-0.16,-0.00
96829,4095,0,-2.95,7.98,5.49,0.04,-0.17,0.02
96882,4095,0,-2.96,7.83,5.55,0.03,-0.23,0.03
96935,4095,0,-3.23,7.86,5.74,-0.01,-0.19,-0.00
96988,4095,0,-3.05,7.94,5.59,0.01,0.03,-0.06
97041,4095,0,-2.64,7.87,5.49,0.01,-0.12,-0.01
97094,4095,0,-3.03,7.88,5.58,-0.02,-0.27,0.02
97147,4095,0,-3.11,7.95,5.64,0.02,-0.12,-0.00
97200,4095,0,-2.95,7.92,5.62,0.05,-0.10,-0.03
97253,4095,0,-2.97,7.76,5.55,0.04,-0.13,0.01
97306,4095,0,-3.00,7.91,5.52,-0.05,-0.15,-0.03
97359,4095,0,-2.97,7.92,5.62,0.03,-0.14,-0.02
97412,4095,0,-3.02,7.85,5.68,0.06,-0.12,-0.02
97465,4095,0,-2.96,7.81,5.55,0.01,-0.07,-0.03
97518,4095,0,-2.83,7.98,5.49,0.00,-0.15,-0.00
97571,4095,0,-3.05,7.92,5.59,0.09,-0.23,0.03
97624,4095,0,-3.14,7.81,5.64,0.05,-0.11,-0.01
97677,4095,0,-2.95,7.92,5.51,0.02,-0.04,-0.05
97730,4095,0,-2.81,7.93,5.48,0.02,-0.15,0.00
97783,4095,0,-3.03,7.86,5.60,0.02,-0.20,0.06
97836,4095,0,-3.10,7.95,5.60,-0.00,-0.15,-0.08
97889,4095,0,-3.04,7.90,5.54,0.04,-0.07,0.01
97942,4095,0,-2.86,7.86,5.59,-0.01,-0.10,-0.05
97995,4095,0,-2.96,7.94,5.54,0.00,-0.17,-0.00
98048,4095,0,-3.04,7.95,5.51,0.04,-0.16,0.00
98101,4095,0,-2.99,7.85,5.62,0.06,-0.14,0.00
98154,4095,0,-3.05,7.85,5.63,0.01,-0.13,-0.01
98207,4095,0,-3.02,7.95,5.54,-0.02,-0.09,-0.04
98260,4095,0,-2.87,7.97,5.51,0.06,-0.12,-0.01
98313,4095,0,-2.97,7.82,5.52,0.05,-0.20,0.02
98366,4095,0,-3.11,7.84,5.58,-0.02,-0.16,-0.01
98419,4095,0,-2.97,8.04,5.56,0.02,-0.09,-0.02
98472,4095,0,-2.94,7.88,5.52,0.09,-0.15,0.00
98525,4095,0,-3.03,7.82,5.52,0.01,-0.13,-0.01
98578,4095,0,-2.95,8.06,5.48,-0.01,-0.14,-0.02
98631,4095,0,-3.03,7.91,5.53,0.08,-0.17,0.00
98684,4095,0,-3.08,7.81,5.49,-0.00,-0.10,-0.02
98737,4095,0,-2.82,8.03,5.48,-0.00,-0.12,-0.02
98790,4095,0,-3.03,7.98,5.63,0.10,-0.25,-0.00
98843,4095,0,-3.19,7.71,5.55,0.04,-0.07,-0.02
98896,4095,0,-2.83,7.99,5.40,-0.06,-0.06,-0.04
98949,4095,0,-2.94,8.14,5.45,0.09,-0.23,-0.01
99002,4095,0,-3.21,7.84,5.57,0.12,-0.15,-0.01
99055,4095,0,-2.97,7.88,5.43,-0.00,-0.01,-0.05
99108,4095,0,-2.77,8.11,5.37,0.07,-0.18,0.00
99161,4095,0,-3.16,7.93,5.44,0.11,-0.25,-0.03
99214,4095,0,-3.17,7.88,5.44,0.06,-0.07,-0.01
99267,4095,0,-2.90,8.03,5.32,-0.01,-0.08,-0.09
99320,4095,0,-2.95,8.04,5.32,0.06,-0.21,-0.01
99373,4095,0,-3.14,7.92,5.43,0.04,-0.17,-0.03
99426,4095,0,-3.04,7.97,5.37,-0.00,-0.10,-0.02
99479,4095,0,-2.94,8.03,5.37,0.02,-0.14,-0.01
99532,4095,0,-3.06,7.97,5.37,0.03,-0.16,-0.02
99585,4095,0,-3.06,7.99,5.34,0.04,-0.14,-0.01
99638,4095,0,-3.01,8.01,5.38,0.01,-0.12,-0.04
99691,4095,0,-3.02,7.97,5.39,0.05,-0.12,-0.01
99744,4095,0,-3.02,8.01,5.32,-0.01,-0.13,-0.02
99797,4095,0,-3.00,8.07,5.31,0.05,-0.15,-0.01
99850,4095,0,-3.05,7.92,5.40,0.08,-0.14,-0.01
99903,4095,0,-3.09,7.95,5.38,-0.02,-0.12,-0.03
99956,4095,0,-2.97,8.07,5.33,0.00,-0.10,-0.02
100009,4095,0,-2.98,8.02,5.29,0.07,-0.16,-0.03
100062,4095,0,-3.11,7.93,5.36,0.03,-0.17,-0.01
100115,4095,0,-3.06,8.04,5.37,-0.01,-0.12,-0.02
100168,4095,0,-3.00,8.05,5.34,0.05,-0.12,0.01
100221,4095,0,-3.03,7.97,5.32,0.03,-0.16,-0.01
100274,4095,0,-3.06,8.00,5.35,0.01,-0.14,-0.03
100327,4095,0,-3.07,8.03,5.29,0.07,-0.11,0.00
100380,4095,0,-2.98,7.99,5.26,0.05,-0.14,-0.06
100433,4095,0,-3.05,7.94,5.33,0.02,-0.15,-0.01
100486,4095,0,-3.07,7.92,5.26,-0.03,-0.10,0.02
100539,4095,0,-3.04,8.12,5.32,-0.01,-0.14,-0.02
100592,4095,0,-3.12,8.02,5.32,0.08,-0.11,-0.02
100645,4095,0,-2.97,7.95,5.22,0.02,-0.10,-0.03
100698,4095,0,-3.05,7.99,5.26,-0.01,-0.17,0.04
100751,4095,0,-3.14,8.06,5.37,0.04,-0.15,0.02
100804,4095,0,-3.11,8.00,5.31,0.02,-0.08,-0.02
100857,4095,0,-2.97,7.99,5.26,0.01,-0.12,-0.02
100910,4095,0,-3.04,8.05,5.27,0.02,-0.16,-0.02
100963,4095,0,-3.21,7.85,5.23,-0.04,-0.11,-0.06
101016,4095,0,-2.41,7.44,5.15,-0.20,-0.46,0.52
101069,4095,0,-4.18,9.15,6.18,-0.41,-0.72,0.14
101122,4095,0,-3.78,9.04,5.45,0.89,0.79,-0.25
101175,4095,0,-1.86,7.12,4.85,0.78,0.56,-0.11
101228,4095,0,-2.85,6.31,5.20,-0.59,-0.57,0.05
101281,4095,0,-4.07,8.67,5.47,-1.27,0.10,0.21
101334,4095,0,-3.38,8.37,5.55,-0.28,0.53,0.22
101387,4095,0,-2.61,8.00,5.29,-0.09,0.29,-0.03
101440,4095,0,-2.86,7.91,5.51,0.08,-0.54,0.02
101493,4095,0,-3.91,8.04,5.54,0.18,-0.22,-0.16
101546,4095,0,-2.90,7.90,5.45,0.38,-0.12,-0.09
101599,4095,0,-3.42,6.98,5.41,-0.09,-0.19,0.06
101652,4095,0,-3.22,7.80,5.85,-0.62,-0.12,-0.04
101705,4095,0,-3.59,8.50,5.65,-0.21,-0.04,-0.05
101758,4095,0,-3.09,8.10,5.37,0.47,0.15,-0.06
101811,4095,0,-2.80,7.09,5.27,0.26,-0.12,0.06
101864,4095,0,-2.96,7.44,5.49,-0.27,-0.52,0.00
101917,4095,0,-3.55,8.36,5.71,-0.17,-0.51,0.01
101970,4095,0,-3.40,8.17,5.63,0.42,-0.18,-0.05
102023,4095,0,-3.03,7.57,5.53,0.46,-0.23,-0.09
102076,4095,0,-3.27,7.36,5.45,0.09,-0.29,-0.00
102129,4095,0,-3.21,8.03,5.45,-0.18,-0.17,-0.08
102182,4095,0,-3.10,8.21,5.45,0.10,-0.22,0.01
102235,4095,0,-3.09,7.91,5.38,0.22,-0.20,-0.02
102288,4095,0,-3.18,7.63,5.46,0.10,-0.29,0.03
102341,4095,0,-3.40,7.84,5.53,-0.09,-0.14,-0.03
102394,4095,0,-3.18,8.12,5.50,-0.06,-0.03,-0.07
102447,4095,0,-3.07,8.00,5.39,0.12,-0.02,-0.05
102500,4095,0,-3.00,7.70,5.32,0.04,-0.13,-0.02
102553,4095,0,-3.21,7.93,5.30,-0.04,-0.20,-0.00
102606,4095,0,-3.37,7.93,5.53,0.04,-0.14,0.01
102659,4095,0,-3.20,7.83,5.43,0.01,0.01,-0.05
102712,4095,0,-2.94,7.92,5.32,-0.03,-0.10,-0.03
102765,4095,0,-3.15,8.03,5.37,0.04,-0.24,0.01
102818,4095,0,-3.37,7.82,5.41,0.08,-0.14,0.00
102871,4095,0,-3.14,7.77,5.43,-0.02,-0.07,-0.01
102924,4095,0,-3.10,7.92,5.39,-0.09,-0.17,0.01
102977,4095,0,-3.20,7.99,5.48,-0.01,-0.16,0.01
103030,4095,0,-3.14,7.90,5.43,0.04,-0.12,-0.00
103083,4095,0,-3.11,7.78,5.46,-0.02,-0.17,0.00
103136,4095,0,-3.19,7.91,5.46,-0.03,-0.15,0.02
103189,4095,0,-3.15,7.86,5.49,-0.02,-0.12,0.02
103242,4095,0,-3.12,8.04,5.54,0.07,-0.15,0.07
103295,4095,0,-3.17,7.63,5.47,0.05,-0.04,-0.03
103348,4095,0,-2.88,7.86,5.43,-0.14,-0.16,-0.03
103401,4095,0,-3.37,7.74,5.66,-0.08,-0.19,0.09
103454,4095,0,-3.13,7.69,5.71,-0.28,0.01,-0.03
103507,4095,0,-2.98,8.21,5.63,-0.10,-0.12,-0.02
103560,4095,0,-3.16,7.88,5.70,0.22,-0.12,0.00
103613,4095,0,-3.03,7.54,5.70,0.08,-0.10,-0.02
103666,4095,0,-3.09,7.89,5.59,0.01,-0.22,-0.03
103719,4095,0,-3.21,7.90,5.64,0.10,-0.12,-0.04
103772,4095,0,-2.91,8.14,5.50,0.25,-0.16,-0.07
103825,4095,0,-3.34,7.79,5.43,0.38,-0.26,-0.01
103878,4095,0,-3.15,7.46,5.45,0.05,0.02,-0.06
103931,4095,0,-2.87,7.98,5.40,-0.18,-0.24,-0.01
103984,4095,0,-3.52,8.00,5.47,0.01,-0.08,0.06
104037,4095,0,-2.78,7.76,5.43,-0.02,-0.01,0.06
104090,4095,0,-3.22,7.85,5.49,-0.16,-0.31,0.05
104143,4095,0,-3.35,8.23,5.46,0.00,-0.07,-0.06
104196,4095,0,-2.94,7.82,5.56,0.21,-0.09,-0.00
104249,4095,0,-3.22,7.53,5.52,0.01,-0.14,-0.00
104302,4095,0,-3.01,8.04,5.46,-0.17,-0.09,-0.07
104355,4095,0,-3.02,8.25,5.45,0.17,-0.21,0.00
104408,4095,0,-3.34,7.56,5.52,0.25,-0.17,0.03
104461,4095,0,-3.20,7.65,5.44,-0.13,-0.04,-0.06
104514,4095,0,-2.96,8.21,5.45,-0.05,-0.14,-0.04
104567,4095,0,-3.22,7.97,5.41,0.20,-0.14,0.00
104620,4095,0,-3.07,7.67,5.36,0.04,-0.09,-0.03
104673,4095,0,-3.08,7.92,5.39,-0.07,-0.25,0.01
104726,4095,0,-3.37,8.06,5.46,0.05,-0.16,-0.01
104779,4095,0,-3.18,7.83,5.38,0.08,-0.05,-0.02
104832,4095,0,-3.01,7.76,5.46,-0.03,-0.10,-0.02
104885,4095,0,-3.12,8.03,5.43,-0.06,-0.16,-0.06
104938,4095,0,-3.14,8.10,5.36,0.10,-0.18,0.01
104991,4095,0,-3.26,7.73,5.40,0.13,-0.15,0.01
105044,4095,0,-3.09,7.82,5.39,-0.01,-0.10,-0.03
105097,4095,0,-3.15,8.03,5.39,-0.03,-0.17,-0.00
105150,4095,0,-3.23,8.07,5.37,0.07,-0.11,-0.03
105203,4095,0,-3.09,7.84,5.34,0.11,-0.10,-0.01
105256,4095,0,-3.14,7.79,5.34,-0.01,-0.16,-0.00
105309,4095,0,-3.19,8.08,5.38,-0.02,-0.16,-0.02
105362,4095,0,-3.21,8.07,5.32,0.13,-0.10,-0.01
105415,4095,0,-3.05,7.80,5.28,0.08,-0.14,-0.08
105468,4095,0,-3.15,7.90,5.33,-0.05,-0.20,0.02
105521,4095,0,-3.28,8.11,5.32,-0.01,-0.17,-0.02
105574,4095,0,-3.17,7.93,5.36,0.07,-0.09,-0.02
105627,4095,0,-3.01,7.92,5.24,0.01,-0.12,-0.02
105680,4095,0,-3.09,7.98,5.29,0.03,-0.26,0.05
105733,4095,0,-3.36,7.97,5.37,0.02,-0.13,-0.02
105786,4095,0,-3.01,8.01,5.28,0.03,-0.06,-0.05
105839,4095,0,-3.15,7.94,5.34,0.05,-0.19,0.01
105892,4095,0,-3.29,7.96,5.40,-0.00,-0.08,-0.05
105945,4095,0,-3.04,8.00,5.16,0.03,-0.02,-0.03
105998,4095,0,-3.04,7.96,5.20,0.01,-0.22,0.01
106051,4095,0,-3.30,8.05,5.30,0.05,-0.18,-0.02
106104,4095,0,-3.18,7.86,5.37,0.06,-0.10,-0.01
106157,4095,0,-3.17,7.88,5.23,-0.05,-0.09,-0.03
106210,4095,0,-3.02,8.13,5.23,0.00,-0.14,-0.02
106263,4095,0,-3.24,8.00,5.26,0.12,-0.21,0.02
106316,4095,0,-3.25,7.77,5.31,0.02,-0.09,-0.01
106369,4095,0,-3.03,8.01,5.31,-0.07,-0.13,-0.01
106422,4095,0,-3.16,8.06,5.28,0.02,-0.19,0.02
106475,4095,0,-3.17,7.94,5.27,0.04,-0.13,0.00
106528,4095,0,-3.07,8.00,5.33,0.01,-0.16,-0.00
106581,4095,0,-3.19,8.00,5.28,0.05,-0.16,0.00
106634,4095,0,-3.12,7.96,5.29,0.04,-0.12,-0.01
106687,4095,0,-3.10,7.96,5.28,-0.01,-0.14,-0.01
106740,4095,0,-3.15,8.03,5.29,-0.01,-0.13,-0.01
106793,4095,0,-3.11,8.02,5.32,0.05,-0.14,-0.01
106846,4095,0,-3.18,7.89,5.32,0.03,-0.12,-0.02
106899,4095,0,-3.07,7.98,5.23,-0.01,-0.12,-0.02
106952,4095,0,-3.12,8.02,5.34,0.02,-0.14,-0.01
107005,4095,0,-3.20,7.97,5.38,0.05,-0.10,-0.02
107058,4095,0,-3.06,7.90,5.24,0.00,-0.09,-0.03
107111,4095,0,-3.08,7.99,5.22,-0.02,-0.19,-0.00
107164,4095,0,-3.22,7.98,5.37,0.03,-0.18,0.00
107217,4095,0,-3.24,7.93,5.37,-0.02,-0.07,-0.02
107270,4095,0,-3.15,8.20,5.40,-0.51,0.01,-0.14
107323,4095,0,-2.38,8.22,5.89,0.03,-0.19,-0.03
107376,4095,0,-3.37,8.12,5.32,0.03,-0.60,-0.17
107429,4095,0,-3.39,8.23,5.72,0.26,-0.21,-0.67
107482,4095,0,-2.97,7.44,5.62,0.37,-0.33,-0.35
107535,4095,0,-3.60,7.49,5.60,-0.05,-0.73,-0.42
107588,4095,0,-3.96,7.36,5.63,-0.12,-0.41,-0.38
107641,4095,0,-3.83,7.38,5.78,0.28,0.06,-0.28
107694,4095,0,-3.43,7.30,5.59,0.14,0.04,-0.25
107747,4095,0,-3.84,7.20,5.38,0.15,-0.27,-0.19
107800,4095,0,-3.65,6.76,5.29,-0.01,-0.04,-0.10
107853,4095,0,-3.44,7.51,5.34,-0.36,-0.39,0.02
107906,4095,0,-4.02,7.69,5.48,-0.06,-0.40,0.15
107959,4095,0,-3.54,7.59,5.24,-0.10,-0.23,-0.04
108012,4095,0,-2.33,7.72,4.04,-0.10,-0.67,-0.69
108065,4095,0,-2.51,6.84,6.54,-1.22,0.13,-1.74
108118,4095,0,-1.97,8.95,8.08,-0.14,-3.24,-0.09
108171,4095,0,-2.79,7.40,8.26,-0.51,1.16,-3.03
108224,4095,0,-4.08,6.54,7.62,-0.00,-0.72,0.13
108277,4095,0,-3.40,6.45,6.89,0.75,-0.18,0.64
108330,4095,0,-3.44,7.06,6.36,0.37,-0.31,-0.35
108383,4095,0,-3.48,6.72,6.15,0.12,-0.07,-0.18
108436,4095,0,-4.43,5.06,6.38,-0.50,0.60,-1.45
108489,4095,0,-2.58,7.46,6.45,0.34,0.50,0.02
108542,4095,0,-3.96,7.87,6.08,-0.28,0.23,-0.18
108595,4095,0,-3.37,6.54,5.74,0.07,-0.21,0.51
108648,4095,0,-4.35,7.33,6.28,-0.04,-0.13,0.16
108701,4095,0,-3.69,7.43,6.25,1.00,0.69,2.07
108754,4095,0,-3.18,6.23,6.17,-0.11,0.23,0.34
108807,4095,0,-4.90,8.18,6.87,-0.39,0.53,0.71
108860,4095,0,-4.55,6.84,6.21,-0.30,1.61,0.58
108913,4095,0,-2.77,6.88,5.82,-1.64,2.12,0.40
108966,4095,0,-2.19,7.60,4.39,-0.53,0.32,0.46
109019,4095,0,-4.95,7.74,5.92,0.26,-0.02,0.63
109072,4095,0,-1.98,7.58,5.27,0.46,0.63,0.61
109125,4095,0,-3.96,8.78,5.34,1.08,0.99,0.22
109178,4095,0,-3.64,6.31,5.19,-0.84,0.70,-0.16
109231,4095,0,-4.09,8.54,6.08,-1.47,-0.03,-0.52
109284,4095,0,-4.06,7.44,5.55,0.30,1.13,0.05
109337,4095,0,-3.30,7.41,5.51,-0.11,-0.20,-0.00
109390,4095,0,-4.22,7.69,5.54,0.67,-0.39,-0.01
109443,4095,0,-4.80,6.09,4.30,3.38,0.92,0.04
109496,4095,0,-5.11,7.45,3.21,1.58,-0.53,-1.98
109549,4095,0,-7.37,8.91,2.37,0.37,-0.51,-0.85
109602,4095,0,-4.79,5.14,3.04,1.15,-0.21,-1.75
109655,4095,0,-6.12,7.09,2.43,-0.32,-0.41,-0.64
109708,4095,0,-6.33,6.56,2.63,-0.51,-0.07,0.27
109761,4095,0,-6.34,6.82,2.89,0.28,0.38,0.32
109814,4095,0,-5.40,6.68,4.31,-0.72,-1.36,-0.39
109867,4095,0,-5.88,6.19,5.20,-1.31,-1.73,0.91
109920,4095,0,-6.56,6.71,8.01,-2.62,-2.01,2.96
109973,4095,0,-2.78,8.04,6.49,-0.54,-0.30,0.34
110026,4095,0,-2.01,7.77,6.82,-1.39,0.11,-0.81
110079,4095,0,-3.25,7.39,7.97,0.13,-0.65,-0.14
110132,4095,0,-5.23,6.60,7.96,0.49,0.15,0.28
110185,4095,0,-4.76,5.77,7.41,0.66,1.70,-0.10
110238,4095,0,-4.32,6.24,5.26,2.73,1.56,0.44
110291,4095,0,-1.41,6.65,8.66,1.91,0.68,-0.81
110344,4095,0,-6.55,4.81,3.16,3.67,0.98,0.18
110397,4095,0,-5.73,8.37,1.70,1.32,0.99,-0.15
110450,4095,0,-4.15,6.81,-0.01,1.51,0.13,0.12
110503,4095,0,-6.28,5.95,1.25,-0.64,-0.88,-0.81
110556,4095,0,-5.57,8.35,0.40,0.32,-1.07,-0.22
110609,4095,0,-7.43,4.76,0.60,0.90,-0.42,-0.42
110662,4095,0,-5.80,7.77,1.07,1.23,0.37,-0.79
110715,4095,0,-6.73,7.60,0.76,1.07,-0.30,-0.23
110768,4095,0,-8.13,7.92,1.31,1.11,-0.13,-0.18
110821,4095,0,-6.77,7.96,-0.70,2.61,-0.08,-1.10
110874,4095,0,-4.86,5.01,-2.30,1.14,-0.46,-0.62
110927,4095,0,-5.91,4.32,-2.32,3.26,-0.14,-3.15
110980,4095,0,-8.38,2.11,-2.78,2.39,-0.19,-1.80
111033,4095,0,-9.57,2.44,-4.19,1.50,0.18,-0.57
111086,4095,0,-8.34,1.19,-4.40,1.23,0.65,-0.32
111139,4095,0,-7.37,0.26,-4.27,1.38,0.35,-1.25
111192,4095,0,-8.72,0.93,-3.75,1.05,0.58,-0.97
111245,4095,0,-8.35,-0.24,-3.81,1.63,0.89,-0.98
111298,4095,0,-6.94,-1.36,-5.75,0.22,0.46,0.35
111351,4095,0,-7.38,-0.13,-5.42,0.22,0.84,-0.03
111404,4095,0,-5.90,-0.20,-5.49,0.21,0.17,0.75
111457,4095,0,-6.43,0.45,-5.34,-0.12,-0.44,1.32
111510,4095,0,-6.31,-0.63,-6.75,-0.74,0.16,1.59
111563,4095,0,-6.67,1.80,-6.12,0.16,-0.10,0.69
111616,4095,0,-5.90,2.07,-5.14,0.81,-0.66,1.27
111669,4095,0,-7.36,2.42,-6.34,0.65,-0.26,0.59
111722,4095,0,-7.40,1.85,-6.63,0.96,0.42,0.73
111775,4095,0,-5.79,1.90,-6.61,0.39,0.42,0.68
111828,4095,0,-4.80,2.68,-5.96,0.19,0.02,0.88
111881,4095,0,-4.58,2.73,-5.49,0.58,0.02,1.01
111934,4095,0,-6.28,3.44,-6.83,0.26,-0.25,0.71
111987,4095,0,-5.43,3.23,-6.82,0.10,-0.08,-0.21
112040,4095,0,-5.38,2.57,-6.72,0.18,-0.03,-0.02
112093,4095,0,-5.11,2.25,-6.79,-0.18,-0.30,-0.36
112146,4095,0,-6.03,2.77,-7.11,-0.45,-0.66,-0.81
112199,4095,0,-5.53,2.59,-6.57,-0.34,-0.40,-0.70
112252,4095,0,-5.68,2.51,-6.28,0.16,0.18,0.09
112305,4095,0,-6.13,2.80,-6.81,0.37,0.34,0.44
112358,4095,0,-5.06,2.19,-6.49,0.33,0.25,0.21
112411,4095,0,-5.53,2.93,-6.71,-0.01,-0.28,0.07
112464,4095,0,-5.14,2.36,-6.67,0.58,0.12,-0.02
112517,4095,0,-5.43,1.85,-6.75,0.22,-0.24,0.03
112570,4095,0,-5.33,1.76,-7.13,0.19,-0.21,-0.17
112623,4095,0,-5.16,1.56,-7.59,0.48,0.03,-0.33
112676,4095,0,-5.44,1.64,-7.32,-0.00,-0.02,0.02
112729,4095,0,-5.74,1.56,-7.67,0.43,0.41,-0.23
112782,4095,0,-5.23,1.70,-7.26,0.26,0.19,-0.07
112835,4095,0,-4.89,1.61,-7.12,-0.09,-0.35,-0.05
112888,4095,0,-4.64,1.27,-7.04,0.08,-0.33,0.05
112941,4095,0,-5.30,1.36,-7.31,0.33,-0.14,-0.05
112994,4095,0,-5.15,2.05,-7.51,0.65,-0.27,-0.14
113047,4095,0,-5.12,0.60,-7.47,0.44,-0.06,-0.10
113100,4095,0,-5.11,0.70,-7.37,-0.16,-0.19,-0.12
113153,4095,0,-5.15,0.85,-7.23,-0.11,-0.11,-0.10
113206,4095,0,-5.22,0.98,-7.32,-0.03,-0.09,-0.03
113259,4095,0,-4.80,0.77,-7.22,0.01,-0.11,-0.06
113312,4095,0,-5.09,0.74,-7.20,-0.07,-0.29,-0.03
113365,4095,0,-5.47,0.97,-7.43,0.03,-0.16,-0.07
113418,4095,0,-5.09,0.77,-7.44,-0.01,-0.12,-0.02
113471,4095,0,-5.07,0.79,-7.19,0.00,-0.12,-0.01
113524,4095,0,-5.26,0.85,-7.21,0.03,-0.15,-0.05
113577,4095,0,-5.38,0.92,-7.26,-0.02,-0.18,0.01
113630,4095,0,-5.35,0.91,-7.38,0.03,-0.13,0.00
113683,4095,0,-5.00,0.77,-7.22,-0.04,-0.20,0.02
113736,4095,0,-5.43,1.01,-7.17,-0.04,-0.17,-0.02
113789,4095,0,-5.22,0.93,-7.21,-0.04,-0.14,-0.06
113842,4095,0,-5.47,0.99,-7.27,-0.06,-0.12,-0.05
113895,4095,0,-5.19,0.90,-7.23,-0.03,-0.16,-0.04
113948,4095,0,-5.17,0.94,-7.14,-0.11,-0.16,-0.02
114001,4095,0,-5.15,0.81,-7.24,-0.07,-0.09,-0.06
114054,4095,0,-5.35,1.04,-7.34,-0.07,-0.13,0.04
114107,4095,0,-5.22,1.21,-7.22,0.01,-0.12,0.03
114160,4095,0,-5.40,1.19,-7.22,0.02,-0.13,0.00
114213,4095,0,-5.30,1.14,-7.27,-0.06,-0.01,-0.18
114266,4095,0,-4.92,1.23,-7.19,0.02,-0.03,-0.18
114319,4095,0,-5.22,1.07,-7.24,0.01,-0.18,-0.09
114372,4095,0,-5.25,1.08,-7.35,-0.00,-0.15,-0.07
114425,4095,0,-5.14,0.95,-7.23,0.04,-0.10,-0.02
114478,4095,0,-5.22,1.04,-7.04,0.06,-0.12,0.06
114531,4095,0,-5.29,1.19,-7.22,-0.04,-0.23,-0.02
114584,4095,0,-5.26,0.98,-7.31,-0.01,-0.18,-0.04
114637,4095,0,-5.40,1.11,-7.24,-0.02,-0.09,-0.07
114690,4095,0,-5.23,1.07,-7.12,-0.04,-0.14,-0.05
114743,4095,0,-5.22,1.09,-7.13,-0.04,-0.15,-0.03
114796,4095,0,-5.32,1.11,-7.34,0.02,-0.08,-0.04
114849,4095,0,-5.48,1.14,-7.17,-0.05,-0.06,-0.02
114902,4095,0,-4.96,1.27,-7.24,0.05,0.18,0.31
114955,4095,0,-4.84,1.15,-7.41,-0.00,-0.25,-0.11
115008,4095,0,-5.13,1.09,-7.45,0.02,-0.11,0.02
115061,4095,0,-5.14,1.28,-7.36,0.01,-0.19,-0.05
115114,4095,0,-5.06,1.39,-7.20,0.01,-0.03,-0.04
115167,4095,0,-5.05,1.18,-7.22,-0.00,-0.23,-0.09
115220,4095,0,-5.07,1.04,-7.27,0.08,-0.37,-0.07
115273,4095,0,-5.31,1.07,-7.15,-0.04,-0.11,0.04
115326,4095,0,-5.36,1.18,-7.18,-0.06,-0.20,0.13
115379,4095,0,-5.18,1.30,-7.26,-0.03,-0.19,-0.16
115432,4095,0,-5.36,1.28,-7.24,-0.03,-0.14,0.10
115485,4095,0,-5.19,1.22,-7.35,0.01,-0.13,0.07
115538,4095,0,-5.14,1.22,-7.35,-0.01,-0.14,0.23
115591,4095,0,-5.26,1.43,-7.25,-0.06,-0.04,-0.03
115644,4095,0,-5.51,1.61,-7.17,-0.12,-0.12,0.13
115697,4095,0,-5.35,1.36,-6.40,0.14,-0.32,-0.21
115750,4095,0,-5.42,1.37,-7.18,0.03,-0.08,-0.03
115803,4095,0,-5.20,1.46,-7.42,-0.02,-0.09,-0.00
115856,4095,0,-4.74,1.19,-7.69,0.04,0.12,-0.02
115909,4095,0,-5.06,1.53,-7.40,-0.13,-0.02,0.07
115962,4095,0,-5.02,1.89,-6.89,-0.30,0.23,-0.03
116015,4095,0,-4.53,1.67,-6.65,-0.22,-0.06,-0.14
116068,4095,0,-5.23,2.15,-7.48,0.09,-0.13,-0.13
116121,4095,0,-5.44,1.69,-7.10,0.20,-0.42,0.05
116174,4095,0,-5.19,1.53,-7.52,0.02,-0.29,0.01
116227,4095,0,-4.85,1.40,-7.42,0.03,-0.13,-0.02
116280,4095,0,-4.90,1.49,-7.29,0.00,-0.12,-0.04
116333,4095,0,-5.14,1.61,-7.29,-0.04,-0.18,-0.04
116386,4095,0,-5.07,1.45,-7.12,-0.11,-0.35,-0.05
116439,4095,0,-5.36,1.72,-6.97,-0.04,-0.23,-0.07
116492,4095,0,-5.40,1.60,-6.98,-0.09,-0.07,-0.34
116545,4095,0,-5.55,1.70,-6.45,-0.74,-0.14,-0.16
116598,4095,0,-5.08,1.56,-6.19,-1.04,-0.83,-1.10
116651,4095,0,-6.99,0.51,-6.46,-0.32,-0.20,-0.29
116704,4095,0,-5.61,1.95,-5.65,-0.61,-0.45,-0.60
116757,4095,0,-6.44,2.70,-5.63,-0.43,-0.56,-0.45
116810,4095,0,-5.76,1.26,-5.40,-0.89,-0.77,-0.68
116863,4095,0,-11.04,2.06,-6.19,-0.90,-1.06,-0.31
116916,4095,0,-7.08,1.99,-6.07,-1.00,0.23,-0.81
116969,4095,0,-6.29,3.05,-5.82,-1.51,0.17,-0.74
117022,4095,0,-6.33,3.27,-5.08,-1.58,0.90,-0.65
117075,4095,0,-5.89,3.62,-3.92,-1.39,0.16,-0.32
117128,4095,0,-5.32,4.04,-3.12,-1.21,-0.28,-0.14
117181,4095,0,-6.31,3.32,-3.74,-1.10,-0.64,-0.70
117234,4095,0,-7.09,3.49,-4.41,-1.44,-0.74,-0.15
117287,4095,0,-8.22,3.58,-3.53,-2.05,-0.50,-1.64
117340,4095,0,-8.07,5.15,-3.30,-1.99,0.18,-0.48
117393,4095,0,-9.02,4.10,-1.94,-1.51,-0.60,-0.19
117446,4095,0,-8.00,4.01,-2.57,-1.19,0.15,-0.78
117499,4095,0,-7.24,2.94,-1.48,-1.12,0.04,-0.16
117552,4095,0,-7.73,4.66,-1.31,-1.38,0.06,-0.56
117605,4095,0,-6.05,6.86,-2.91,-1.12,-0.85,0.56
117658,4095,0,-7.63,4.49,-1.67,-0.47,-2.48,1.61
117711,4095,0,-7.39,5.57,3.13,-0.77,-0.33,-0.23
117764,4095,0,-7.04,3.85,1.04,-1.14,-2.12,-0.37
117817,4095,0,-8.00,6.78,1.89,-0.80,-0.86,2.00
117870,4095,0,-5.27,6.00,2.91,-0.51,-1.21,2.99
117923,4095,0,-6.96,4.15,4.38,-5.48,-0.19,-0.62
117976,4095,0,-6.85,9.95,5.53,-0.17,-0.16,0.47
118029,4095,0,-6.32,7.54,4.17,1.80,0.33,0.15
118082,4095,0,-5.87,3.22,3.99,0.54,-3.11,4.12
118135,4095,0,-4.81,10.72,5.18,-0.81,-1.62,0.67
118188,4095,0,-2.60,7.41,4.35,0.65,-0.01,0.03
118241,4095,0,-2.91,4.92,4.76,-0.22,-0.05,-0.88
118294,4095,0,-3.51,7.12,5.35,-0.95,1.19,3.63
118347,4095,0,-1.29,10.34,5.27,-1.68,1.09,3.57
118400,4095,0,-0.05,9.46,5.63,-0.87,0.59,2.85
118453,4095,0,0.15,8.24,6.33,0.33,0.10,3.14
118506,4095,0,0.65,7.47,5.69,-0.05,0.07,2.18
118559,4095,0,2.85,8.40,5.20,-0.29,0.36,1.32
118612,4095,0,4.03,8.21,5.83,-0.36,0.08,-0.17
118665,4095,0,2.59,6.99,6.79,-0.55,-0.71,-0.11
118718,4095,0,1.96,7.37,6.79,-0.87,-0.32,-0.38
118771,4095,0,2.33,7.55,6.79,-1.50,-0.58,-0.92
118824,4095,0,1.53,7.56,6.39,-0.03,0.23,-0.11
118877,4095,0,2.56,7.51,8.70,-0.76,1.38,-0.38
118930,4095,0,2.95,7.14,10.01,-0.69,1.06,0.30
118983,4095,0,0.94,7.31,8.54,-1.44,0.20,-0.33
119036,4095,0,1.07,6.81,7.24,-0.85,-0.33,-1.41
119089,4095,0,0.46,6.31,7.92,0.16,-0.26,-2.43
119142,4095,0,0.57,6.25,9.30,0.53,0.10,0.08
119195,4095,0,0.16,6.55,8.78,0.60,0.89,2.70
119248,4095,0,1.98,6.30,8.24,0.37,0.07,2.13
119301,4095,0,0.48,6.56,8.24,0.39,-0.43,0.62
119354,4095,0,1.48,6.40,8.23,0.36,0.46,0.21
119407,4095,0,2.06,7.22,6.92,0.42,-0.00,0.20
119460,4095,0,-1.12,5.99,7.72,0.31,0.13,-2.60
119513,4095,0,1.44,7.30,7.89,0.19,0.33,0.35
119566,4095,0,0.86,6.79,8.13,0.08,-0.03,0.38
119619,4095,0,0.96,6.65,8.14,-0.31,-0.11,0.30
119672,4095,0,0.84,6.47,8.04,-1.01,0.37,-0.20
119725,4095,0,1.35,6.70,8.58,-1.09,0.21,-0.33
119778,4095,0,0.81,6.82,8.34,0.16,-0.25,-0.64
119831,4095,0,0.61,7.17,8.50,0.45,-0.45,-0.02
119884,4095,0,0.89,6.42,8.57,0.49,0.41,0.57
119937,4095,0,1.44,7.40,8.09,0.31,-0.27,0.97
119990,4095,0,0.71,6.86,7.55,-0.09,-0.72,0.56
120043,4095,0,0.75,6.28,7.14,-0.13,-0.53,0.43
120096,4095,0,0.73,6.34,7.67,0.07,0.17,-0.26
120149,4095,0,1.07,6.67,8.27,-0.13,0.32,-0.20
120202,4095,0,1.42,6.51,8.84,-0.11,0.41,-0.15
120255,4095,0,1.48,6.55,8.54,0.10,-0.19,-0.05
120308,4095,0,1.20,6.40,8.34,0.03,-0.18,0.13
120361,4095,0,1.23,6.98,7.64,0.23,-0.23,0.02
120414,4095,0,1.40,6.94,7.80,0.34,-0.44,-0.01
120467,4095,0,0.85,7.00,7.73,0.29,-0.24,-0.20
120520,4095,0,2.24,6.91,8.16,0.28,-0.64,-0.32
120573,4095,0,-0.11,7.32,7.74,0.00,0.17,-0.27
120626,4095,0,2.99,6.95,8.05,0.04,-0.14,0.08
120679,4095,0,0.36,6.99,7.60,-0.17,-1.06,0.13
120732,4095,0,1.36,7.10,7.56,-0.07,0.19,0.19
120785,4095,0,1.45,7.19,7.52,0.09,0.07,0.07
120838,4095,0,1.00,7.17,7.62,0.27,0.09,0.01
120891,4095,0,1.34,6.79,7.78,0.15,0.17,-0.04
120944,4095,0,0.94,6.98,8.24,-0.17,0.17,0.16
120997,4095,0,1.49,7.43,7.56,-0.04,-0.22,0.08
121050,4095,0,0.90,7.14,7.57,-0.09,-0.26,-0.06
121103,4095,0,1.49,7.33,7.37,0.01,-0.07,-0.01
121156,4095,0,0.88,7.16,7.48,0.10,-0.30,-0.08
121209,4095,0,1.36,7.21,7.62,0.15,-0.00,-0.00
121262,4095,0,1.36,7.04,7.53,0.01,-0.41,-0.27
121315,4095,0,0.55,7.28,7.56,-0.01,-0.01,-0.29
121368,4095,0,1.23,7.18,7.55,-0.17,-0.03,-0.22
121421,4095,0,0.69,6.86,8.26,-0.46,-0.21,-0.27
121474,4095,0,0.84,7.03,7.98,0.09,-0.42,-0.15
121527,4095,0,0.80,7.05,7.67,0.08,-0.12,-0.15
121580,4095,0,0.68,6.99,7.83,0.13,-0.11,-0.09
121633,4095,0,0.69,7.11,7.67,0.18,-0.28,-0.21
121686,4095,0,0.73,7.18,7.73,0.20,-0.17,-0.14
121739,4095,0,0.62,7.27,7.63,0.44,-0.35,-0.10
121792,4095,0,0.71,7.41,7.38,0.42,-0.47,-0.09
121845,4095,0,0.94,7.57,7.21,0.40,-0.28,-0.04
121898,4095,0,0.79,7.64,6.98,0.40,-0.04,-0.02
121951,4095,0,0.78,7.81,6.75,0.61,-0.49,-0.09
122004,4095,0,0.91,8.03,6.66,0.65,-0.15,0.01
122057,4095,0,0.89,8.18,6.33,0.41,-0.14,0.03
122110,4095,0,0.90,8.21,6.22,0.28,-0.08,0.03
122163,4095,0,0.95,8.27,6.09,0.19,-0.15,0.01
122216,4095,0,0.89,8.32,6.00,0.30,-0.10,0.02
122269,4095,0,1.19,8.43,5.92,0.25,0.09,0.02
122322,4095,0,0.79,8.49,5.77,0.21,0.05,-0.01
122375,4095,0,0.90,8.41,5.61,0.14,0.14,-0.02
122428,4095,0,0.68,8.83,5.65,0.05,0.16,0.03
122481,4095,0,0.64,8.45,5.70,0.01,0.39,-0.02
122534,4095,0,0.56,8.47,5.75,0.15,-0.05,-0.02
122587,4095,0,0.80,8.60,5.83,0.20,0.02,0.01
122640,4095,0,0.52,8.48,5.47,0.21,0.01,-0.03
122693,4095,0,0.82,8.82,5.46,0.36,0.14,-0.04
122746,4095,0,0.28,8.73,5.50,0.13,0.02,-0.08
122799,4095,0,0.58,8.80,5.38,-0.12,-0.35,-0.06
122852,4095,0,0.53,8.69,5.31,-0.11,-0.25,-0.03
122905,4095,0,0.37,8.63,5.49,-0.30,-0.14,-0.03
122958,4095,0,0.50,8.65,5.59,-0.20,-0.25,-0.01
123011,4095,0,0.26,8.56,5.83,-0.22,-0.09,0.01
123064,4095,0,0.49,8.39,5.98,-0.54,-0.52,0.06
123117,4095,0,0.82,8.41,6.03,-0.21,-0.47,-0.05
123170,4095,0,0.59,8.25,6.15,-0.01,-0.45,-0.12
123223,4095,0,0.51,8.61,6.20,0.31,-0.60,-0.14
123276,4095,0,0.66,7.65,6.45,1.04,-0.27,-0.08
123329,4095,0,1.13,9.86,7.39,-1.39,-0.58,0.25
123382,4095,0,0.77,8.65,5.96,0.12,-0.60,-0.01
123435,4095,0,0.83,8.47,5.71,-0.06,-0.19,-0.01
123488,4095,0,0.93,8.41,5.96,-0.11,0.01,-0.01
123541,4095,0,0.87,8.39,5.94,0.01,-0.04,0.00
123594,4095,0,0.89,8.40,5.85,0.06,-0.25,0.00
123647,4095,0,0.91,8.40,5.81,-0.01,-0.22,0.01
123700,4095,0,0.92,8.45,5.81,0.03,-0.22,0.02
123753,4095,0,1.01,8.41,5.69,0.02,-0.31,0.01
123806,4095,0,1.09,8.34,6.08,-0.02,-0.02,-0.01
123859,4095,0,0.92,8.44,5.92,0.09,0.05,-0.01
123912,4095,0,0.86,8.49,5.80,0.13,0.09,-0.02
123965,4095,0,0.79,8.55,5.68,0.14,0.16,-0.02
124018,4095,0,0.67,8.48,5.54,0.15,0.18,-0.01
124071,4095,0,0.84,8.58,5.77,0.10,-0.27,-0.00
124124,4095,0,0.61,8.38,6.01,-0.59,-0.12,-0.04
124177,4095,0,0.93,8.34,6.01,-0.22,-0.31,-0.01
124230,4095,0,0.66,8.48,5.58,-0.08,-0.24,-0.02
124283,4095,0,0.93,8.31,6.02,0.07,-0.55,-0.03
124336,4095,0,1.35,8.17,6.35,0.09,-0.91,-0.05
124389,4095,0,1.18,8.42,5.82,0.34,-0.81,-0.06
124442,4095,0,0.91,8.65,5.40,0.19,-0.63,-0.04
124495,4095,0,1.21,8.44,5.64,0.12,-0.55,-0.01
124548,4095,0,1.43,8.39,5.99,-0.01,-0.31,0.02
124601,4095,0,1.67,8.39,5.93,-0.02,-0.17,0.01
124654,4095,0,1.61,8.43,5.77,0.05,-0.12,-0.01
124707,4095,0,1.58,8.49,5.66,0.18,-0.22,-0.03
124760,4095,0,1.52,8.52,5.48,0.08,-0.16,-0.04
124813,4095,0,1.47,8.68,5.35,0.10,-0.20,-0.03
124866,4095,0,1.43,8.57,5.36,0.06,-0.31,-0.01
124919,4095,0,1.52,8.63,5.39,0.02,-0.28,0.00
124972,4095,0,1.67,8.52,5.52,-0.07,-0.20,0.00
125025,4095,0,1.71,8.52,5.56,-0.05,-0.16,-0.00
125078,4095,0,1.73,8.54,5.59,0.01,-0.16,-0.02
125131,4095,0,1.64,8.54,5.52,0.04,-0.12,-0.03
125184,4095,0,1.57,8.59,5.42,0.01,-0.11,-0.03
125237,4095,0,1.58,8.58,5.46,0.02,-0.11,-0.03
125290,4095,0,1.57,8.52,5.56,-0.05,-0.01,-0.03
125343,4095,0,1.54,8.54,5.57,-0.02,-0.07,-0.02
125396,4095,0,1.56,8.48,5.60,-0.00,-0.12,-0.02
125449,4095,0,1.55,8.53,5.61,0.05,-0.18,-0.02
125502,4095,0,1.55,8.53,5.56,0.05,-0.23,-0.02
125555,4095,0,1.51,8.55,5.50,0.10,-0.17,-0.03
125608,4095,0,1.57,8.55,5.50,0.07,-0.20,-0.01
125661,4095,0,1.56,8.54,5.46,0.05,-0.19,-0.01
125714,4095,0,1.60,8.59,5.42,0.00,-0.12,-0.01
125767,4095,0,1.64,8.64,5.40,0.01,-0.10,-0.01
125820,4095,0,1.64,8.58,5.45,0.04,-0.17,-0.01
125873,4095,0,1.57,8.58,5.46,0.05,-0.21,-0.02
125926,4095,0,1.58,8.59,5.47,0.03,-0.17,-0.01
125979,4095,0,1.61,8.55,5.42,-0.02,-0.06,-0.02
126032,4095,0,1.62,8.59,5.40,-0.01,-0.05,-0.02
126085,4095,0,1.59,8.61,5.39,0.02,-0.03,-0.03
126138,4095,0,1.55,8.61,5.44,0.03,-0.10,-0.02
126191,4095,0,1.59,8.56,5.43,0.01,-0.14,-0.02
126244,4095,0,1.57,8.58,5.43,0.03,-0.15,-0.01
126297,4095,0,1.48,8.57,5.43,0.01,-0.12,-0.01
126350,4095,0,1.55,8.59,5.44,0.00,-0.13,-0.01
126403,4095,0,1.56,8.59,5.43,0.02,-0.10,-0.02
126456,4095,0,1.52,8.60,5.43,0.02,-0.11,-0.02
126509,4095,0,1.51,8.58,5.40,0.00,-0.15,-0.01
126562,4095,0,1.52,8.58,5.46,0.01,-0.16,-0.01
126615,4095,0,1.53,8.58,5.44,-0.01,-0.15,-0.01
126668,4095,0,1.55,8.58,5.42,-0.00,-0.15,-0.01
126721,4095,0,1.53,8.58,5.48,0.01,-0.12,-0.02
126774,4095,0,1.50,8.60,5.46,0.03,-0.12,-0.01
126827,4095,0,1.51,8.57,5.47,0.03,-0.16,-0.01
126880,4095,0,1.55,8.65,5.65,0.08,0.12,-0.04
126933,4095,0,1.48,8.68,5.37,0.24,0.11,-0.04
126986,4095,0,1.41,8.69,5.27,0.16,-0.06,-0.02
127039,4095,0,1.41,8.70,5.27,-0.02,-0.22,-0.00
127092,4095,0,1.42,8.67,5.29,-0.05,-0.12,-0.01
127145,4095,0,1.42,8.65,5.32,0.03,-0.10,-0.01
127198,4095,0,1.42,8.66,5.33,-0.03,-0.11,-0.01
127251,4095,0,1.36,8.65,5.33,-0.02,0.04,-0.02
127304,4095,0,1.34,8.63,5.32,-0.12,-0.22,0.00
127357,4095,0,1.48,8.57,5.55,-0.17,-0.39,0.01
127410,4095,0,1.51,8.56,5.48,-0.01,-0.26,-0.01
127463,4095,0,1.48,8.59,5.48,0.08,-0.17,-0.01
127516,4095,0,1.50,8.60,5.44,0.03,-0.14,-0.01
127569,4095,0,1.48,8.59,5.46,-0.02,-0.09,-0.02
127622,4095,0,1.47,8.55,5.53,-0.05,-0.08,-0.01
127675,4095,0,1.46,8.54,5.50,-0.00,-0.10,-0.01
127728,4095,0,1.45,8.56,5.52,0.01,-0.16,-0.01
127781,4095,0,1.48,8.55,5.53,0.01,-0.16,-0.01
127834,4095,0,1.48,8.55,5.52,0.02,-0.19,-0.01
127887,4095,0,1.46,8.54,5.54,0.01,-0.13,-0.01
127940,4095,0,1.49,8.54,5.55,-0.02,-0.08,-0.01
127993,4095,0,1.48,8.52,5.53,-0.00,-0.17,-0.00
128046,4095,0,1.53,8.54,5.57,0.04,-0.20,-0.01
128099,4095,0,1.52,8.53,5.53,0.05,-0.22,-0.01
128152,4095,0,1.54,8.56,5.52,0.04,-0.21,-0.01
128205,4095,0,1.53,8.54,5.49,0.04,-0.20,-0.01
128258,4095,0,1.57,8.55,5.49,0.05,-0.16,-0.01
128311,4095,0,1.57,8.54,5.53,0.02,-0.14,-0.01
128364,4095,0,1.60,8.57,5.49,0.02,-0.15,-0.01
128417,4095,0,1.58,8.55,5.45,0.06,-0.15,-0.01
128470,4095,0,1.59,8.55,5.50,0.03,-0.20,-0.00
128523,4095,0,1.61,8.56,5.48,0.04,-0.17,-0.01
128576,4095,0,1.60,8.59,5.49,0.02,-0.15,-0.01
128629,4095,0,1.62,8.58,5.50,0.03,-0.15,-0.01
128682,4095,0,1.63,8.58,5.44,-0.00,-0.13,-0.01
128735,4095,0,1.59,8.56,5.48,-0.01,-0.10,-0.01
128788,4095,0,1.60,8.57,5.48,0.03,-0.11,-0.01
128841,4095,0,1.59,8.58,5.49,0.00,-0.12,-0.01
128894,4095,0,1.59,8.56,5.50,-0.03,-0.09,-0.01
128947,4095,0,1.49,8.62,5.50,-0.05,-0.05,-0.02
129000,4095,0,1.59,8.52,5.57,-0.05,-0.05,-0.02
129053,4095,0,1.58,8.48,5.64,0.01,-0.10,-0.02
129106,4095,0,1.56,8.51,5.60,0.10,-0.24,-0.02
129159,4095,0,1.51,8.54,5.53,0.10,-0.29,-0.00
129212,4095,0,1.66,8.57,5.46,0.08,-0.22,0.00
129265,4095,0,1.65,8.64,5.40,0.07,-0.15,-0.01
129318,4095,0,1.57,8.56,5.37,0.03,-0.15,-0.01
129371,4095,0,1.68,8.64,5.44,-0.01,-0.05,-0.02
129424,4095,0,1.64,8.54,5.57,0.04,-0.07,-0.03
129477,4095,0,1.52,8.62,5.37,0.03,-0.19,-0.01
129530,4095,0,1.62,8.55,5.31,-0.04,-0.08,-0.02
129583,4095,0,1.87,8.57,5.49,0.03,-0.11,-0.03
129636,4095,0,1.78,8.54,5.42,0.04,-0.28,-0.01
129689,4095,0,1.48,8.51,5.49,0.10,-0.12,-0.02
129742,4095,0,1.65,8.65,5.36,-0.01,-0.15,-0.00
129795,4095,0,1.59,8.64,5.35,0.01,-0.19,-0.01
129848,4095,0,1.71,8.64,5.37,0.06,-0.21,-0.01
129901,4095,0,1.63,8.63,5.39,0.04,-0.17,-0.01
129954,4095,0,1.64,8.63,5.37,-0.01,-0.19,-0.01
130007,4095,0,1.67,8.59,5.37,0.05,-0.14,-0.01
130060,4095,0,1.74,8.66,5.34,-0.01,-0.12,-0.01
130113,4095,0,1.60,8.61,5.35,0.06,-0.08,-0.02
130166,4095,0,1.66,8.60,5.40,0.00,-0.15,-0.01
130219,4095,0,1.58,8.58,5.40,0.03,-0.23,-0.01
130272,4095,0,1.62,8.64,5.36,0.02,-0.18,-0.01
130325,4095,0,1.66,8.63,5.35,0.03,-0.13,-0.01
130378,4095,0,1.71,8.61,5.34,0.05,-0.13,-0.01
130431,4095,0,1.68,8.65,5.30,0.03,-0.13,-0.01
130484,4095,0,1.63,8.62,5.32,0.04,-0.13,-0.01
130537,4095,0,1.65,8.66,5.28,0.06,-0.17,-0.01
130590,4095,0,1.70,8.66,5.25,-0.00,-0.18,-0.01
130643,4095,0,1.71,8.64,5.28,0.02,-0.14,-0.01
130696,4095,0,1.70,8.66,5.30,0.08,-0.11,-0.02
130749,4095,0,1.69,8.65,5.26,0.04,-0.14,-0.01
130802,4095,0,1.68,8.66,5.27,0.04,-0.17,-0.01
130855,4095,0,1.71,8.69,5.21,0.06,-0.17,-0.01
130908,4095,0,1.70,8.68,5.16,0.07,-0.16,-0.01
130961,4095,0,1.69,8.71,5.16,0.05,-0.16,-0.01
131014,4095,0,1.74,8.68,5.15,0.04,-0.16,-0.01
131067,4095,0,1.74,8.69,5.17,0.01,-0.16,-0.01
131120,4095,0,1.72,8.70,5.16,0.02,-0.15,-0.01
131173,4095,0,1.70,8.71,5.12,0.03,-0.14,-0.01
131226,4095,0,1.72,8.72,5.17,0.03,-0.12,-0.01
131279,4095,0,1.64,8.70,5.18,0.05,-0.10,-0.01
131332,4095,0,1.70,8.71,5.11,0.08,-0.07,-0.02
131385,4095,0,1.65,8.73,5.10,0.05,-0.10,-0.02
131438,4095,0,1.68,8.70,5.08,0.01,-0.16,-0.01
131491,4095,0,1.72,8.72,5.10,-0.02,-0.18,-0.01
131544,4095,0,1.71,8.71,5.11,0.03,-0.16,-0.01
131597,4095,0,1.69,8.73,5.13,0.04,-0.14,-0.01
131650,4095,0,1.70,8.73,5.06,0.05,-0.08,-0.02
131703,4095,0,1.70,8.75,5.08,0.05,-0.08,-0.02
131756,4095,0,1.70,8.74,5.09,0.02,-0.13,-0.01
131809,4095,0,1.70,8.74,5.13,-0.00,-0.19,-0.01
131862,4095,0,1.69,8.74,5.09,0.03,-0.15,-0.01
131915,4095,0,1.70,8.76,5.07,0.04,-0.12,-0.01
131968,4095,0,1.70,8.76,5.08,0.01,-0.13,-0.01
132021,4095,0,1.68,8.76,5.07,0.06,-0.08,-0.02
132074,4095,0,1.68,8.76,5.06,0.03,-0.10,-0.02
132127,4095,0,1.65,8.78,5.00,0.02,-0.11,-0.02
132180,4095,0,1.68,8.77,5.00,0.02,-0.12,-0.02
132233,4095,0,1.60,8.77,5.02,0.04,-0.20,-0.01
132286,4095,0,1.66,8.82,5.05,0.00,-0.17,0.00
132339,4095,0,1.71,8.67,5.11,0.05,-0.06,-0.02
132392,4095,0,1.66,8.83,5.00,0.03,-0.16,-0.01
132445,4095,0,1.66,8.76,4.99,0.02,-0.17,-0.01
132498,4095,0,1.61,8.78,5.02,0.06,-0.13,-0.01
132551,4095,0,1.68,8.79,5.03,0.01,-0.14,-0.01
132604,4095,0,1.70,8.78,5.01,0.02,-0.13,-0.01
132657,4095,0,1.70,8.80,5.04,-0.05,-0.11,-0.02
132710,4095,0,1.66,8.76,5.06,0.03,-0.07,-0.02
132763,4095,0,1.63,8.78,5.04,0.00,-0.12,-0.02
132816,4095,0,1.65,8.78,5.04,0.02,-0.11,-0.02
132869,4095,0,1.60,8.77,5.04,0.01,-0.17,-0.01
132922,4095,0,1.73,8.84,4.98,-0.14,-0.10,-0.01
132975,4095,0,1.60,8.75,5.14,0.02,0.14,-0.04
133028,4095,0,1.47,8.73,5.08,0.03,0.01,-0.02
133081,4095,0,1.48,8.73,5.10,0.02,-0.19,-0.00
133134,4095,0,1.55,8.75,5.13,-0.03,-0.15,-0.01
133187,4095,0,1.51,8.76,5.07,0.01,-0.17,-0.01
133240,4095,0,1.54,8.75,5.14,0.00,-0.32,-0.00
133293,4095,0,1.54,8.74,5.15,0.08,-0.18,-0.01
133346,4095,0,1.53,8.77,5.06,0.02,0.02,-0.02
133399,4095,0,1.54,8.75,5.04,-0.01,0.01,-0.01
133452,4095,0,1.57,8.74,5.16,-0.11,-0.19,-0.00
133505,4095,0,1.59,8.71,5.27,-0.00,-0.05,-0.03
133558,4095,0,1.51,8.72,5.23,0.04,0.00,-0.04
133611,4095,0,1.44,8.74,5.19,0.08,0.05,-0.05
133664,4095,0,1.28,8.78,5.12,0.10,0.18,-0.05
133717,4095,0,1.21,8.77,5.05,0.04,0.15,-0.03
133770,4095,0,1.20,8.76,5.09,-0.02,-0.08,-0.01
133823,4095,0,1.23,8.74,5.23,-0.11,-0.07,-0.01
133876,4095,0,1.20,8.70,5.21,0.01,0.13,-0.03
133929,4095,0,1.13,8.78,5.30,-0.01,0.29,-0.05
133982,4095,0,0.98,8.69,5.30,0.15,0.42,-0.06
134035,4095,0,0.84,8.76,5.17,0.01,0.15,-0.04
134088,4095,0,0.80,8.74,5.15,0.10,-0.40,0.01
134141,4095,0,0.91,8.81,5.15,0.05,-0.58,0.03
134194,4095,0,1.04,8.77,5.22,0.00,-0.38,0.02
134247,4095,0,1.10,8.76,5.20,0.04,-0.22,0.00
134300,4095,0,1.16,8.77,5.17,0.02,-0.16,-0.00
134353,4095,0,1.10,8.80,5.15,0.09,-0.02,-0.02
134406,4095,0,1.11,8.81,5.11,0.07,-0.11,-0.02
134459,4095,0,1.02,8.80,5.11,0.01,-0.14,-0.01
134512,4095,0,1.02,8.79,5.06,-0.01,-0.14,-0.01
134565,4095,0,1.08,8.81,5.15,-0.04,-0.07,-0.01
134618,4095,0,1.10,8.75,5.22,-0.02,0.03,-0.03
134671,4095,0,1.05,8.77,5.15,-0.03,-0.18,-0.02
134724,4095,0,1.01,8.74,5.24,-0.04,-0.40,0.00
134777,4095,0,1.06,8.74,5.26,0.07,-0.34,0.00
134830,4095,0,1.14,8.77,5.18,0.06,-0.25,0.00
134883,4095,0,1.16,8.78,5.07,0.07,-0.18,-0.01
134936,4095,0,1.18,8.80,5.06,0.10,-0.22,-0.00
134989,4095,0,1.22,8.79,5.14,0.04,-0.26,0.00
135042,4095,0,1.25,8.83,5.12,0.01,-0.26,0.00
135095,4095,0,1.28,8.77,5.14,-0.03,-0.23,0.00
135148,4095,0,1.31,8.75,5.15,0.05,-0.29,0.00
135201,4095,0,1.39,8.77,5.07,-0.05,-0.39,0.02
135254,4095,0,1.42,8.77,5.11,0.08,-0.32,0.00
135307,4095,0,1.42,8.81,5.04,0.04,-0.33,0.01
135360,4095,0,1.49,8.81,4.99,0.02,-0.23,0.01
135413,4095,0,1.47,8.80,4.96,-0.15,-0.47,0.03
135466,4095,0,1.63,8.80,5.04,-0.11,-0.27,0.01
135519,4095,0,1.61,8.70,5.16,-0.10,-0.11,-0.01
135572,4095,0,1.60,8.84,4.98,-0.04,-0.24,0.00
135625,4095,0,1.65,8.74,5.10,-0.07,-0.19,-0.00
135678,4095,0,1.62,8.73,5.08,0.20,0.10,-0.04
135731,4095,0,1.59,8.80,5.04,0.10,-0.03,-0.03
135784,4095,0,1.60,8.78,5.04,-0.02,-0.11,-0.02
135837,4095,0,1.55,8.73,5.07,-0.01,-0.20,-0.00
135890,4095,0,1.75,8.75,5.07,-0.00,-0.40,0.01
135943,4095,0,1.95,8.70,5.13,0.27,-0.44,-0.04
135996,4095,0,1.78,8.79,4.94,0.21,-0.34,-0.09
136049,4095,0,1.52,8.80,4.85,0.19,-0.16,-0.11
136102,4095,0,1.51,8.95,4.64,0.05,-0.11,-0.07
136155,4095,0,1.33,8.90,4.57,0.05,0.03,-0.04
136208,4095,0,1.41,8.92,4.70,-0.01,0.00,-0.01
136261,4095,0,1.53,8.88,4.77,-0.03,-0.20,0.04
136314,4095,0,1.65,8.95,4.69,0.13,-0.32,0.05
136367,4095,0,1.83,8.90,4.78,0.08,-0.37,0.04
136420,4095,0,1.91,8.83,4.81,-0.02,-0.31,0.02
136473,4095,0,1.81,8.88,4.72,0.03,-0.07,-0.02
136526,4095,0,1.73,8.89,4.73,0.05,0.04,-0.04
136579,4095,0,1.66,8.93,4.64,0.08,0.02,-0.03
136632,4095,0,1.64,8.86,4.84,-0.09,-0.12,-0.00
136685,4095,0,1.75,8.88,4.78,-0.04,-0.21,0.01
136738,4095,0,1.71,8.87,4.74,0.04,-0.16,-0.00
136791,4095,0,1.75,8.91,4.70,0.08,-0.10,-0.01
136844,4095,0,1.70,8.96,4.58,0.05,-0.11,-0.01
136897,4095,0,1.67,8.95,4.65,0.09,0.02,-0.03
136950,4095,0,1.70,8.92,4.70,-0.06,-0.10,-0.01
137003,4095,0,1.70,8.92,4.74,0.02,-0.14,-0.01
137056,4095,0,1.68,8.89,4.72,0.09,-0.10,-0.02
137109,4095,0,1.56,9.01,4.49,0.06,-0.08,-0.01
137162,4095,0,1.63,8.92,4.61,-0.01,-0.11,-0.00
137215,4095,0,1.66,8.93,4.68,0.01,-0.15,0.01
137268,4095,0,1.63,8.89,4.70,0.09,-0.04,-0.01
137321,4095,0,1.61,8.93,4.67,0.09,-0.05,-0.02
137374,4095,0,1.65,8.96,4.58,0.23,0.13,-0.05
137427,4095,0,1.60,8.97,4.56,0.04,-0.09,-0.02
137480,4095,0,1.51,8.98,4.53,0.06,0.08,-0.05
137533,4095,0,1.56,9.00,4.49,-0.01,-0.15,-0.02
137586,4095,0,1.44,9.03,4.49,0.04,-0.11,-0.01
137639,4095,0,1.54,9.05,4.49,0.07,-0.09,-0.01
137692,4095,0,1.43,9.03,4.55,0.09,-0.04,-0.01
137745,4095,0,1.43,9.04,4.56,0.03,0.22,-0.05
137798,4095,0,1.34,9.07,4.55,0.21,0.40,-0.08
137851,4095,0,1.39,9.12,4.40,0.08,-0.03,-0.02
137904,4095,0,1.29,9.08,4.50,-0.07,-0.34,0.01
137957,4095,0,1.36,9.08,4.37,0.02,-0.20,-0.02
138010,4095,0,1.26,9.11,4.40,-0.04,-0.30,-0.00
138063,4095,0,1.30,9.02,4.46,0.04,-0.34,0.01
138116,4095,0,1.36,9.04,4.52,-0.04,-0.16,0.00
138169,4095,0,1.42,9.04,4.48,-0.03,-0.03,-0.02
138222,4095,0,1.41,9.11,4.42,-0.07,-0.17,-0.02
138275,4095,0,1.44,9.04,4.46,-0.07,-0.24,-0.03
138328,4095,0,1.40,9.00,4.59,0.03,-0.19,-0.03
138381,4095,0,1.26,9.04,4.49,0.07,-0.12,-0.03
138434,4095,0,1.30,9.00,4.62,-0.02,-0.14,-0.01
138487,4095,0,1.30,9.06,4.60,0.00,0.39,-0.06
138540,4095,0,1.10,9.03,4.26,0.13,0.29,-0.04
138593,4095,0,1.18,9.05,4.60,-0.17,-0.46,0.09
138646,4095,0,1.41,8.94,4.83,-0.05,-0.18,0.05
138699,4095,0,1.26,9.05,4.44,0.16,-0.26,0.05
138752,4095,0,1.38,9.16,4.37,-0.08,-0.80,0.15
138805,4095,0,1.82,9.30,4.58,-0.18,-0.66,0.15
138858,4095,0,2.37,9.56,5.32,0.15,-0.22,0.01
138911,4095,0,2.19,9.45,4.62,-0.03,-0.34,0.11
138964,4095,0,2.16,9.79,4.63,-0.09,-0.37,0.24
139017,4095,0,2.40,9.24,4.46,0.09,-0.33,0.37
139070,4095,0,2.54,9.08,4.50,-0.05,-0.33,0.41
139123,4095,0,2.63,8.74,4.40,-0.02,-0.37,0.39
139176,4095,0,2.90,8.88,4.42,0.01,-0.37,0.37
139229,4095,0,2.69,8.67,4.57,-0.06,-0.37,0.33
139282,4095,0,2.98,8.49,4.58,-0.05,-0.27,0.22
139335,4095,0,3.00,8.57,4.47,0.08,-0.26,0.13
139388,4095,0,3.18,8.58,4.29,0.06,-0.27,0.04
139441,4095,0,2.93,8.53,4.14,0.20,-0.11,-0.06
139494,4095,0,3.18,8.87,4.10,0.22,-0.18,-0.06
139547,4095,0,2.95,8.71,4.01,0.25,-0.13,-0.04
139600,4095,0,3.03,8.79,3.93,0.43,0.04,-0.00
139653,4095,0,3.11,8.91,3.94,0.37,-0.00,0.06
139706,4095,0,3.10,8.72,4.14,0.07,-0.17,0.06
139759,4095,0,3.22,8.54,4.08,0.26,0.06,0.01
139812,4095,0,3.36,8.40,3.93,0.41,0.29,-0.11
139865,4095,0,3.35,8.34,3.97,0.20,0.42,-0.20
139918,4095,0,3.16,7.97,4.21,0.15,0.33,-0.10
139971,4095,0,3.71,8.22,4.14,-0.24,0.20,-0.00
140024,4095,0,3.60,8.32,4.17,-0.04,0.47,-0.00
140077,4095,0,3.12,8.78,4.30,0.02,0.13,0.07
140130,4095,0,2.98,8.93,4.61,-0.11,0.03,0.05
140183,4095,0,2.79,8.90,4.79,-0.28,0.76,-0.18
140236,4095,0,2.03,8.34,5.19,-0.19,1.66,-0.47
140289,4095,0,1.35,7.96,4.65,-0.31,2.07,-0.72
140342,4095,0,0.56,7.94,4.90,-0.25,1.49,-0.75
140395,4095,0,0.49,8.21,4.53,-0.28,0.51,-0.65
140448,4095,0,-0.16,8.11,4.57,-0.68,0.41,-0.60
140501,4095,0,0.32,8.23,4.97,-0.17,0.62,-0.48
140554,4095,0,-0.63,8.43,4.82,-0.13,0.59,-0.50
140607,4095,0,-0.67,8.78,5.52,-0.17,0.43,-0.44
140660,4095,0,-1.64,8.83,5.74,-0.15,0.36,-0.28
140713,4095,0,-1.61,9.14,6.15,-0.05,0.11,-0.06
140766,4095,0,-2.17,9.02,6.38,0.17,-0.22,0.13
140819,4095,0,-2.10,9.41,7.08,0.43,-0.05,0.16
140872,4095,0,-2.33,8.62,5.97,0.39,-0.77,0.06
140925,4095,0,0.12,8.15,5.78,0.10,-1.19,0.13
140978,4095,0,-0.89,8.18,5.07,0.24,-0.67,0.13
141031,4095,0,-0.96,9.08,5.56,0.02,-0.10,0.17
141084,4095,0,-1.13,8.95,5.15,-0.04,-0.10,0.12
141137,4095,0,-0.58,8.61,5.18,-0.07,-0.53,0.16
141190,4095,0,-0.07,8.62,5.50,-0.29,-0.97,0.22
141243,4095,0,0.18,8.39,5.84,-0.30,-0.70,0.12
141296,4095,0,0.30,8.28,6.19,-0.17,-0.09,0.06
141349,4095,0,0.31,8.46,6.08,-0.32,0.32,-0.06
141402,4095,0,-0.19,8.73,6.19,0.24,-0.19,-0.04
141455,4095,0,-0.01,8.82,5.60,0.54,-0.32,-0.07
141508,4095,0,0.88,8.59,5.77,-0.13,-1.49,-0.09
141561,4095,0,0.80,8.27,5.81,-0.02,-1.68,-0.15
141614,4095,0,1.03,8.55,5.74,0.03,-1.52,-0.26
141667,4095,0,1.17,8.06,5.84,0.03,-2.30,-0.28
141720,4095,0,0.43,8.28,5.93,0.37,-0.83,-0.32
141773,4095,0,-0.33,9.20,5.05,0.66,0.19,-0.27
141826,4095,0,0.08,9.22,4.94,0.63,0.32,-0.20
141879,4095,0,0.68,8.58,4.65,0.52,0.07,-0.09
141932,4095,0,0.97,8.99,5.05,0.37,-0.20,-0.06
141985,4095,0,0.90,9.06,4.68,0.38,-0.15,-0.09
142038,4095,0,0.59,9.24,4.19,0.36,-0.01,-0.12
142091,4095,0,0.16,9.05,3.97,0.25,0.09,-0.12
142144,4095,0,0.28,9.34,3.82,0.11,0.02,-0.05
142197,4095,0,0.25,9.41,3.85,0.22,0.04,-0.06
142250,4095,0,0.48,9.27,3.69,0.16,0.05,-0.05
142303,4095,0,0.26,9.30,3.86,0.03,-0.08,-0.00
142356,4095,0,0.30,9.59,3.89,0.09,-0.07,-0.03
142409,4095,0,1.07,8.95,3.81,-0.17,-0.27,-0.04
142462,4095,0,0.31,9.13,3.93,0.05,-0.04,-0.08
142515,4095,0,-0.62,9.65,3.49,0.44,0.32,-0.15
142568,4095,0,-0.14,9.62,3.34,0.14,-0.22,-0.04
142621,4095,0,0.53,9.03,3.46,0.06,-0.14,0.00
142674,4095,0,0.36,9.30,3.81,0.08,0.06,-0.05
142727,4095,0,-0.33,9.56,3.52,0.36,0.43,-0.11
142780,4095,0,-0.07,9.43,3.09,0.20,0.38,-0.07
142833,4095,0,-0.09,9.43,3.14,-0.00,0.18,0.02
142886,4095,0,-0.28,9.57,3.30,-0.12,0.15,0.04
142939,4095,0,-0.09,9.22,3.43,-0.05,-0.10,0.08
142992,4095,0,-0.11,9.48,3.09,0.05,-0.12,0.08
143045,4095,0,-0.07,9.54,3.23,-0.07,-0.48,0.11
143098,4095,0,0.15,9.41,3.49,-0.09,-0.32,0.10
143151,4095,0,0.25,9.34,3.44,0.04,0.15,-0.03
143204,4095,0,0.28,9.18,3.61,-0.08,-0.02,-0.01
143257,4095,0,0.22,9.44,3.72,-0.00,0.18,-0.06
143310,4095,0,0.10,9.58,3.59,-0.07,0.22,-0.10
143363,4095,0,-0.08,9.31,3.35,-0.05,-0.01,-0.06
143416,4095,0,-0.23,9.41,3.59,-0.17,0.06,-0.07
143469,4095,0,-0.33,9.34,3.64,-0.00,0.35,-0.12
143522,4095,0,-0.12,9.25,3.71,-0.05,0.15,-0.08
143575,4095,0,-0.51,9.39,3.67,0.04,0.01,-0.06
143628,4095,0,-0.56,9.45,3.37,0.04,-0.23,-0.01
143681,4095,0,-0.38,9.33,3.63,-0.12,-0.37,-0.00
143734,4095,0,-0.23,9.24,4.00,-0.09,0.12,-0.09
143787,4095,0,-0.12,9.44,3.97,-0.05,0.16,-0.11
143840,4095,0,-1.01,9.10,4.25,-0.13,0.20,-0.09
143893,4095,0,-0.60,9.02,3.92,0.04,0.13,-0.05
143946,4095,0,-0.76,9.30,3.85,0.13,-0.17,0.02
143999,4095,0,-0.70,9.08,3.68,-0.10,-0.50,0.12
144052,4095,0,-0.38,9.36,3.67,-0.01,-0.29,0.08
144105,4095,0,-0.46,9.51,3.71,0.10,0.05,0.01
144158,4095,0,-0.34,9.23,3.47,0.07,-0.12,-0.02
144211,4095,0,-0.47,9.39,3.80,-0.21,-0.48,0.03
144264,4095,0,-0.57,9.40,4.18,-0.08,0.04,-0.05
144317,4095,0,-1.12,9.40,4.18,0.02,0.31,-0.06
144370,4095,0,-0.50,9.83,4.28,-0.06,-0.04,0.00
144423,4095,0,-0.50,10.21,4.24,0.16,0.18,-0.12
144476,4095,0,-0.55,10.00,3.86,0.05,0.01,-0.11
144529,4095,0,-0.33,10.23,3.19,-0.00,0.32,-0.05
144582,4095,0,-0.64,10.07,3.56,0.09,0.66,-0.04
144635,4095,0,0.05,9.36,4.58,-0.02,0.88,-0.04
144688,4095,0,-0.90,9.65,4.01,-0.45,0.27,0.17
144741,4095,0,-0.80,8.68,4.39,-0.45,-0.05,0.10
144794,4095,0,-0.71,8.64,4.62,0.11,0.07,0.13
144847,4095,0,-0.52,9.50,3.96,0.77,0.06,0.10
144900,4095,0,0.14,9.53,3.12,1.34,-0.88,0.13
144953,4095,0,-0.84,9.59,2.56,1.43,-1.79,0.15
145006,4095,0,0.20,9.30,1.90,0.77,-2.57,0.49
145059,4095,0,-0.23,9.17,1.58,0.76,-0.65,0.03
145112,4095,0,-0.03,9.26,1.48,0.51,-0.23,0.06
145165,4095,0,-0.26,8.99,1.50,0.37,-0.26,0.12
145218,4095,0,-0.01,9.18,1.10,0.23,-0.12,0.06
145271,4095,0,-0.21,8.63,1.42,0.08,-0.11,0.04
145324,4095,0,-0.40,9.03,1.29,0.18,0.33,-0.18
145377,4095,0,0.50,9.02,1.00,0.22,0.56,-0.25
145430,4095,0,-0.22,9.70,1.01,0.19,0.68,-0.21
145483,4095,0,0.51,10.06,0.71,-0.28,-0.06,0.06
145536,4095,0,0.15,10.08,1.07,0.55,-0.07,0.13
145589,4095,0,0.29,10.38,0.08,1.09,0.13,0.13
145642,4095,0,0.29,9.77,0.42,-0.07,-0.75,0.40
145695,4095,0,0.11,9.66,0.31,0.08,-0.52,0.26
145748,4095,0,0.49,9.37,0.00,0.52,-0.28,0.14
145801,4095,0,0.38,9.52,-0.12,0.32,-0.30,0.11
145854,4095,0,0.32,9.66,-0.27,0.17,-0.27,0.08
145907,4095,0,0.47,9.79,-0.44,0.06,-0.17,0.03
145960,4095,0,0.40,9.84,-0.44,0.06,-0.05,-0.00
146013,4095,0,0.50,9.86,-0.57,0.15,0.05,0.00
146066,4095,0,0.56,9.39,-0.33,0.02,0.30,-0.01
146119,4095,0,0.93,9.40,-0.34,0.22,0.82,-0.06
146172,4095,0,1.07,9.46,-0.66,0.29,1.15,-0.12
146225,4095,0,0.91,9.29,-0.98,-0.21,0.92,-0.05
146278,4095,0,1.10,10.13,-0.80,-0.07,0.26,0.04
146331,4095,0,0.68,9.88,-0.86,0.07,-0.25,0.18
146384,4095,0,0.62,9.97,-1.16,0.14,-0.82,0.18
146437,4095,0,1.00,9.62,-1.37,-0.40,-1.08,0.15
146490,4095,0,1.09,8.81,-0.46,-0.11,-0.81,0.13
146543,4095,0,1.22,9.16,-0.28,-0.14,-0.58,0.17
146596,4095,0,0.94,9.34,-0.44,-0.24,-0.49,0.28
146649,4095,0,0.60,9.16,0.12,0.14,-0.40,0.26
146702,4095,0,1.21,9.91,0.34,0.15,0.17,0.17
146755,4095,0,1.43,10.18,0.69,-0.01,0.26,0.06
146808,4095,0,1.32,10.15,0.18,0.03,0.32,-0.10
146861,4095,0,2.23,9.79,0.03,-0.10,0.06,-0.14
146914,4095,0,1.99,9.41,-0.02,-0.07,-0.38,-0.18
146967,4095,0,2.09,9.25,-0.17,-0.04,-0.32,-0.13
147020,4095,0,1.28,9.26,0.14,-0.01,-0.34,-0.02
147073,4095,0,1.81,10.57,-0.32,-0.17,0.22,0.05
147126,4095,0,0.61,9.88,-0.86,0.06,0.58,0.07
147179,4095,0,0.63,9.27,-0.76,-0.01,1.11,-0.01
147232,4095,0,1.97,9.23,-0.28,-0.40,0.45,-0.16
147285,4095,0,1.25,9.38,-0.21,-0.02,0.31,-0.16
147338,4095,0,1.91,9.89,0.52,-0.04,0.22,-0.01
147391,4095,0,1.60,9.80,0.12,0.17,0.35,0.05
147444,4095,0,1.18,10.07,0.17,0.05,0.11,0.07
147497,4095,0,1.45,9.70,0.28,-0.08,0.28,-0.00
147550,4095,0,1.55,9.94,0.41,-0.09,0.31,-0.15
147603,4095,0,1.53,9.88,0.54,-0.09,0.39,-0.18
147656,4095,0,2.13,10.22,0.37,0.20,-0.03,-0.08
147709,4095,0,1.36,9.25,0.06,0.16,-0.49,0.05
147762,4095,0,0.90,9.31,0.09,0.23,-0.41,-0.01
147815,4095,0,0.47,9.50,0.22,0.17,0.25,-0.23
147868,4095,0,1.22,9.80,0.21,0.05,0.66,-0.21
147921,4095,0,1.66,9.78,0.20,-0.06,0.40,-0.13
147974,4095,0,1.61,9.75,0.84,0.10,-0.17,-0.09
148027,4095,0,0.43,9.43,0.40,0.12,0.00,-0.13
148080,4095,0,0.91,9.53,0.43,0.10,0.24,-0.17
148133,4095,0,0.94,9.38,-0.10,0.09,0.45,-0.22
148186,4095,0,1.07,9.59,0.45,-0.04,0.51,-0.22
148239,4095,0,1.03,9.80,0.15,-0.00,0.57,-0.16
148292,4095,0,0.86,9.51,0.12,0.02,0.50,-0.10
148345,4095,0,0.96,9.55,0.29,0.01,0.27,-0.08
148398,4095,0,0.79,9.69,0.27,-0.17,0.12,-0.09
148451,4095,0,1.25,9.77,0.51,-0.26,-0.03,-0.06
148504,4095,0,1.23,10.38,0.29,0.13,-0.50,0.10
148557,4095,0,0.63,10.41,0.09,0.34,-0.53,0.13
148610,4095,0,0.52,9.98,-0.21,0.59,-0.24,-0.06
148663,4095,0,0.88,9.46,-0.38,0.77,0.05,-0.11
148716,4095,0,1.06,9.94,0.05,0.21,-0.44,-0.04
148769,4095,0,1.10,9.73,-0.17,0.03,-0.35,-0.05
148822,4095,0,0.81,9.06,-0.27,-0.02,-0.07,-0.05
148875,4095,0,0.83,9.64,-0.70,0.35,0.01,0.02
148928,4095,0,-0.28,9.24,-2.28,-0.09,0.15,-0.00
148981,4095,0,0.00,9.56,0.08,-0.12,0.04,-0.10
149034,4095,0,0.97,9.38,-1.03,0.11,-0.11,0.03
149087,4095,0,0.72,9.40,-1.20,0.24,-0.03,0.03
149140,4095,0,1.54,9.37,0.01,-0.74,-0.12,-0.08
149193,4095,0,0.68,10.41,-0.66,-0.77,-0.38,0.03
149246,4095,0,0.85,10.12,0.51,0.21,-0.20,-0.15
149299,4095,0,0.17,9.15,-1.62,0.02,0.25,-0.24
149352,4095,0,1.04,8.95,-0.91,-0.52,-0.29,0.03
149405,4095,0,0.89,9.35,0.24,-0.82,-0.53,0.08
149458,4095,0,0.12,10.41,0.67,-0.48,0.24,0.07
149511,4095,0,0.46,9.57,0.41,-0.22,0.24,-0.01
149564,4095,0,1.33,10.03,1.94,-0.15,-0.12,-0.04
149617,4095,0,0.60,10.23,1.08,-0.07,-0.19,0.04
149670,4095,0,0.78,9.70,0.85,-0.47,-0.13,-0.07
149723,4095,0,0.78,9.89,1.25,0.09,-0.08,0.05
149776,4095,0,0.86,9.72,1.16,0.28,-0.08,-0.01
149829,4095,0,0.91,9.77,1.25,-0.01,-0.31,-0.07
149882,4095,0,0.71,9.90,1.24,0.20,-0.23,-0.01
149935,4095,7,0.30,9.90,1.07,0.16,-0.13,-0.01
149988,4095,0,0.62,9.74,1.17,0.04,-0.09,-0.05
150041,4095,0,0.84,9.42,1.14,-0.01,-0.14,0.01
150094,4095,0,1.07,9.44,1.01,0.16,-0.09,0.04
150147,4095,0,1.75,9.45,1.53,-0.13,-0.47,0.15
150200,4095,0,-0.61,9.78,0.56,-0.37,-0.45,0.23
150253,4095,0,0.86,11.27,1.29,-0.01,0.42,0.01
150306,4095,0,0.34,10.25,0.76,0.11,0.07,-0.08
150359,4095,0,0.71,9.84,0.42,0.28,0.40,-0.11
150412,4095,0,1.70,9.22,0.85,0.20,-0.34,-0.08
150465,4095,0,0.37,9.25,0.66,0.19,-0.49,0.05
150518,4095,0,0.08,9.73,0.92,-0.03,-0.15,-0.08
150571,4095,0,0.44,9.51,1.23,-0.47,0.49,-0.29
150624,4095,0,0.16,9.92,0.71,0.10,1.39,-0.25
150677,4095,0,0.77,9.24,0.64,0.09,1.53,-0.29
150730,4095,0,0.69,9.04,0.90,-0.08,1.30,-0.23
150783,4095,0,1.13,9.01,1.29,-0.58,0.60,-0.24
150836,4095,0,-0.16,10.54,0.95,-0.54,0.33,-0.06
150889,4095,0,-0.26,10.59,1.19,-0.37,0.38,-0.09
150942,4095,0,0.20,9.54,1.90,-0.10,0.17,-0.12
150995,4095,0,0.73,9.45,1.71,0.02,-0.15,-0.04
151048,4095,0,0.11,9.62,2.05,-0.19,0.01,-0.10
151101,4095,0,0.18,9.76,2.32,0.01,0.10,-0.04
151154,4095,0,-0.14,9.59,2.02,-0.03,0.09,-0.07
151207,4095,0,-0.07,9.49,2.11,-0.02,0.17,-0.08
151260,4095,0,-0.43,9.73,1.72,-0.03,0.37,-0.04
151313,4095,0,-0.40,9.94,1.91,0.03,0.21,-0.07
151366,4095,0,-0.11,9.34,1.71,0.02,0.05,-0.04
151419,4095,0,-0.32,9.84,1.98,-0.01,-0.13,0.02
151472,4095,0,-0.21,9.69,1.79,-0.09,-0.18,-0.01
151525,4095,0,0.03,9.71,1.95,0.08,-0.20,-0.02
151578,4095,0,0.45,9.83,1.98,0.21,-0.45,0.11
151631,4095,0,-0.43,9.90,1.44,0.35,-0.90,0.19
151684,4095,0,0.01,9.84,1.91,0.40,-0.24,0.03
151737,4095,0,-0.57,9.03,1.37,0.26,0.11,-0.01
151790,4095,0,-0.02,9.98,1.53,0.39,-0.10,0.00
151843,4095,0,-0.43,9.67,1.03,0.36,-0.27,-0.00
151896,4095,0,-0.07,9.36,0.89,0.58,0.00,-0.03
151949,4095,0,0.33,9.44,0.27,0.51,0.19,0.06
152002,4095,0,0.08,9.82,0.26,0.16,0.13,-0.05
152055,4095,0,-0.07,10.15,0.44,0.17,0.36,-0.13
152108,4095,0,-0.25,9.56,0.23,0.28,0.45,-0.15
152161,4095,0,0.23,9.13,0.50,0.16,0.22,-0.14
152214,4095,0,0.22,9.15,0.08,0.08,0.14,-0.03
152267,4095,0,0.05,9.73,0.08,0.07,0.20,0.03
152320,4095,0,-0.26,9.99,-0.37,0.23,0.28,0.04
152373,4095,0,0.03,9.64,-0.18,0.08,0.01,-0.04
152426,4095,0,0.12,9.42,-0.02,0.01,-0.28,0.02
152479,4095,0,-0.00,9.79,-0.39,0.03,-0.04,0.03
152532,4095,0,-0.20,9.91,-0.32,0.07,0.07,-0.06
152585,4095,0,0.07,9.35,-0.15,-0.04,0.16,-0.13
152638,4095,0,0.09,9.62,0.18,-0.08,-0.01,-0.07
152691,4095,0,-0.31,9.75,-0.39,-0.06,-0.03,-0.04
152744,4095,0,-0.17,10.01,-0.25,-0.01,0.02,-0.04
152797,4095,0,-0.09,9.52,-0.24,-0.06,-0.11,-0.10
152850,4095,0,0.04,9.15,0.37,-0.16,-0.26,-0.05
152903,4095,0,-0.44,9.90,0.61,-0.16,-0.43,-0.04
152956,4095,0,-0.36,9.66,0.50,0.05,-0.07,0.00
153009,4095,0,-0.09,9.78,0.52,0.23,0.06,0.08
153062,4095,0,-0.14,9.47,0.09,0.13,-0.20,0.05
153115,4095,0,-0.39,9.97,-0.25,0.10,-0.50,0.06
153168,4095,0,-0.30,9.93,-0.67,0.25,-0.22,0.10
153221,4095,0,0.37,9.25,0.06,0.20,-0.26,0.07
153274,4095,0,-0.00,9.66,0.57,0.11,-0.22,0.06
153327,4095,0,-0.37,9.85,-0.11,0.09,0.26,0.03
153380,4095,4095,0.05,9.61,-0.55,0.33,0.28,0.13
153433,4095,4095,0.26,9.56,-0.98,0.24,-0.01,0.06
153486,4095,4095,0.38,9.60,-0.76,-0.05,-0.12,-0.05
153539,4095,4095,0.40,9.38,-0.59,-0.09,-0.38,-0.02
153592,4095,4095,0.19,9.74,-0.17,-0.34,-0.24,-0.15
153645,4095,4095,-0.16,9.80,0.00,-0.21,-0.15,-0.11
153698,4095,4095,-0.04,9.60,-0.01,0.06,0.16,-0.01
153751,4095,4095,-0.17,9.84,0.07,0.10,0.01,-0.01
153804,4095,4095,0.03,9.61,-0.20,0.11,0.04,0.02
153857,4095,4095,0.19,9.44,-0.16,0.14,0.08,0.08
153910,4095,4095,0.19,9.57,-0.63,0.06,-0.15,0.05
153963,4095,4095,0.14,9.74,-0.80,0.00,-0.10,0.05
154016,4095,4095,0.22,9.60,-0.65,-0.03,-0.26,0.01
154069,4095,4095,0.11,9.84,-0.45,-0.01,-0.46,0.02
154122,4095,4095,0.44,9.60,-0.17,-0.04,-0.38,0.01
154175,4095,4095,0.53,9.41,-0.37,-0.11,-0.36,-0.01
154228,4095,4095,0.05,9.77,-0.46,-0.09,-0.05,-0.02
154281,4095,4095,-0.01,9.96,-0.28,-0.01,0.17,-0.05
154334,4095,4095,-0.18,9.91,0.12,0.06,0.08,-0.08
154387,4095,4095,-0.06,9.60,0.44,0.03,-0.13,-0.06
154440,4095,4095,0.09,9.58,0.04,0.12,-0.08,0.03
154493,4095,4095,0.33,9.66,-0.40,0.17,0.16,0.03
154546,4095,4095,0.38,9.72,-0.68,0.13,0.19,0.02
154599,4095,4095,0.25,9.52,-0.61,0.02,-0.00,-0.02
154652,4095,4095,0.08,9.89,-0.38,0.06,-0.01,-0.03
154705,4095,4095,0.23,9.54,-0.17,0.14,-0.02,0.00
154758,4095,4095,0.12,9.46,0.00,0.20,0.10,0.06
154811,4095,4095,0.29,9.80,-0.62,0.20,0.18,0.06
154864,4095,4095,0.58,9.71,-1.03,-0.22,0.01,-0.29
154917,4095,4095,0.42,9.32,-0.41,-0.11,-0.05,-0.20
154970,4095,4095,0.37,9.36,-0.65,0.21,0.16,0.07
155023,4095,4095,0.39,9.38,-0.93,0.13,-0.13,0.11
155076,4095,4095,0.54,9.69,-1.15,0.05,-0.19,0.08
155129,4095,4095,0.45,9.74,-0.82,-0.04,-0.33,0.00
155182,4095,4095,0.30,9.54,-0.65,-0.20,-0.32,-0.09
155235,4095,4095,-0.02,9.73,-0.29,-0.11,-0.10,-0.11
155288,4095,4095,0.05,9.78,0.05,-0.14,-0.16,-0.17
155341,4095,4095,0.06,9.43,-0.46,-0.07,-0.21,-0.04
155394,4095,4095,0.36,9.62,-0.29,0.05,-0.12,0.05
155447,4095,4095,0.11,9.61,-0.25,-0.02,-0.20,0.01
155500,4095,4095,0.21,9.62,-0.20,0.02,-0.13,0.03
155553,4095,4095,0.23,9.65,-0.42,0.00,-0.21,0.04
155606,4095,4095,0.12,9.84,-0.27,-0.12,-0.20,-0.03
155659,4095,4095,0.06,10.06,-0.25,0.01,-0.17,0.01
155712,4095,391,0.17,9.56,-0.23,-0.02,-0.03,-0.08
155765,4095,0,0.45,9.45,-0.59,-0.09,-0.07,-0.09
155818,4095,0,0.25,9.82,-0.08,-0.12,-0.21,-0.06
155871,4095,0,0.12,9.85,0.53,-0.08,-0.56,0.10
155924,4095,0,0.12,9.31,0.12,-0.22,-0.64,0.12
155977,4095,0,-0.18,9.67,0.02,-0.13,-0.34,0.05
156030,4095,0,0.04,9.68,0.33,0.26,0.03,0.26
156083,4095,0,0.17,9.89,-0.38,-0.08,0.08,-0.10
156136,4095,0,0.59,9.47,0.49,-0.15,0.18,-0.16
156189,4095,0,0.35,9.65,0.24,0.02,0.01,0.03
156242,4095,0,-0.12,9.73,0.21,-0.17,-0.02,-0.13
156295,4095,0,0.17,9.15,0.36,-0.42,0.33,-0.42
156348,4095,0,0.20,10.07,0.60,-0.19,0.33,-0.25
156401,4095,0,-0.03,10.32,0.41,-0.05,-0.06,-0.08
156454,4095,0,0.01,9.14,0.92,-0.02,-0.25,0.02
156507,4095,0,-0.42,9.38,0.87,-0.30,0.22,-0.37
156560,4095,0,-0.36,9.76,0.92,-0.35,0.71,-0.42
156613,4095,0,-0.64,9.79,0.75,-0.16,1.18,-0.32
156666,4095,0,-0.63,9.47,1.27,-0.42,0.89,-0.46
156719,4095,0,-1.41,9.55,0.97,-0.35,0.85,-0.35
156772,4095,0,-0.73,9.69,1.64,-0.67,1.19,-0.53
156825,4095,0,-1.09,9.35,2.21,-0.97,0.81,-0.55
156878,4095,0,-1.61,10.09,2.05,-0.82,0.26,-0.34
156931,4095,0,-1.85,8.96,2.60,-0.59,-0.32,-0.34
156984,4095,0,-2.15,9.16,3.15,-0.69,0.18,-0.23
157037,4095,0,-2.32,9.58,3.22,-0.95,0.23,-0.45
157090,4095,0,-2.64,8.54,3.67,-0.85,-0.00,-0.62
157143,4095,0,-2.85,8.14,4.21,-1.15,0.43,-0.51
157196,4095,0,-4.37,8.95,4.32,-2.50,1.45,-1.25
157249,4095,0,-4.94,8.51,5.78,-1.14,0.02,-1.36
157302,4095,0,-4.43,7.85,5.60,0.08,-0.62,-0.26
157355,4095,0,-4.07,5.82,5.71,-1.13,0.45,-0.61
157408,4095,0,-4.97,5.72,6.53,-1.12,0.23,-1.56
157461,4095,0,-5.04,5.94,6.67,-1.06,0.28,-0.63
157514,4095,0,-6.13,5.34,6.78,0.51,-0.62,-0.49
157567,4095,0,-5.43,5.59,6.64,0.41,-0.78,0.23
157620,4095,0,-4.71,5.42,6.63,-0.01,-0.65,-0.22
157673,4095,0,-5.05,5.53,7.05,-0.40,-0.42,-0.06
157726,4095,0,-4.85,5.38,7.12,-0.19,-0.23,0.04
157779,4095,0,-4.92,5.61,7.03,0.07,-0.20,0.11
157832,4095,0,-4.83,5.50,7.16,0.29,-0.16,0.06
157885,4095,0,-5.05,5.62,7.13,0.43,-0.19,0.28
157938,4095,0,-4.82,5.26,6.99,-0.01,-0.21,0.11
157991,4095,0,-4.87,5.60,6.88,0.09,-0.05,0.49
158044,4095,0,-4.59,5.83,7.40,0.14,-0.25,0.14
158097,4095,0,-4.51,5.64,6.92,-0.90,-0.02,-0.07
158150,4095,0,-5.05,6.24,7.38,0.34,-0.49,0.28
158203,4095,0,-4.24,5.26,7.20,0.03,-0.21,0.24
158256,4095,0,-4.77,5.36,6.52,-0.03,-0.19,0.04
158309,4095,0,-4.41,5.72,7.17,-0.09,-0.41,0.01
158362,4095,0,-4.46,5.37,7.25,-0.10,-0.11,0.03
158415,4095,0,-4.43,6.14,7.27,0.20,-0.35,0.27
158468,4095,0,-4.41,5.82,7.36,0.19,-0.39,0.15
158521,4095,0,-3.72,5.67,7.34,0.11,-0.61,-0.07
158574,4095,0,-3.82,4.84,7.65,0.20,-0.42,-0.03
158627,4095,0,-3.81,6.22,7.35,-0.13,-0.22,-0.02
158680,4095,0,-4.13,5.52,7.59,0.07,0.08,0.20
158733,4095,0,-3.61,5.88,7.39,0.11,0.10,0.25
158786,4095,0,-3.73,6.06,7.43,-0.06,-0.12,0.43
158839,4095,0,-3.90,5.99,7.26,-0.16,-0.08,0.21
158892,4095,0,-3.65,5.90,7.46,0.07,-0.17,0.16
158945,4095,0,-3.67,6.41,7.42,0.04,-0.17,0.26
158998,4095,144,-3.51,6.79,7.70,0.07,-0.02,-0.00
159051,4095,26,-3.34,6.06,7.33,-0.20,-0.01,-0.07
159104,4095,16,-3.67,5.90,7.31,-0.06,-0.12,-0.25
159157,4095,226,-3.61,6.25,7.09,-0.11,-0.19,-0.26
159210,4095,6,-3.40,5.79,7.37,0.16,-0.43,0.23
159263,4095,11,-3.36,6.02,7.49,-0.24,-0.23,0.08
159316,4095,142,-3.54,6.77,7.57,0.18,-0.44,0.10
159369,4095,0,-3.20,6.75,7.52,0.06,-0.39,-0.22
159422,4095,0,-3.34,5.54,7.62,0.19,-0.48,-0.20
159475,4095,0,-3.40,6.63,7.46,0.15,-0.32,0.32
159528,4095,0,-2.99,5.98,7.71,-0.04,-0.26,0.37
159581,4095,0,-2.90,6.28,7.65,0.05,-0.16,0.35
159634,4095,0,-3.52,7.17,7.35,0.04,-0.12,2.14
159687,4095,0,-2.11,6.68,7.81,0.05,-0.25,-0.30
159740,4095,0,-2.25,6.62,7.49,0.14,-0.22,0.04
159793,4095,0,-2.06,5.96,7.92,-0.03,-0.70,0.07
159846,4095,0,-2.20,6.94,7.67,0.41,0.11,-0.46
159899,4095,0,-1.70,7.55,7.20,0.20,-0.09,0.41
159952,4095,0,-1.79,7.08,7.32,0.15,-0.09,0.54
160005,4095,0,-1.74,6.85,7.31,0.14,-0.22,-0.03
160058,4095,0,-1.24,7.11,7.21,0.17,-0.14,0.45
160111,4095,0,-1.58,7.38,7.55,-0.19,-0.01,-0.03
160164,4095,0,-1.22,7.08,7.43,-0.22,-0.27,-0.60
160217,4095,0,-1.69,7.16,7.13,0.00,-0.19,0.15
160270,4095,0,-1.59,6.48,7.81,-0.02,-0.12,-0.26
160323,4095,0,-1.85,6.91,7.07,-0.05,-0.11,-0.41
160376,4095,0,-1.84,7.67,7.33,-0.32,-0.03,-1.06
160429,4095,0,-2.40,7.81,7.30,-0.22,0.02,0.15
160482,4095,0,-1.50,5.38,7.88,0.05,-0.11,-0.66
160535,4095,0,-2.30,7.22,7.50,0.09,-0.21,0.25
160588,4095,0,-2.15,7.28,7.41,-0.10,-0.15,-0.09
160641,4095,0,-2.50,6.45,7.73,-0.33,-0.01,-0.23
160694,4095,0,-2.27,5.84,7.77,-0.08,-0.19,0.06
160747,4095,0,-2.27,6.65,7.75,-0.02,-0.13,-0.26
160800,4095,0,-2.25,6.94,7.68,-0.05,-0.11,-0.18
160853,4095,0,-2.53,6.73,7.64,0.01,-0.17,0.13
160906,4095,0,-1.87,5.58,8.18,0.06,-0.21,0.18
160959,4095,0,-2.44,6.60,7.81,0.09,-0.12,-0.26
161012,4095,0,-2.47,6.96,7.72,0.12,-0.09,0.23
161065,4095,0,-2.57,6.51,7.74,0.03,-0.11,-0.06
161118,4095,6,-2.29,5.86,7.84,0.10,-0.20,0.35
161171,4095,0,-2.43,6.72,7.72,0.06,-0.14,-0.29
161224,4095,0,-2.31,6.58,7.58,0.24,-0.18,-0.04
161277,4095,0,-2.43,6.92,7.61,0.19,-0.32,0.53
161330,4095,0,-1.96,6.38,7.79,0.13,-0.32,0.28
161383,4095,0,-1.89,6.51,7.76,0.10,-0.16,-0.40
161436,4095,0,-2.06,7.03,7.63,0.01,-0.30,0.09
161489,4095,0,-1.91,6.55,7.76,-0.07,-0.14,0.04
161542,4095,0,-1.51,6.86,6.78,-0.17,-0.20,-0.98
161595,4095,0,-2.12,7.13,7.68,-0.13,-0.32,0.10
161648,4095,0,-2.00,6.59,7.60,-0.06,-0.11,-0.41
161701,4095,0,-2.22,6.60,7.75,0.03,-0.12,-0.03
161754,4095,0,-2.22,6.46,7.81,0.14,-0.04,0.10
161807,4095,0,-2.00,6.58,7.81,0.21,-0.09,0.35
161860,4095,0,-2.00,6.30,7.93,0.06,-0.14,0.02
161913,4095,0,-2.17,6.73,7.62,0.02,-0.12,-0.18
161966,4095,0,-2.19,6.77,7.68,0.02,-0.16,-0.01
162019,4095,0,-2.12,6.68,7.72,-0.00,-0.14,-0.08
162072,4095,0,-2.02,6.52,7.69,0.01,-0.14,0.06
162125,4095,0,-2.14,6.64,7.75,0.02,-0.11,-0.12
162178,4095,0,-2.16,6.72,7.68,0.01,-0.14,-0.01
162231,4095,0,-2.13,6.58,7.77,0.02,-0.14,0.06
162284,4095,0,-2.15,6.55,7.69,0.03,-0.13,-0.03
162337,4095,0,-2.26,6.65,7.68,0.01,-0.16,0.11
162390,4095,0,-1.98,6.46,7.79,-0.02,-0.13,-0.05
162443,4095,0,-1.98,6.80,7.66,-0.00,-0.13,-0.15
162496,4095,0,-1.89,6.77,7.65,0.02,-0.05,0.04
162549,4095,0,-2.16,6.68,7.77,0.04,-0.13,-0.04
162602,4095,0,-2.24,6.46,7.92,-0.01,-0.07,0.02
162655,4095,0,-2.15,6.61,7.71,0.01,-0.11,-0.03
162708,4095,0,-2.12,6.66,7.74,0.02,-0.14,0.04
162761,4095,0,-2.03,6.70,7.64,0.04,-0.15,0.08
162814,4095,0,-2.07,6.48,7.80,0.10,-0.16,0.01
162867,4095,0,-2.16,6.54,7.84,0.02,-0.12,-0.18
162920,4095,0,-2.21,6.75,7.74,0.00,-0.12,-0.01
162973,4095,0,-2.22,6.62,7.64,-0.02,-0.13,0.12
163026,4095,0,-1.95,6.43,7.74,-0.02,-0.13,-0.19
163079,4095,0,-2.21,6.87,7.58,0.01,-0.10,-0.01
163132,4095,0,-1.98,6.69,7.71,0.04,-0.12,0.09
163185,4095,0,-2.07,6.51,7.86,0.07,-0.09,0.01
163238,4095,9,-2.18,6.66,7.56,0.08,-0.13,0.10
163291,4095,0,-2.10,6.83,7.56,0.12,-0.07,0.31
163344,4095,0,-1.91,6.71,7.65,0.17,-0.09,0.42
163397,4095,0,-1.90,6.38,7.82,0.03,-0.10,-0.24
163450,4095,0,-1.99,7.12,7.57,-0.05,-0.09,-0.36
163503,4095,0,-1.99,7.11,7.54,-0.06,-0.12,0.24
163556,4095,0,-2.08,6.72,7.51,-0.07,-0.10,-0.16
163609,4095,0,-2.06,6.72,7.54,0.04,-0.18,0.06
163662,4095,0,-2.13,6.62,7.66,0.04,-0.19,-0.12
163715,4095,0,-1.99,7.03,7.49,0.12,-0.21,-0.03
163768,4095,0,-1.94,7.09,7.67,0.01,-0.23,0.25
163821,4095,0,-1.67,6.62,7.77,0.02,-0.15,0.05
163874,4095,0,-1.89,6.86,7.59,0.03,-0.12,-0.11
163927,4095,0,-1.94,6.99,7.50,-0.03,-0.16,-0.02
163980,4095,0,-1.86,6.65,7.82,0.01,-0.13,0.02
164033,4095,0,-1.89,6.59,7.77,0.04,-0.11,-0.20
164086,4095,0,-2.06,6.87,7.61,0.01,-0.09,-0.14
164139,4095,0,-2.00,6.88,7.61,-0.04,-0.08,0.00
164192,4095,0,-1.77,6.81,7.61,-0.03,-0.07,0.10
164245,4095,0,-2.09,6.63,7.78,-0.07,-0.04,-0.12
164298,4095,0,-2.25,6.75,7.47,-0.06,-0.06,-0.13
164351,4095,0,-2.31,6.66,7.48,0.02,-0.15,-0.00
164404,4095,0,-2.34,6.64,7.68,0.08,-0.17,0.16
164457,4095,0,-2.09,6.51,7.74,0.09,-0.22,0.16
164510,4095,0,-1.98,6.38,7.90,0.05,-0.18,-0.05
164563,4095,0,-1.96,7.02,7.64,-0.03,-0.13,-0.23
164616,4095,0,-2.15,6.89,7.64,-0.07,-0.12,0.12
164669,4095,0,-2.21,6.61,7.76,-0.18,-0.03,-0.40
164722,4095,0,-2.11,7.42,7.59,0.03,-0.20,0.24
164775,4095,0,-1.71,6.34,7.82,-0.00,-0.11,0.03
164828,4095,0,-2.02,6.36,8.13,0.05,-0.09,-0.29
164881,4095,0,-2.37,7.12,7.54,-0.14,-0.20,-0.45
164934,4095,0,-2.49,6.58,7.80,-0.09,-0.21,-0.05
164987,4095,0,-2.16,5.82,7.80,0.17,-0.21,-0.06
165040,4095,0,-2.35,6.57,7.63,0.24,-0.15,-0.12
165093,4095,0,-2.37,6.67,7.64,0.22,-0.17,0.27
165146,4095,0,-2.21,6.47,7.71,0.20,-0.19,0.10
165199,4095,0,-2.18,6.70,7.71,0.12,-0.19,0.15
165252,4095,0,-2.05,6.52,7.86,0.08,-0.15,-0.04
165305,4095,0,-2.23,6.78,7.61,0.03,-0.18,-0.20
165358,4095,0,-2.17,6.81,7.72,0.02,-0.14,-0.00
165411,4095,0,-2.10,6.68,7.71,-0.02,-0.10,-0.05
165464,4095,0,-2.27,6.63,7.57,-0.05,-0.14,-0.19
165517,4095,0,-2.23,6.55,7.64,0.06,-0.08,0.21
165570,4095,0,-2.12,6.71,7.69,-0.03,-0.17,0.16
165623,4095,0,-2.35,7.20,7.63,-0.18,0.04,-0.10
165676,4095,0,-1.87,6.46,7.53,-0.10,-0.07,0.10
165729,4095,0,-2.33,6.73,7.90,-0.00,-0.11,-0.01
165782,4095,0,-2.08,6.25,7.64,-0.08,-0.05,-0.16
165835,4095,0,-2.46,6.67,7.80,0.05,-0.05,0.23
165888,4095,0,-2.17,6.53,7.71,0.01,-0.12,0.01
165941,4095,0,-2.27,6.59,7.80,-0.01,-0.11,0.02
165994,4095,0,-2.13,6.37,7.83,0.06,-0.08,0.05
166047,4095,0,-2.21,6.69,7.65,-0.01,-0.12,-0.16
166100,4095,0,-2.36,6.83,7.65,-0.00,-0.14,0.09
166153,4095,0,-2.24,6.39,7.66,-0.05,-0.12,-0.06
166206,4095,0,-2.06,6.52,7.67,0.04,-0.12,-0.01
166259,4095,3,-2.16,6.87,7.65,0.05,-0.14,0.22
166312,4095,0,-2.04,6.53,7.76,0.10,-0.11,0.07
166365,4095,0,-2.17,6.85,7.67,0.10,-0.14,0.28
166418,4095,0,-1.84,6.67,7.66,0.12,-0.10,0.10
166471,4095,0,-1.80,6.90,7.61,0.09,-0.12,-0.07
166524,4095,0,-2.05,7.09,7.44,0.06,-0.16,-0.02
166577,4095,0,-1.96,6.59,7.61,0.10,-0.12,0.26
166630,4095,0,-2.10,6.91,7.69,0.07,-0.17,0.05
166683,4095,0,-1.76,6.78,7.48,0.01,-0.24,-0.40
166736,4095,0,-1.90,7.07,7.50,0.05,-0.12,0.11
166789,4095,0,-1.90,6.76,7.68,-0.02,-0.12,-0.00
166842,4095,0,-1.94,6.76,7.39,0.04,-0.11,-0.04
166895,4095,0,-1.81,6.82,7.39,0.17,-0.05,0.52
166948,4095,0,-1.74,7.30,7.18,0.30,0.17,1.15
167001,4095,0,-1.37,7.50,7.41,0.04,-0.15,0.04
167054,4095,0,-1.53,6.85,7.68,-0.05,-0.16,-0.27
167107,4095,0,-1.70,7.23,7.36,-0.11,-0.10,-0.48
167160,4095,11,-1.47,7.50,7.20,0.03,-0.14,0.23
167213,4095,0,-1.42,7.22,7.49,-0.11,-0.15,0.03
167266,4095,0,-1.75,6.78,7.74,-0.07,-0.16,-0.02
167319,4095,0,-1.71,7.31,7.42,-0.24,-0.02,-0.80
167372,4095,0,-1.40,6.80,7.20,0.05,-0.15,0.13
167425,4095,0,-2.06,6.97,7.66,0.21,-0.21,0.46
167478,4095,0,-1.79,6.90,7.41,0.16,-0.04,0.06
167531,4095,0,-1.50,7.18,7.41,0.20,-0.21,0.26
167584,4095,0,-1.42,7.31,7.36,0.14,-0.13,0.04
167637,4095,0,-1.52,6.97,7.56,0.08,-0.13,-0.07
167690,4095,0,-1.59,7.40,7.13,0.06,-0.04,0.08
167743,4095,0,-1.41,7.23,7.45,0.10,-0.03,0.31
167796,4095,0,-1.59,7.25,7.34,-0.04,-0.15,-0.06
167849,4095,0,-1.47,6.91,7.32,-0.01,-0.18,-0.16
167902,4095,0,-1.60,7.13,7.45,-0.02,-0.14,0.04
167955,4095,0,-1.33,7.11,7.34,-0.07,-0.08,-0.07
168008,4095,0,-1.48,7.39,7.29,-0.01,-0.06,-0.08
168061,4095,0,-1.48,7.37,7.30,-0.05,-0.12,0.06
168114,4095,0,-1.44,6.96,7.43,0.01,-0.11,0.11
168167,4095,0,-1.52,7.19,7.33,0.12,-0.04,0.32
168220,4095,0,-1.50,7.27,7.23,-0.02,-0.10,0.01
168273,4095,0,-1.41,7.02,7.44,0.06,-0.09,0.10
168326,4095,0,-1.25,7.21,7.31,0.06,-0.01,0.18
168379,4095,0,-1.55,7.19,7.32,0.06,-0.01,0.05
168432,4095,0,-1.73,7.34,7.13,-0.05,-0.09,0.13
168485,4095,0,-1.52,7.10,7.30,-0.04,-0.09,-0.01
168538,4095,0,-1.20,7.22,7.25,0.01,-0.13,-0.07
168591,4095,0,-1.30,7.47,7.15,0.16,-0.09,0.06
168644,4095,0,-1.37,7.33,7.29,-0.03,-0.05,-0.02
168697,4095,0,-1.59,7.36,7.17,0.03,-0.11,0.19
168750,4095,0,-1.61,7.33,7.18,-0.03,-0.14,0.01
168803,4095,0,-1.46,7.11,7.32,-0.03,-0.14,-0.06
168856,4095,0,-1.44,7.27,7.29,-0.02,-0.13,-0.00
168909,4095,0,-1.56,7.34,7.15,-0.06,-0.11,-0.12
168962,4095,0,-1.61,7.18,7.18,-0.04,-0.13,-0.12
169015,4095,0,-1.59,7.07,7.41,0.01,-0.14,-0.01
169068,4095,0,-1.65,7.18,7.31,0.01,-0.06,0.09
169121,4095,0,-1.49,7.17,7.31,-0.00,-0.14,-0.08
169174,4095,0,-1.60,7.24,7.41,0.03,-0.12,0.10
169227,4095,0,-1.60,7.37,7.22,0.01,-0.11,0.13
169280,4095,0,-1.51,7.31,7.26,0.01,-0.11,0.17
169333,4095,0,-1.20,7.30,7.34,0.05,-0.14,-0.03
169386,4095,0,-1.46,7.41,7.35,-0.03,-0.06,-0.08
169439,4095,0,-1.74,7.09,7.31,-0.08,-0.12,-0.26
169492,4095,0,-1.81,7.13,7.28,0.07,-0.14,0.08
169545,4095,0,-1.68,7.05,7.48,-0.00,-0.12,0.01
169598,4095,0,-1.48,6.96,7.30,0.04,-0.16,-0.13
169651,4095,0,-1.61,7.18,7.33,0.01,-0.16,-0.16
169704,4095,0,-1.43,7.07,7.18,0.03,-0.18,-0.25
169757,4095,0,-1.70,7.12,7.41,0.06,-0.15,0.06
169810,4095,0,-1.76,7.15,7.32,-0.00,-0.11,-0.04
169863,4095,0,-1.69,7.26,7.24,-0.00,-0.10,0.07
169916,4095,0,-1.52,7.16,7.32,0.06,-0.10,0.12
169969,4095,0,-1.57,7.22,7.23,0.05,-0.12,0.02
170022,4095,0,-1.67,7.42,7.23,0.01,-0.11,0.09
170075,4095,0,-1.43,7.04,7.38,-0.01,-0.15,-0.00
170128,4095,0,-1.54,7.05,7.38,0.08,-0.13,-0.01
170181,4095,0,-1.67,7.29,7.27,0.03,-0.13,-0.04
170234,4095,0,-1.61,7.24,7.23,-0.02,-0.12,0.01
170287,4095,0,-1.60,7.23,7.32,0.01,-0.11,0.02
170340,4095,0,-1.58,7.35,7.22,0.02,-0.15,0.02
170393,4095,0,-1.58,7.24,7.33,0.05,-0.16,0.12
170446,4095,0,-1.30,7.09,7.35,0.03,-0.10,-0.20
170499,4095,0,-1.59,7.48,7.20,-0.03,-0.11,-0.14
170552,4095,0,-1.65,7.11,7.32,-0.01,-0.11,0.03
170605,4095,0,-1.54,7.10,7.41,0.01,-0.09,-0.02
170658,4095,0,-1.60,7.19,7.27,-0.02,-0.11,-0.01
170711,4095,0,-1.62,7.06,7.49,-0.01,-0.11,-0.10
170764,4095,0,-1.75,7.25,7.23,-0.11,-0.04,-0.21
170817,4095,0,-1.81,7.10,7.25,-0.01,-0.12,-0.08
170870,4095,0,-1.85,7.18,7.33,-0.02,-0.12,0.05
170923,4095,0,-1.65,6.89,7.38,0.02,-0.14,0.01
170976,4095,0,-1.77,7.03,7.35,0.03,-0.13,-0.06
171029,4095,0,-1.76,7.16,7.43,0.02,-0.11,0.06
171082,4095,0,-1.49,7.09,7.39,0.04,-0.02,-0.14
171135,4095,0,-1.83,7.24,7.39,0.01,-0.01,0.17
171188,4095,0,-1.94,7.17,7.35,-0.03,0.03,-0.01
171241,4095,0,-1.90,7.11,7.28,0.04,-0.04,-0.02
171294,4095,0,-1.92,7.13,7.30,0.09,-0.13,-0.01
171347,4095,0,-2.03,6.81,7.20,0.20,-0.09,0.27
171400,4095,36,-1.72,7.85,7.09,0.35,-0.12,0.25
171453,4095,0,-1.52,7.76,7.03,0.43,-0.22,0.24
171506,4095,38,-1.31,8.35,6.69,0.66,-0.23,0.62
171559,4095,95,-0.99,8.10,6.64,1.18,-0.60,0.45
171612,4095,0,-0.79,7.25,6.16,0.23,-0.10,-0.06
171665,4095,60,-1.15,8.45,6.27,0.35,0.30,0.55
171718,4095,47,-1.21,8.10,5.82,0.35,0.08,0.27
171771,4095,0,-0.93,8.26,5.64,0.50,-0.20,0.23
171824,4095,118,-0.79,9.56,5.54,0.92,-0.10,0.76
171877,4095,24,0.21,8.09,4.79,0.43,-0.55,0.18
171930,4095,0,0.17,8.48,4.95,0.24,-0.04,0.25
171983,4095,115,-0.23,8.84,5.01,-0.17,0.04,-0.05
172036,4095,54,-0.10,9.19,4.84,0.22,-0.19,0.10
172089,4095,0,0.16,9.25,4.48,0.60,-0.32,0.29
172142,4095,154,0.30,8.74,4.81,0.61,-0.37,0.19
172195,4095,0,0.87,8.78,3.98,0.16,-0.22,0.07
172248,4095,37,0.55,9.40,4.25,0.09,-0.20,-0.01
172301,4095,114,0.25,9.28,4.38,0.02,-0.18,-0.07
172354,4095,0,0.38,8.98,4.19,-0.08,-0.18,-0.14
172407,4095,39,0.26,9.34,4.27,0.15,-0.15,-0.02
172460,4095,112,0.21,8.73,4.39,-0.14,-0.15,-0.11
172513,4095,0,-0.01,9.72,4.20,0.14,-0.13,0.03
172566,4095,47,0.27,9.01,4.22,0.16,-0.18,-0.00
172619,4095,80,0.19,9.08,4.24,0.03,-0.08,0.02
172672,4095,0,0.21,9.50,4.27,0.12,-0.06,0.06
172725,4095,112,0.19,8.94,4.11,-0.02,-0.09,0.01
172778,4095,80,0.36,9.27,4.24,0.05,-0.02,0.02
172831,4095,0,0.38,9.03,4.11,-0.04,-0.07,-0.01
172884,4095,147,0.31,9.40,4.28,-0.01,0.02,0.00
172937,4095,47,0.18,9.20,4.20,0.02,-0.14,-0.02
172990,4095,0,0.37,9.04,4.14,-0.02,-0.08,-0.02
173043,4095,186,0.23,9.35,4.20,0.11,-0.14,0.04
173096,4095,41,0.28,9.04,4.16,0.05,-0.10,-0.03
173149,4095,15,0.32,9.07,4.19,-0.02,-0.13,-0.01
173202,4095,198,0.18,9.26,4.30,0.01,-0.09,0.00
173255,4095,39,0.33,9.24,4.02,0.02,-0.15,0.02
173308,4095,50,0.64,9.14,4.00,0.11,-0.19,0.06
173361,4095,207,0.26,9.11,4.32,0.07,-0.04,0.03
173414,4095,11,0.23,9.16,4.28,-0.07,-0.10,-0.09
173467,4095,44,0.15,9.23,4.11,0.00,-0.10,0.01
173520,4095,142,0.19,9.22,4.24,-0.00,-0.14,0.01
173573,4095,0,0.38,9.23,4.07,0.06,-0.18,0.02
173626,4095,67,0.19,9.27,4.21,0.05,-0.18,-0.00
173679,4095,83,0.45,9.28,4.09,0.06,-0.04,0.01
173732,4095,0,0.33,9.26,4.10,-0.09,-0.28,-0.02
173785,4095,173,0.39,9.17,4.13,0.03,-0.12,-0.03
173838,4095,65,0.57,9.28,4.04,0.00,-0.05,-0.00
173891,4095,31,0.27,9.10,4.11,-0.05,-0.05,-0.03
173944,4095,154,0.31,9.19,4.23,-0.08,-0.06,-0.07
173997,4095,62,0.36,9.34,4.07,0.09,-0.05,0.05
174050,4095,0,0.44,9.06,4.20,-0.02,-0.13,-0.03
174103,4095,221,0.33,9.25,4.16,0.10,-0.07,0.06
174156,4095,7,0.18,9.08,4.20,0.07,-0.09,0.03
174209,4095,17,0.30,9.14,4.19,0.05,-0.18,-0.00
174262,4095,161,0.42,9.25,4.11,0.10,-0.24,0.06
174315,4095,23,0.38,9.11,4.17,0.07,-0.18,0.01
174368,4095,33,0.49,9.40,4.06,0.01,-0.13,-0.06
174421,4095,176,0.48,9.22,3.94,0.10,-0.08,-0.03
174474,4095,2,0.42,9.05,4.00,-0.11,-0.16,-0.14
174527,4095,50,0.35,9.47,4.08,-0.04,-0.06,-0.13
174580,4095,47,0.43,9.24,3.91,-0.13,0.21,-0.16
174633,4095,0,0.12,9.31,4.15,0.01,0.08,-0.01
174686,4095,19,-0.04,9.00,4.21,-0.08,-0.11,-0.14
174739,4095,32,-0.62,9.05,4.40,0.05,-0.22,-0.08
174792,4095,0,-0.10,9.22,4.31,0.17,-0.14,-0.02
174845,4095,126,0.26,9.29,3.61,0.14,-0.20,0.23
174898,4095,30,0.59,9.44,3.91,0.23,-0.23,0.10
174951,4095,0,0.58,9.11,3.85,0.11,-0.12,-0.02
175004,4095,154,-0.01,9.18,4.19,-0.02,-0.19,-0.04
175057,4095,0,-0.18,9.02,3.88,0.15,0.17,0.05
175110,4095,0,0.21,9.29,4.13,0.01,-0.13,0.11
175163,4095,192,0.31,9.44,3.79,-0.02,-0.06,0.05
175216,4095,0,0.49,9.28,3.91,-0.06,-0.12,0.03
175269,4095,0,0.38,9.10,4.04,-0.17,0.00,-0.09
175322,4095,144,0.17,9.26,3.98,-0.10,0.20,-0.05
175375,4095,0,-0.11,9.11,4.15,-0.18,0.05,-0.08
175428,4095,46,-0.19,9.24,4.06,-0.00,-0.05,0.00
175481,4095,120,0.19,9.32,4.15,0.04,-0.10,0.02
175534,4095,0,0.06,9.36,3.87,0.24,-0.13,0.10
175587,4095,65,0.24,9.16,4.11,0.20,-0.23,-0.00
175640,4095,75,0.54,9.24,3.86,0.20,-0.34,0.16
175693,4095,0,0.34,9.27,3.77,0.04,-0.01,-0.05
175746,4095,125,0.25,9.24,3.96,0.06,-0.10,0.02
175799,4095,55,0.33,9.23,3.71,0.04,-0.14,0.09
175852,4095,16,0.47,9.40,3.66,-0.07,-0.23,-0.03
□�□��□�□□□�□□□□�□�□□�□□□�□��	r��j
1747,4095,0,3.62,6.86,3.69,-0.73,0.98,-0.08
1800,4095,0,0.86,12.62,3.04,-1.41,0.20,-0.31
1853,4095,0,1.14,10.83,2.31,1.63,-0.03,-0.41
1906,4095,0,4.24,4.76,2.18,0.39,-0.75,-1.21
1959,4095,0,-1.22,11.44,3.14,-1.03,-2.15,-0.22
2012,4095,0,-5.52,12.85,0.56,1.07,-1.88,-1.64
2065,4095,0,-1.60,6.31,4.32,1.46,-1.65,-0.60
2118,4095,34,-1.52,6.64,4.28,0.94,0.40,0.69
2171,4095,0,-2.86,10.10,2.94,-1.35,0.87,0.35
2224,4095,0,-0.00,9.95,1.46,-1.37,2.20,0.09
2277,4095,0,4.17,9.87,1.37,-1.29,1.20,0.69
2330,4095,0,2.76,9.79,2.49,0.20,-1.91,0.27
2383,4095,0,-1.40,12.28,5.35,0.14,-3.39,-0.55
2436,4095,0,-3.72,11.14,3.90,1.11,-2.00,-0.51
2489,4095,0,0.37,5.92,2.46,-0.60,0.35,-0.22
2542,4095,0,3.10,11.57,5.60,-0.66,-1.01,-0.37
2595,4095,0,1.90,9.68,5.37,1.29,-2.82,-0.56
2648,4095,0,-1.61,8.82,4.95,2.11,-3.11,0.07
2701,4095,0,-2.80,8.22,4.72,1.57,-1.32,0.45
2754,4095,0,-4.39,8.63,2.64,0.42,0.36,0.81
2807,4095,0,-0.17,7.39,3.61,-1.28,2.32,0.29
2860,4095,1,2.28,10.10,2.75,-1.70,3.15,0.37
2913,4095,0,4.67,9.82,2.24,-0.54,1.02,0.11
2966,4095,0,2.74,9.53,2.37,0.28,-0.49,-0.33
3019,4095,0,0.36,12.00,3.76,-0.35,-1.32,-1.50
3072,4095,0,-1.25,10.91,4.46,1.09,-1.19,-0.12
3125,4095,0,-2.78,10.21,3.34,1.23,0.22,0.43
3178,4095,0,-0.57,8.77,2.48,0.88,0.99,0.11
3231,4095,0,2.39,6.99,2.71,-0.09,0.73,-0.03
3284,4095,0,1.05,9.58,1.75,-0.57,0.08,-0.02
3337,4095,179,-0.35,10.66,2.14,-0.32,-0.88,-0.41
3390,4095,0,-1.23,10.01,2.10,0.13,-0.25,-0.06
3443,4095,64,-0.27,9.90,2.86,0.17,0.23,0.17
3496,4095,106,-0.33,9.57,2.57,0.36,0.00,-0.08
3549,4095,33,0.03,9.61,3.30,-0.32,-0.33,-0.51
3602,4095,90,-0.50,9.67,2.87,0.35,0.06,-0.09
3655,4095,90,-0.66,10.41,2.49,-0.21,0.48,0.26
3708,4095,83,-0.44,10.64,1.31,0.46,0.53,0.24
3761,4095,71,0.02,8.93,1.16,0.88,-0.35,-0.07
3814,4095,122,-0.76,8.58,1.39,0.45,-0.13,-0.10
3867,4095,63,-0.88,9.23,1.78,0.08,-0.14,-0.02
3920,4095,94,-0.06,8.99,1.83,-0.25,0.56,0.03
3973,4095,122,0.91,10.20,1.51,-0.52,0.78,0.08
4026,4095,108,1.06,9.92,1.00,0.12,-0.01,-0.04
4079,4095,119,0.43,9.69,1.05,0.25,-0.45,-0.03
4132,4095,95,-0.20,9.50,1.44,0.39,-0.50,0.06
4185,4095,44,-0.44,9.09,1.18,0.01,-0.19,-0.01
4238,4095,0,0.24,9.31,1.30,-0.40,0.21,0.04
4291,4095,12,0.45,10.37,1.49,-0.38,0.01,0.02
4344,4095,14,0.36,9.98,1.40,0.16,-0.27,-0.01
4397,4095,48,0.02,9.43,1.34,0.05,-0.35,-0.02
4450,4095,34,0.04,9.67,1.43,-0.06,-0.19,0.01
4503,4095,80,0.09,9.75,1.50,-0.01,-0.30,-0.08
4556,4095,63,-0.25,9.90,1.66,-0.01,-0.33,-0.11
4609,4095,30,-0.04,9.65,1.82,0.09,-0.10,-0.03
4662,4095,0,-0.04,9.55,1.51,0.01,-0.09,-0.06
4715,4095,3,0.22,9.57,1.42,-0.11,-0.08,-0.03
4768,4095,0,0.09,10.01,1.49,-0.05,-0.21,-0.08
4821,4095,0,-0.01,9.62,1.54,0.12,-0.28,-0.09
4874,4095,0,-0.07,9.52,1.57,0.04,-0.24,-0.03
4927,4095,0,-0.15,9.63,1.59,-0.06,-0.16,-0.05
4980,4095,0,-0.08,9.73,1.66,-0.05,-0.13,-0.01
5033,4095,0,0.04,9.86,1.81,-0.12,-0.10,-0.05
5086,4095,0,-0.28,10.05,1.77,0.09,-0.13,-0.01
5139,4095,0,-0.25,9.57,1.64,0.16,-0.09,0.03
5192,4095,0,-0.11,9.49,1.55,0.07,0.08,0.12
5245,4095,0,-0.06,9.74,1.36,0.02,0.10,0.20
5298,4095,0,0.58,9.79,1.47,-0.10,0.08,0.14
5351,4095,0,0.78,9.57,1.30,0.20,-0.03,0.04
5404,4095,0,-0.42,9.85,1.10,0.25,-0.52,-0.03
5457,4095,0,-0.00,9.24,1.76,0.07,-0.26,0.01
5510,4095,0,0.06,9.71,1.73,-0.14,0.18,0.01
5563,4095,0,0.72,9.65,1.33,-0.26,0.20,0.03
5616,4095,0,0.54,10.40,1.62,-0.02,-0.23,0.01
5669,4095,0,0.01,9.82,1.56,0.26,-0.41,-0.09
5722,4095,0,-0.20,9.44,1.51,0.16,-0.09,0.01
5775,4095,0,0.26,9.61,1.54,-0.05,0.10,0.04
5828,4095,0,-0.02,9.92,1.33,0.17,-0.05,0.06
5881,4095,0,0.40,9.54,1.49,-0.03,-0.01,0.01
5934,4095,0,0.61,9.58,1.18,-0.04,0.08,0.03
5987,4095,0,0.47,9.83,1.20,0.09,-0.18,0.05
6040,4095,0,0.33,9.87,1.58,0.09,-0.34,-0.04
6093,4095,0,0.16,9.50,1.41,0.12,-0.11,0.01
6146,4095,0,0.40,9.73,1.55,-0.10,-0.03,-0.01
6199,4095,0,0.54,9.75,1.43,0.01,-0.04,-0.05
6252,4095,0,-0.82,10.12,0.62,0.29,0.08,-0.13
6305,4095,0,0.37,9.38,1.32,-0.08,-0.24,0.13
6358,4095,0,0.56,9.86,1.52,0.13,0.02,0.16
6411,4095,0,0.27,10.04,1.57,-0.13,-0.30,-0.05
6464,4095,0,0.07,9.91,1.10,0.15,0.03,0.20
6517,4095,0,0.71,9.71,1.23,0.04,0.00,0.13
6570,4095,0,0.96,9.27,1.25,0.15,-0.14,-0.06
6623,4095,0,0.06,9.84,1.33,-0.06,-0.38,-0.05
6676,4095,0,0.20,9.65,1.45,-0.12,-0.11,-0.10
6729,4095,0,0.45,9.85,1.40,-0.05,0.02,0.07
6782,4095,0,0.83,9.80,1.43,-0.03,-0.05,-0.01
6835,4095,0,0.56,9.83,1.31,0.06,-0.21,-0.03
6888,4095,0,0.31,9.71,1.30,0.09,-0.17,-0.01
6941,4095,0,0.37,9.59,1.26,0.10,-0.09,0.04
6994,4095,0,0.47,9.75,1.42,0.02,-0.21,0.02
7047,4095,0,0.61,9.50,1.40,-0.01,-0.06,-0.03
7100,4095,0,0.37,9.89,1.31,-0.07,-0.08,-0.01
7153,4095,0,0.48,9.78,1.29,0.03,-0.15,0.01
7206,4095,0,0.51,9.67,1.25,0.05,-0.11,0.03
7259,4095,0,0.65,9.77,1.43,-0.01,-0.13,0.01
7312,4095,0,0.55,9.73,1.32,0.05,-0.11,-0.00
7365,4095,0,0.35,9.73,1.26,0.03,-0.14,-0.03
7418,4095,0,0.58,9.56,1.34,-0.01,-0.12,0.00
7471,4095,0,0.65,9.69,1.33,-0.01,-0.06,0.02
7524,4095,0,0.53,9.80,1.28,0.05,-0.13,0.01
7577,4095,0,0.64,9.67,1.28,0.03,-0.13,0.03
7630,4095,0,0.58,9.75,1.24,0.05,-0.13,0.01
7683,4095,0,0.65,9.35,0.86,0.07,-0.20,0.10
7736,4095,0,-0.13,10.50,1.73,0.11,-0.71,-0.32
7789,4095,0,0.36,7.75,0.33,0.19,0.29,0.03
7842,4095,0,0.28,9.64,0.75,-0.77,-0.07,-0.01
7895,4095,0,1.10,8.99,0.78,-0.04,0.09,0.04
7948,4095,0,1.87,8.18,0.40,-0.61,-0.20,0.25
8001,4095,0,0.49,10.10,1.74,-0.05,-0.94,-0.17
8054,4095,0,0.23,7.53,1.35,-0.61,-0.85,-0.39
8107,4095,0,0.51,10.88,3.35,-0.89,-0.51,-0.25
8160,4095,0,1.60,8.49,1.81,-0.55,-0.45,-0.30
8213,4095,0,-0.52,11.91,2.76,-0.96,-1.33,-0.60
8266,4095,0,0.10,8.92,2.49,0.70,-1.00,-0.11
8319,4095,0,0.92,9.06,4.36,-0.29,-1.11,-0.27
8372,4095,0,0.83,9.06,4.25,0.50,-0.07,0.18
8425,4095,0,3.31,5.18,0.57,-1.23,-0.58,-0.73
8478,4095,0,1.04,10.11,2.25,-0.96,-0.95,-0.26
8531,4095,0,0.82,13.80,5.41,-0.89,-1.59,-0.19
8584,4095,0,-0.61,11.75,4.59,2.29,-1.19,0.57
8637,4095,0,0.56,8.15,4.85,3.26,-0.43,0.66
8690,4095,0,0.03,7.28,4.29,3.23,-1.09,0.30
8743,4095,0,0.33,5.94,3.86,0.75,0.08,0.79
8796,4095,0,0.50,8.04,2.60,-3.12,0.87,-0.18
8849,4095,0,-0.54,12.81,3.11,-2.84,0.58,0.48
8902,4095,0,-2.01,14.68,3.22,-2.81,-0.48,-0.41
8955,4095,0,1.36,13.79,3.70,-3.29,1.21,-0.79
9008,4095,0,3.95,13.83,3.10,0.29,0.21,-0.65
9061,4095,0,3.64,11.32,5.44,3.73,-1.64,-0.31
9114,4095,0,3.30,6.32,6.34,4.63,-2.68,-0.08
9167,4095,0,-1.42,5.99,4.50,3.72,-3.10,0.65
9220,4095,0,-2.12,4.54,2.04,0.95,0.37,0.55
9273,4095,0,-1.47,7.84,2.52,-1.75,1.85,1.15
9326,4095,0,2.14,10.12,3.15,-3.39,3.53,0.23
9379,4095,0,5.74,11.13,2.11,-2.83,1.68,-0.08
9432,4095,0,4.42,14.78,9.35,4.13,-3.20,2.42
9485,4095,0,-0.61,8.00,4.32,1.32,-2.29,-0.44
9538,4095,0,-0.41,7.17,3.07,-1.12,0.38,-0.13
9591,4095,0,5.85,20.04,4.28,-0.86,0.53,-0.64
9644,4095,0,1.24,6.81,2.93,1.16,-0.50,-0.35
9697,4095,0,0.04,7.54,3.20,-0.66,-0.78,-0.03
9750,4095,0,18.68,15.54,-2.19,-0.12,0.94,5.51
9803,4095,0,4.66,10.74,-1.26,1.19,-0.84,2.13
9856,4095,0,-0.30,9.14,2.20,2.30,-1.48,0.69
9909,4095,0,1.48,11.66,2.72,0.66,0.18,0.65
9962,4095,0,8.04,9.93,1.50,0.02,0.76,0.60
10015,4095,0,2.37,11.85,-0.33,1.59,-2.10,1.32
10068,4095,0,0.93,7.26,-0.87,2.88,-3.02,2.09
10121,4095,0,5.01,7.75,-0.30,-0.64,-0.22,0.14
10174,4095,0,3.57,8.77,-1.49,-1.10,-1.92,-0.34
10227,4095,0,4.14,8.91,-0.70,-0.82,-2.90,0.99
10280,4095,0,3.01,9.28,-2.12,-0.21,-4.57,-0.48
10333,4095,0,1.41,9.89,-2.09,-0.61,-0.93,0.90
10386,4095,0,2.64,9.02,-0.77,-0.78,-0.84,0.03
10439,4095,0,1.98,9.87,-1.79,-0.18,0.07,0.85
10492,4095,0,3.91,8.87,-0.92,0.14,-0.26,-1.15
10545,4095,0,1.05,9.62,-1.35,-0.39,-0.12,-0.98
10598,4095,0,1.88,7.43,-0.73,-1.02,-0.09,-0.79
10651,4095,0,2.28,11.43,-0.20,-1.74,-0.86,-1.82
10704,4095,0,-0.24,9.30,0.85,-1.17,-0.85,-0.80
10757,4095,0,0.91,10.10,0.59,-0.91,-1.57,-1.02
10810,4095,0,-1.08,11.13,0.76,-0.28,-1.10,-0.15
10863,4095,0,-1.13,9.16,1.02,-0.15,-1.27,-0.21
10916,4095,0,-1.34,9.60,1.75,-0.16,-0.37,0.01
10969,4095,0,-1.03,9.70,1.94,-0.47,-0.19,0.74
11022,4095,0,0.26,9.31,1.81,-0.29,-0.23,0.69
11075,4095,0,-0.85,9.96,2.03,-0.42,-0.13,0.40
11128,4095,0,0.49,9.07,2.41,-0.23,-0.19,0.22
11181,4095,0,0.15,10.05,2.56,-0.73,-0.25,0.36
11234,4095,0,0.57,9.52,3.02,-1.28,-0.22,0.09
11287,4095,0,0.57,9.35,3.82,-1.46,-0.16,0.03
11340,4095,0,0.40,9.06,4.37,-0.49,0.11,0.09
11393,4095,0,0.68,9.23,4.53,-0.14,0.08,0.04
11446,4095,0,0.40,9.02,4.57,-0.22,-0.09,0.06
11499,4095,0,0.59,9.04,4.81,-0.25,0.03,0.04
11552,4095,0,0.52,8.99,4.90,-0.33,0.13,0.00
11605,4095,0,0.42,8.85,5.03,-0.36,0.15,-0.03
11658,4095,0,0.36,8.83,5.21,-0.18,0.09,-0.02
11711,4095,0,0.26,8.89,5.39,0.03,-0.08,-0.03
11764,4095,0,0.24,8.77,5.20,0.20,-0.13,-0.06
11817,4095,0,0.29,8.89,5.02,0.32,-0.27,-0.08
11870,4095,0,0.15,8.69,4.90,0.35,0.01,-0.11
11923,4095,0,0.09,9.06,4.61,1.00,-0.94,-0.19
11976,4095,0,0.24,9.25,4.06,0.98,-0.58,-0.00
12029,4095,0,0.18,9.30,3.83,0.33,-0.54,0.01
12082,4095,0,0.37,9.43,3.85,-0.05,-0.21,-0.04
12135,4095,0,0.29,9.33,3.18,0.42,-0.05,-0.03
12188,4095,0,0.35,9.48,3.16,0.46,-0.02,-0.05
12241,4095,0,0.35,9.49,3.16,0.24,-0.15,-0.02
12294,4095,0,0.35,9.51,3.01,0.17,-0.19,-0.01
12347,4095,0,0.32,9.52,2.86,0.16,-0.20,-0.00
12400,4095,0,0.30,9.55,2.85,0.16,-0.15,-0.01
12453,4095,0,0.38,9.59,2.80,0.13,-0.18,0.00
12506,4095,0,0.37,9.58,2.77,0.15,-0.13,-0.01
12559,4095,0,0.34,9.57,2.72,0.19,-0.09,-0.02
12612,4095,0,0.32,9.60,2.62,0.11,-0.18,-0.01
12665,4095,0,0.36,9.56,2.59,0.10,-0.16,-0.01
12718,4095,0,0.37,9.62,2.48,0.13,-0.09,-0.02
12771,4095,0,0.33,9.62,2.43,0.07,-0.20,-0.00
12824,4095,0,0.39,9.63,2.40,0.04,-0.30,0.02
12877,4095,0,0.36,9.63,2.43,0.04,-0.25,0.01
12930,4095,0,0.43,9.61,2.41,0.05,-0.15,-0.01
12983,4095,0,0.41,9.61,2.39,0.12,-0.04,-0.04
13036,4095,0,0.39,9.64,2.34,0.10,-0.10,-0.02
13089,4095,0,0.36,9.60,2.27,0.15,-0.10,-0.03
13142,4095,0,0.37,9.62,2.24,0.07,-0.20,-0.00
13195,4095,0,0.33,9.63,2.13,0.13,-0.16,-0.01
13248,4095,0,0.39,9.66,2.19,0.18,-0.07,-0.03
13301,4095,0,0.31,9.68,2.04,0.15,-0.10,-0.03
13354,4095,0,0.29,9.70,1.86,0.18,-0.14,-0.03
13407,4095,0,0.36,9.67,1.86,0.09,-0.19,-0.00
13460,4095,0,0.34,9.69,1.87,0.07,-0.15,-0.01
13513,4095,0,0.33,9.70,1.82,0.08,-0.19,-0.01
13566,4095,0,0.36,9.69,1.85,0.00,-0.27,0.02
13619,4095,0,0.35,9.70,1.86,0.00,-0.27,0.03
13672,4095,0,0.38,9.69,1.84,0.03,-0.21,0.01
13725,4095,0,0.41,9.69,1.87,-0.01,-0.26,0.01
13778,4095,0,0.44,9.68,1.84,0.04,-0.18,-0.01
13831,4095,0,0.39,9.69,1.81,0.06,-0.15,-0.02
13884,4095,0,0.37,9.69,1.78,0.09,-0.14,-0.02
13937,4095,0,0.39,9.68,1.75,0.11,-0.10,-0.03
13990,4095,0,0.39,9.70,1.73,0.11,-0.11,-0.02
14043,4095,0,0.44,9.69,1.72,0.06,-0.14,-0.02
14096,4095,0,0.38,9.69,1.64,0.09,-0.08,-0.04
14149,4095,0,0.27,9.68,1.54,0.07,-0.10,-0.04
14202,4095,0,0.26,9.67,1.57,0.11,-0.10,-0.03
14255,4095,0,0.36,9.71,1.54,0.09,-0.13,-0.03
14308,4095,0,0.31,9.71,1.49,0.00,-0.21,0.01
14361,4095,0,0.36,9.70,1.60,0.01,-0.14,-0.02
14414,4095,0,0.33,9.71,1.58,0.07,-0.12,-0.03
14467,4095,0,0.31,9.72,1.54,0.04,-0.16,-0.02
14520,4095,0,0.31,9.70,1.50,0.05,-0.16,-0.01
14573,4095,0,0.32,9.67,1.49,0.08,-0.16,-0.02
14626,4095,0,0.27,9.69,1.39,0.08,-0.13,-0.04
14679,4095,0,0.33,9.71,1.42,0.06,-0.15,-0.02
14732,4095,0,0.29,9.73,1.36,0.06,-0.14,-0.02
14785,4095,0,0.27,9.72,1.36,0.05,-0.15,-0.02
14838,4095,0,0.30,9.73,1.35,0.07,-0.13,-0.03
14891,4095,0,0.25,9.73,1.31,0.06,-0.14,-0.01
14944,4095,0,0.31,9.72,1.31,0.03,-0.16,-0.00
14997,4095,0,0.29,9.73,1.30,0.04,-0.14,-0.01
15050,4095,0,0.30,9.73,1.26,0.04,-0.15,-0.01
15103,4095,0,0.33,9.72,1.28,0.04,-0.14,-0.01
15156,4095,0,0.27,9.71,1.28,0.06,-0.13,-0.01
15209,4095,0,0.30,9.72,1.23,0.06,-0.14,-0.02
15262,4095,0,0.29,9.71,1.21,0.06,-0.13,-0.01
15315,4095,0,0.32,9.71,1.21,0.06,-0.13,-0.01
15368,4095,0,0.26,9.72,1.19,0.04,-0.14,-0.01
15421,4095,0,0.28,9.74,1.16,0.06,-0.15,-0.00
15474,4095,0,0.30,9.74,1.14,0.07,-0.15,-0.00
15527,4095,0,0.29,9.72,1.15,0.06,-0.13,-0.01
15580,4095,0,0.27,9.73,1.07,0.06,-0.15,-0.01
15633,4095,0,0.28,9.72,1.07,0.04,-0.15,-0.01
15686,4095,0,0.30,9.73,1.06,0.04,-0.14,-0.01
15739,4095,0,0.26,9.73,1.04,0.06,-0.12,-0.01
15792,4095,0,0.28,9.72,1.03,0.05,-0.11,-0.02
15845,4095,0,0.24,9.73,0.97,0.06,-0.13,-0.01
15898,4095,0,0.21,9.73,1.02,0.04,-0.14,0.00
15951,4095,0,0.30,9.71,1.01,0.03,-0.15,0.00
16004,4095,0,0.31,9.73,0.99,0.04,-0.14,-0.01
16057,4095,0,0.34,9.73,1.00,0.04,-0.13,-0.01
16110,4095,0,0.21,9.70,0.98,0.11,-0.10,-0.03
16163,4095,0,0.28,9.71,0.96,0.05,-0.14,-0.03
16216,4095,0,0.25,9.74,0.89,0.02,-0.18,-0.00
16269,4095,0,0.28,9.75,0.88,0.05,-0.17,-0.00
16322,4095,0,0.28,9.72,0.92,0.01,-0.17,-0.01
16375,4095,0,0.39,9.73,0.91,0.08,-0.06,-0.04
16428,4095,0,0.27,9.74,0.85,0.07,-0.13,-0.01
16481,4095,0,0.28,9.73,0.85,0.03,-0.16,-0.00
16534,4095,0,0.27,9.71,0.84,0.03,-0.15,-0.00
16587,4095,0,0.28,9.72,0.81,0.05,-0.15,-0.01
16640,4095,0,0.28,9.73,0.78,0.05,-0.16,0.00
16693,4095,0,0.33,9.73,0.88,0.05,-0.15,0.00
16746,4095,0,0.30,9.74,0.83,0.09,-0.11,-0.02
16799,4095,0,0.33,9.73,0.79,0.07,-0.13,-0.02
16852,4095,0,0.33,9.73,0.72,0.08,-0.20,0.00
16905,4095,0,0.36,9.74,0.61,0.07,-0.18,-0.01
16958,4095,0,0.23,9.71,0.63,0.06,-0.15,-0.04
17011,4095,0,0.21,9.74,0.71,0.04,-0.17,-0.01
17064,4095,0,0.19,9.68,0.74,0.39,0.40,-0.14
17117,4095,0,-0.06,9.53,0.42,-0.02,-0.42,0.07
17170,4095,0,0.36,9.75,0.65,-0.03,-0.16,-0.01
17223,4095,0,0.32,9.74,0.63,0.00,-0.20,-0.01
17276,4095,0,0.26,9.70,0.59,0.01,-0.18,-0.04
17329,4095,0,0.20,9.67,0.57,0.01,-0.18,-0.00
17382,4095,0,0.17,9.73,0.53,-0.05,-0.18,0.04
17435,4095,0,0.30,9.66,0.64,-0.02,-0.17,0.05
17488,4095,0,0.47,9.76,0.76,-0.01,-0.16,0.04
17541,4095,0,0.63,9.79,0.89,0.07,-0.11,-0.02
17594,4095,0,0.49,9.78,0.75,0.08,-0.09,-0.05
17647,4095,0,0.23,9.69,0.64,0.09,-0.07,-0.06
17700,4095,0,0.21,9.68,0.54,0.02,-0.14,-0.02
17753,4095,0,0.25,9.71,0.59,-0.00,-0.15,0.01
17806,4095,0,0.36,9.71,0.65,0.00,-0.15,0.01
17859,4095,0,0.39,9.73,0.67,0.02,-0.15,0.01
17912,4095,0,0.34,9.73,0.65,0.03,-0.13,-0.00
17965,4095,0,0.44,9.74,0.66,0.02,-0.14,-0.01
18018,4095,0,0.40,9.72,0.62,0.06,-0.11,-0.02
18071,4095,0,0.33,9.73,0.56,0.12,-0.07,-0.03
18124,4095,0,0.23,9.70,0.44,0.17,-0.29,0.00
18177,4095,0,0.12,9.33,0.47,0.09,1.05,-0.30
18230,4095,0,0.54,9.76,0.51,0.00,-0.27,0.03
18283,4095,0,0.38,9.70,0.42,0.06,-0.11,-0.02
18336,4095,0,0.31,9.68,0.40,0.09,0.02,-0.06
18389,4095,0,0.26,9.71,0.34,0.10,-0.01,-0.05
18442,4095,0,0.22,9.70,0.34,0.05,-0.10,0.00
18495,4095,0,0.27,9.72,0.33,0.05,-0.09,0.01
18548,4095,0,0.39,9.74,0.23,-0.00,0.06,-0.03
18601,4095,0,0.36,9.76,0.45,-0.29,0.12,-0.08
18654,4095,0,0.26,9.73,0.40,-0.44,-0.17,0.02
18707,4095,0,0.37,9.73,0.69,0.19,-0.34,0.11
18760,4095,0,0.52,9.69,0.72,0.03,-0.45,0.15
18813,4095,0,0.40,9.66,0.63,0.17,-0.02,-0.01
18866,4095,0,0.60,9.85,0.47,0.12,0.22,-0.09
18919,4095,0,0.48,9.74,0.49,0.23,0.29,-0.17
18972,4095,0,0.50,9.77,0.34,0.18,0.08,-0.17
19025,4095,0,0.31,9.79,0.31,0.14,-0.20,-0.06
19078,4095,0,0.17,9.64,0.17,0.13,-0.19,-0.05
19131,4095,0,0.11,9.65,0.05,0.18,-0.11,-0.08
19184,4095,0,-0.04,9.63,-0.12,0.11,-0.04,-0.08
19237,4095,0,-0.04,9.64,-0.16,0.05,-0.08,-0.04
19290,4095,0,0.15,9.68,-0.11,0.03,-0.15,-0.00
19343,4095,0,0.18,9.73,-0.05,0.09,-0.20,0.02
19396,4095,0,0.15,9.63,-0.01,0.09,-0.21,0.02
19449,4095,0,0.28,9.75,-0.09,0.12,-0.21,-0.00
19502,4095,0,0.16,9.69,-0.20,0.11,-0.12,-0.05
19555,4095,0,0.29,9.68,-0.17,0.12,-0.14,-0.06
19608,4095,0,0.19,9.70,-0.32,0.15,-0.15,-0.08
19661,4095,0,0.18,9.64,-0.39,0.22,-0.12,-0.13
19714,4095,0,0.00,9.59,-0.34,0.13,-0.07,-0.15
19767,4095,0,0.15,9.65,-0.46,0.21,-0.17,-0.12
19820,4095,0,-0.24,9.63,-0.64,0.28,-0.16,-0.12
19873,4095,0,-0.40,9.44,-0.92,0.23,-0.11,-0.12
19926,4095,0,-0.24,9.56,-0.98,0.23,-0.07,-0.14
19979,4095,0,-0.55,9.42,-1.07,0.30,-0.07,-0.12
20032,4095,0,-0.57,9.38,-1.31,0.40,-0.10,-0.08
20085,4095,0,-0.48,9.41,-1.53,0.14,-0.08,-0.03
20138,4095,0,-0.31,9.39,-1.41,0.12,-0.11,-0.00
20191,4095,0,-0.43,9.36,-1.36,0.07,-0.13,0.03
20244,4095,0,-0.42,9.41,-1.46,0.05,-0.12,0.04
20297,4095,0,-0.30,9.45,-1.51,0.03,-0.04,0.03
20350,4095,0,-0.36,9.37,-1.43,0.04,-0.10,0.07
20403,4095,0,-0.18,9.42,-1.49,-0.02,-0.03,0.03
20456,4095,0,-0.23,9.39,-1.43,0.04,-0.11,0.04
20509,4095,0,-0.02,9.50,-1.45,0.03,-0.06,0.00
20562,4095,0,0.03,9.54,-1.44,-0.09,0.10,-0.08
20615,4095,0,-0.03,9.45,-1.53,-0.10,0.09,-0.10
20668,4095,0,-0.21,9.43,-1.44,-0.16,-0.11,0.01
20721,4095,0,-0.06,9.50,-1.10,-0.16,-0.14,0.03
20774,4095,0,0.05,9.59,-1.01,0.07,-0.02,-0.00
20827,4095,0,-0.01,9.55,-1.21,-0.03,0.03,-0.06
20880,4095,0,-0.16,9.46,-1.32,-0.21,0.10,-0.14
20933,4095,0,-0.04,9.58,-1.14,-0.08,0.20,-0.16
20986,4095,0,-0.24,9.50,-1.04,-0.18,0.19,-0.11
21039,4095,0,-0.23,9.54,-0.73,-0.10,0.16,-0.07
21092,4095,0,-0.15,9.59,-0.71,-0.05,0.09,-0.03
21145,4095,0,0.13,9.79,-0.47,-0.19,0.20,-0.11
21198,4095,0,-0.29,9.51,-0.45,-0.48,0.20,-0.23
21251,4095,0,-0.24,9.55,-0.65,-0.84,-0.04,-0.18
21304,4095,0,-0.47,9.67,-0.39,-0.52,0.11,-0.17
21357,4095,0,-0.38,9.63,0.26,-0.21,-0.22,-0.03
21410,4095,0,-0.50,9.63,0.09,0.45,-0.64,0.29
21463,4095,0,-0.29,9.45,0.06,0.82,-0.33,0.18
21516,4095,0,-0.16,9.64,-0.46,0.52,-0.23,0.14
21569,4095,0,0.41,9.86,-0.42,0.26,-0.02,0.02
21622,4095,0,-0.21,9.51,-1.12,0.34,0.41,-0.24
21675,4095,0,-0.03,9.54,-0.97,0.11,0.04,-0.04
21728,4095,0,0.11,9.62,-0.99,-0.14,0.16,-0.12
21781,4095,0,-0.11,9.49,-1.04,0.13,-0.29,0.14
21834,4095,0,-1.00,8.49,-1.37,-0.00,0.20,-0.08
21887,4095,0,0.62,10.14,-1.16,0.01,0.03,-0.07
21940,4095,0,0.05,9.47,-1.22,0.08,-0.36,0.11
21993,4095,0,-0.02,9.45,-1.35,0.15,-0.19,0.08
22046,4095,0,0.14,9.47,-1.29,0.11,-0.16,0.05
22099,4095,0,0.08,9.57,-1.44,-0.26,0.06,-0.03
22152,4095,0,0.28,9.53,-1.07,-0.25,0.25,-0.13
22205,4095,0,-0.00,9.53,-0.94,-0.59,0.24,-0.16
22258,4095,0,0.19,9.64,-0.51,-0.28,-0.13,-0.01
22311,4095,0,0.27,9.65,-0.43,0.39,0.14,-0.11
22364,4095,0,0.17,9.70,-0.74,-0.17,0.09,-0.14
22417,4095,0,-0.50,9.26,-0.49,0.02,-0.12,0.00
22470,4095,0,-0.20,9.46,-0.77,-0.12,-0.13,0.01
22523,4095,0,0.04,9.59,-0.56,-0.13,-0.14,0.00
22576,4095,0,-0.00,9.60,-0.26,0.03,-0.37,0.22
22629,4095,0,0.21,9.65,-0.27,-0.08,-0.36,0.09
22682,4095,0,0.20,9.69,-0.37,-0.12,-0.14,-0.03
22735,4095,0,-0.02,9.53,0.06,-0.26,0.10,-0.20
22788,4095,0,-0.28,9.38,0.04,-0.18,-0.20,-0.01
22841,4095,0,0.11,9.80,-0.28,-0.12,-0.13,-0.02
22894,4095,0,0.04,9.67,0.02,-0.14,-0.22,-0.04
22947,4095,0,0.03,9.74,-0.09,-0.06,-0.13,-0.02
23000,4095,0,0.02,9.67,0.13,0.24,-0.02,0.01
23053,4095,0,0.14,9.73,0.06,-0.03,-0.01,-0.10
23106,4095,0,-0.02,9.67,0.02,0.02,-0.08,-0.03
23159,4095,0,0.02,9.70,-0.02,0.05,-0.02,-0.05
23212,4095,0,-0.03,9.69,0.00,-0.15,-0.21,-0.03
23265,4095,0,-0.04,9.65,0.09,-0.04,-0.19,0.01
23318,4095,0,0.04,9.69,0.07,0.04,-0.24,0.03
23371,4095,0,0.06,9.70,0.05,0.07,-0.17,0.04
23424,4095,0,0.09,9.73,0.02,-0.04,-0.13,-0.02
23477,4095,0,0.04,9.65,0.20,-0.26,-0.25,-0.03
23530,4095,0,-0.09,9.62,0.25,-0.07,-0.19,-0.03
23583,4095,0,0.06,9.70,0.28,0.03,-0.24,0.02
23636,4095,0,-0.03,9.68,-0.02,0.19,-0.10,0.01
23689,4095,0,0.09,9.66,0.11,0.26,-0.05,0.04
23742,4095,0,0.09,9.68,-0.16,0.23,0.03,-0.05
23795,4095,0,0.11,9.61,-0.21,-0.07,-0.20,-0.04
23848,4095,0,0.01,9.65,-0.13,-0.30,-0.28,-0.05
23901,4095,0,0.10,9.69,0.23,-0.25,-0.26,-0.03
23954,4095,0,0.08,9.73,0.20,-0.29,-0.30,-0.00
24007,4095,0,0.01,9.66,0.28,0.08,-0.27,0.07
24060,4095,0,0.15,9.77,0.03,-0.07,-0.21,-0.02
24113,4095,0,0.06,9.72,0.22,0.12,-0.10,0.02
24166,4095,0,0.13,9.71,0.19,0.14,-0.11,0.02
24219,4095,0,0.17,9.65,0.23,0.19,-0.13,0.04
24272,4095,0,0.21,9.73,0.01,0.08,-0.15,0.02
24325,4095,0,0.12,9.70,0.04,-0.01,-0.08,-0.06
24378,4095,0,0.14,9.69,0.05,0.12,-0.14,0.01
24431,4095,0,0.11,9.64,0.01,0.15,-0.09,-0.02
24484,4095,0,0.21,9.72,-0.14,0.07,-0.12,-0.04
24537,4095,0,0.15,9.69,0.04,-0.17,0.05,-0.18
24590,4095,0,-0.10,9.49,0.04,-0.08,-0.46,0.16
24643,4095,0,0.74,10.25,0.29,-0.15,0.02,-0.06
24696,4095,0,-0.09,9.54,0.43,0.22,0.10,-0.15
24749,4095,0,-0.06,9.63,-0.12,0.40,0.01,0.00
24802,4095,0,0.07,9.66,-0.17,0.46,-0.05,0.08
24855,4095,0,0.01,9.69,-0.41,-0.08,0.09,-0.26
24908,4095,0,-0.24,9.51,-0.32,-0.46,0.02,-0.29
24961,4095,0,-0.24,9.63,0.02,-0.12,-0.06,-0.14
25014,4095,0,-0.19,9.60,0.08,0.17,-0.29,0.11
25067,4095,0,-0.10,9.69,-0.06,0.07,-0.10,-0.05
25120,4095,0,-0.08,9.68,-0.07,0.27,0.16,-0.07
25173,4095,0,-0.14,9.71,-0.13,-0.17,-0.18,-0.07
25226,4095,0,-0.22,9.67,-0.16,-0.03,-0.23,-0.03
25279,4095,0,-0.17,9.66,-0.17,0.03,-0.17,0.03
25332,4095,0,-0.23,9.62,-0.12,-0.09,-0.27,0.02
25385,4095,0,-0.15,9.61,0.13,-0.05,-0.44,0.08
25438,4095,0,-0.06,9.67,0.04,0.28,-0.07,0.04
25491,4095,0,-0.08,9.67,-0.17,0.07,-0.06,-0.02
25544,4095,0,-0.09,9.67,-0.14,-0.11,-0.23,0.01
25597,4095,0,-0.15,9.59,-0.14,-0.00,-0.35,0.06
25650,4095,0,-0.01,9.65,-0.11,0.13,-0.25,0.07
25703,4095,0,-0.01,9.66,-0.21,0.16,-0.07,0.01
25756,4095,0,0.05,9.69,-0.28,0.15,-0.07,-0.01
25809,4095,0,0.01,9.65,-0.35,0.14,0.04,-0.05
25862,4095,0,-0.05,9.65,-0.44,0.06,-0.02,-0.05
25915,4095,0,-0.03,9.59,-0.31,0.00,-0.15,-0.02
25968,4095,0,-0.01,9.65,-0.36,-0.01,-0.17,-0.01
26021,4095,0,-0.01,9.61,-0.33,-0.03,-0.17,-0.02
26074,4095,0,-0.05,9.63,-0.39,-0.08,-0.11,-0.08
26127,4095,0,-0.11,9.67,-0.33,-0.43,-0.03,-0.19
26180,4095,0,-0.31,9.52,0.52,-0.94,-0.15,-0.36
26233,4095,0,-0.31,9.66,0.95,-0.66,-0.34,-0.18
26286,4095,0,-0.50,9.74,0.49,-0.22,0.00,-0.20
26339,4095,0,-0.65,9.56,1.25,-0.26,0.07,-0.21
26392,4095,0,-0.83,9.55,1.09,-0.58,-0.01,-0.28
26445,4095,0,-0.86,9.67,1.28,-0.57,0.16,-0.21
26498,4095,0,-0.95,9.59,1.90,-0.47,0.26,-0.24
26551,4095,0,-1.04,9.68,2.25,-0.52,0.00,-0.13
26604,4095,0,-0.91,9.56,2.63,-0.19,-0.19,-0.07
26657,4095,0,-1.12,9.48,2.43,-0.08,-0.16,-0.05
26710,4095,0,-1.05,9.45,2.21,-0.00,-0.14,-0.02
26763,4095,0,-1.13,9.35,2.28,0.04,-0.04,0.01
26816,4095,0,-1.10,9.13,2.86,-0.25,-0.02,-0.04
26869,4095,0,-1.08,9.30,2.75,0.11,-0.07,0.02
26922,4095,0,-0.67,10.07,2.74,-0.78,-0.50,0.08
26975,4095,0,-1.03,9.12,3.60,-0.39,-0.22,-0.06
27028,4095,0,-1.05,9.33,3.00,0.59,-0.04,0.04
27081,4095,0,-0.95,9.50,2.86,0.07,-0.21,0.02
27134,4095,0,-1.04,9.44,2.90,-0.20,-0.43,0.02
27187,4095,0,-0.82,9.51,3.03,0.25,-0.08,0.01
27240,4095,0,-0.96,9.48,2.78,-0.36,0.38,-0.18
27293,4095,0,-1.17,9.33,3.12,0.28,0.00,0.03
27346,4095,0,-1.03,9.32,2.94,0.29,-0.07,-0.00
27399,4095,0,-1.13,9.30,2.80,0.39,-0.43,0.08
27452,4095,0,-0.78,9.72,2.63,-0.11,-0.47,0.01
27505,4095,0,-0.92,9.50,2.66,-0.01,-0.30,0.00
27558,4095,0,-0.84,9.43,2.77,0.09,-0.13,-0.00
27611,4095,0,-0.96,9.56,2.67,-0.24,0.02,-0.09
27664,4095,0,-0.92,9.37,2.95,-0.02,-0.06,-0.02
27717,4095,0,-0.93,9.51,2.68,0.05,-0.21,0.02
27770,4095,0,-0.95,9.45,2.76,-0.02,-0.19,-0.00
27823,4095,0,-0.97,9.51,2.79,0.14,-0.11,0.00
27876,4095,0,-0.93,9.42,2.77,-0.02,-0.24,0.01
27929,4095,0,-0.92,9.44,2.86,-0.01,-0.24,0.01
27982,4095,0,-0.85,9.44,2.82,0.07,-0.23,0.03
28035,4095,0,-0.81,9.40,2.97,0.02,-0.15,-0.01
28088,4095,0,-0.84,9.46,2.70,0.15,-0.14,0.00
28141,4095,0,-0.85,9.55,2.62,0.04,-0.10,-0.00
28194,4095,0,-0.88,9.47,2.63,0.08,-0.22,0.04
28247,4095,0,-0.87,9.51,2.61,0.08,-0.01,-0.01
28300,4095,0,-0.83,9.44,2.72,-0.06,-0.18,-0.00
28353,4095,0,-0.83,9.55,2.79,-0.18,-0.03,-0.08
28406,4095,0,-0.81,9.50,2.80,-0.18,-0.01,-0.07
28459,4095,0,-0.88,9.40,3.06,-0.20,-0.11,-0.05
28512,4095,0,-0.91,9.40,2.97,-0.17,-0.09,-0.05
28565,4095,0,-0.98,9.28,3.15,-0.02,-0.07,-0.02
28618,4095,0,-0.90,9.41,3.14,0.05,-0.15,0.01
28671,4095,0,-0.97,9.37,3.12,-0.03,-0.14,-0.02
28724,4095,0,-0.88,9.41,3.07,0.05,-0.20,0.03
28777,4095,0,-0.92,9.38,3.13,-0.08,-0.08,-0.04
28830,4095,0,-0.93,9.38,3.20,-0.02,-0.04,-0.02
28883,4095,0,-1.20,9.04,3.43,0.05,-0.07,-0.03
28936,4095,0,-1.11,9.21,3.07,0.30,0.55,-0.15
28989,4095,0,-1.05,9.53,2.94,-0.04,0.48,-0.11
29042,4095,0,-1.35,9.68,2.97,-0.41,0.34,-0.10
29095,4095,0,-1.32,8.81,3.40,-0.55,0.02,-0.13
29148,4095,0,-1.88,8.39,2.86,-0.86,-0.71,-0.21
29201,4095,0,-0.71,9.58,3.84,0.97,-0.79,0.19
29254,4095,0,-1.30,7.35,3.36,0.19,-0.20,-0.15
29307,4095,0,-1.18,9.10,3.17,0.55,0.27,-0.01
29360,4095,0,-1.17,9.46,3.15,0.06,0.20,-0.12
29413,4095,0,-1.24,9.32,3.14,0.02,0.01,-0.02
29466,4095,0,-1.21,9.36,3.08,0.08,-0.25,0.02
29519,4095,0,-1.13,9.38,3.15,0.08,-0.15,-0.01
29572,4095,0,-1.22,9.28,3.06,0.13,-0.04,-0.03
29625,4095,0,-1.27,9.35,2.79,0.15,-0.16,-0.01
29678,4095,0,-1.23,9.42,2.92,-0.01,-0.17,-0.02
29731,4095,0,-1.22,9.39,2.94,-0.08,-0.17,-0.01
29784,4095,0,-1.17,9.41,3.11,-0.14,-0.28,-0.01
29837,4095,0,-1.15,9.36,3.21,-0.18,-0.25,-0.02
29890,4095,0,-1.21,9.26,3.31,-0.16,-0.14,-0.05
29943,4095,0,-1.29,9.23,3.26,-0.03,-0.14,-0.01
29996,4095,0,-1.20,9.25,3.28,0.11,-0.28,0.03
30049,4095,0,-1.17,9.32,3.26,0.01,-0.25,0.01
30102,4095,0,-1.09,9.36,3.36,-0.03,-0.22,-0.00
30155,4095,0,-1.11,9.24,3.41,-0.02,-0.13,-0.03
30208,4095,0,-1.13,9.30,3.39,0.06,-0.12,-0.01
30261,4095,0,-1.18,9.23,3.33,0.07,-0.21,0.02
30314,4095,0,-1.12,9.28,3.34,0.03,-0.18,-0.00
30367,4095,0,-1.08,9.34,3.28,0.06,-0.15,0.01
30420,4095,0,-1.06,9.28,3.47,-0.06,-0.16,-0.03
30473,4095,0,-1.15,9.28,3.34,-0.13,-0.18,-0.03
30526,4095,0,-1.12,9.31,3.47,-0.11,-0.22,-0.02
30579,4095,0,-1.09,9.25,3.57,-0.14,-0.15,-0.04
30632,4095,0,-1.10,9.18,3.65,0.03,-0.07,-0.03
30685,4095,0,-1.16,9.18,3.51,0.17,-0.08,-0.02
30738,4095,0,-1.05,9.35,3.38,0.17,-0.26,0.02
30791,4095,0,-1.08,9.27,3.48,0.08,-0.27,0.00
30844,4095,0,-1.02,9.37,3.37,0.10,-0.07,-0.01
30897,4095,0,-1.07,9.33,3.43,-0.02,0.21,-0.10
30950,4095,0,-1.24,9.34,3.31,-0.13,0.12,-0.07
31003,4095,0,-1.28,9.06,3.49,-0.25,0.02,-0.11
31056,4095,0,-1.30,9.52,3.34,0.18,-0.19,0.04
31109,4095,0,-1.26,9.33,3.39,-0.14,-0.41,-0.00
31162,4095,0,-1.29,9.09,3.59,-0.19,-0.59,-0.02
31215,4095,0,-1.18,9.18,3.67,0.04,-0.33,0.03
31268,4095,0,-1.05,9.27,3.75,0.19,-0.22,0.05
31321,4095,0,-1.03,9.31,3.67,0.16,-0.28,0.07
31374,4095,0,-0.98,9.33,3.57,0.20,-0.17,0.02
31427,4095,0,-0.98,9.18,3.45,0.26,-0.01,0.01
31480,4095,0,-1.06,9.36,3.18,0.30,0.16,0.02
31533,4095,0,-1.02,9.45,3.09,0.17,0.05,0.02
31586,4095,0,-1.06,9.45,3.12,0.02,-0.20,0.01
31639,4095,0,-0.98,9.37,3.17,-0.10,-0.24,-0.03
31692,4095,0,-1.05,9.34,3.04,-0.22,-0.30,0.00
31745,4095,0,-0.93,9.20,3.65,-0.32,-0.47,-0.02
31798,4095,0,-0.95,9.07,3.66,-0.13,-0.28,-0.03
31851,4095,0,-0.98,9.31,3.54,-0.00,-0.12,-0.02
31904,4095,0,-0.92,9.28,3.55,-0.02,-0.07,-0.04
31957,4095,0,-0.98,9.22,3.53,0.22,0.03,-0.01
32010,4095,0,-1.01,9.40,3.36,0.26,0.01,0.03
32063,4095,0,-1.02,9.44,3.26,0.11,-0.06,0.00
32116,4095,0,-1.03,9.33,3.24,0.03,-0.08,-0.02
32169,4095,0,-1.05,9.35,3.20,0.07,-0.13,-0.00
32222,4095,0,-1.00,9.37,3.26,0.03,-0.21,0.00
32275,4095,0,-0.95,9.38,3.28,0.03,-0.20,0.01
32328,4095,0,-0.95,9.33,3.28,-0.00,-0.09,-0.03
32381,4095,0,-0.99,9.32,3.27,0.04,-0.07,-0.02
32434,4095,0,-1.04,9.33,3.19,-0.00,-0.11,-0.02
32487,4095,0,-1.01,9.39,3.22,-0.02,-0.15,-0.01
32540,4095,0,-1.06,7.65,2.40,0.27,-0.69,0.51
32593,4095,0,-1.09,11.76,3.02,0.15,-0.35,-0.12
32646,4095,0,-0.63,10.28,3.24,-0.20,-0.16,-0.01
32699,4095,0,-0.89,9.41,3.15,-0.16,-0.27,-0.05
32752,4095,0,-0.91,9.62,3.45,-0.23,-0.28,-0.03
32805,4095,0,-0.79,9.38,3.54,0.03,-0.19,-0.01
32858,4095,0,-0.79,9.17,3.44,0.10,-0.22,0.03
32911,4095,0,-0.72,9.57,3.08,-0.06,-0.20,-0.04
32964,4095,0,-0.79,9.45,3.39,0.22,-0.10,0.03
33017,4095,0,-0.67,9.41,3.28,0.38,0.02,0.05
33070,4095,0,-0.85,9.39,2.93,-0.18,-0.20,-0.04
33123,4095,0,-0.78,9.41,3.04,-0.24,-0.37,-0.01
33176,4095,0,-0.57,9.16,3.44,0.30,-0.24,0.02
33229,4095,0,-0.61,9.55,3.01,0.69,0.34,0.10
33282,4095,51,-0.71,9.56,2.59,0.38,0.04,0.07
33335,4095,0,-0.61,9.60,2.55,0.09,-0.11,-0.04
33388,4095,0,-0.67,9.46,2.62,0.21,-0.01,0.01
33441,4095,0,-0.68,9.64,2.37,0.24,-0.01,0.02
33494,4095,0,-0.74,9.50,2.35,0.12,-0.02,-0.05
33547,4095,0,-0.74,9.56,2.15,0.16,0.07,-0.03
33600,4095,0,-0.78,9.63,2.09,0.12,0.00,0.01
33653,4095,0,-0.79,9.55,2.09,-0.12,-0.22,0.00
33706,4095,0,-0.66,9.66,2.38,-0.29,-0.34,-0.01
33759,4095,0,-0.70,9.53,2.68,-0.45,-0.41,-0.06
33812,4095,0,-0.71,9.42,2.84,-0.30,-0.30,-0.05
33865,4095,0,-0.81,9.47,2.88,-0.28,-0.05,-0.12
33918,4095,0,-0.93,9.39,3.02,-0.45,-0.07,-0.11
33971,4095,0,-0.88,9.38,3.48,-0.48,0.05,-0.21
34024,4095,61,-0.94,9.17,3.56,-0.20,0.05,-0.10
34077,4095,0,-1.02,9.27,3.56,-0.29,0.08,-0.15
34130,4095,0,-1.16,9.05,3.87,0.01,0.26,-0.15
34183,4095,96,-1.21,9.38,3.49,0.27,0.26,-0.04
34236,4095,0,-1.29,9.30,3.49,-0.26,0.10,-0.07
34289,4095,0,-1.54,8.93,3.70,-0.54,-0.39,-0.29
34342,4095,0,-1.30,9.16,4.14,0.08,-0.45,0.12
34395,4095,0,-1.10,9.16,4.27,-0.33,-0.13,-0.07
34448,4095,0,-1.29,9.09,4.24,-0.33,0.21,-0.12
34501,4095,0,-1.44,8.88,4.29,-0.26,0.24,-0.10
34554,4095,0,-1.69,8.92,4.23,-0.21,-0.05,-0.06
34607,4095,0,-1.52,8.81,4.57,-0.18,-0.41,-0.01
34660,4095,0,-1.56,8.72,4.60,-0.31,-0.42,0.05
34713,4095,0,-1.35,8.80,4.91,-0.52,-0.10,-0.01
34766,4095,0,-1.16,8.69,5.54,-0.71,0.33,-0.07
34819,4095,0,-1.39,8.25,6.06,-0.39,0.19,0.05
34872,4095,0,-1.57,8.28,5.57,-0.37,0.18,0.07
34925,4095,0,-1.97,7.92,5.78,-0.16,0.72,0.01
34978,4095,0,-2.39,8.49,4.96,0.39,0.91,0.19
35031,4095,0,-1.86,8.70,5.31,0.30,0.20,0.15
35084,4095,0,-2.20,8.23,5.07,0.16,-0.44,0.23
35137,4095,0,-1.43,8.39,5.46,0.41,-0.45,0.09
35190,4095,0,-1.65,8.44,4.51,1.13,-0.22,0.57
35243,4095,0,-1.10,9.72,4.06,0.22,-0.43,0.25
35296,4095,0,-1.21,8.83,4.31,-0.80,-0.38,-0.32
35349,4095,0,-1.02,8.56,4.98,-0.19,-0.66,0.07
35402,4095,0,-1.01,9.00,5.09,-0.80,-0.53,-0.03
35455,4095,0,-0.06,7.44,5.30,-0.63,-0.27,-0.15
35508,4095,0,-0.66,9.35,5.88,-0.36,0.12,-0.09
35561,4095,0,-1.08,8.25,5.79,-0.95,0.53,-0.04
35614,4095,0,-1.37,8.00,5.90,-0.41,0.57,0.05
35667,4095,0,-1.31,8.11,6.24,0.03,0.59,0.11
35720,4095,0,-1.58,8.09,5.86,-0.07,0.19,0.04
35773,4095,0,-1.59,8.22,5.93,-0.13,-0.31,0.04
35826,4095,0,-1.57,7.52,6.67,-0.25,-0.58,0.02
35879,4095,0,-1.35,7.78,6.53,-0.16,-0.70,-0.03
35932,4095,0,-0.99,8.68,5.86,0.65,-0.29,0.30
35985,4095,0,-1.18,8.02,6.31,0.39,0.07,0.03
36038,4095,0,-1.07,8.12,6.02,0.21,0.10,0.00
36091,4095,0,-1.16,8.65,5.18,0.73,0.43,0.16
36144,4095,0,-1.25,8.42,5.51,0.15,-0.30,0.02
36197,4095,0,-1.18,8.32,5.98,0.29,-1.08,-0.08
36250,4095,0,-0.89,8.14,5.68,0.64,-0.93,0.01
36303,4095,0,-0.80,8.65,4.75,0.66,-0.49,0.05
36356,4095,0,-0.42,9.41,5.15,-0.59,0.13,-0.02
36409,4095,0,-0.83,8.19,4.75,-0.52,0.57,0.00
36462,4095,0,-1.62,8.28,4.30,0.00,0.32,-0.01
36515,4095,0,-1.22,9.02,4.97,0.17,0.02,0.12
36568,4095,0,-0.98,8.62,5.24,-0.15,-0.51,0.04
36621,4095,0,-0.72,8.62,5.84,-0.17,-0.52,-0.03
36674,4095,0,-0.85,8.06,5.54,0.65,-0.27,0.00
36727,4095,0,-1.07,8.72,5.22,0.33,-0.21,0.09
36780,4095,0,-0.73,9.01,4.98,-1.44,-0.52,-0.43
36833,4095,0,-0.85,8.10,5.83,0.18,-0.02,0.04
36886,4095,0,-0.76,8.65,5.63,0.76,0.43,0.19
36939,4095,0,-0.89,8.66,4.79,0.99,0.41,0.48
36992,4095,0,-0.93,8.69,4.36,1.23,0.45,0.23
37045,4095,0,-0.72,9.42,3.81,1.42,0.39,0.25
37098,4095,0,-1.00,8.86,3.14,0.91,0.29,0.16
37151,4095,0,-0.83,9.18,2.96,1.01,-0.60,0.24
37204,4095,0,-1.04,9.51,1.35,0.48,-0.18,0.11
37257,4095,0,-0.32,9.32,2.47,0.00,-0.80,-0.06
37310,4095,0,-0.43,9.94,1.95,1.04,0.25,0.16
37363,4095,0,-0.08,10.16,1.24,0.88,0.49,0.06
37416,4095,0,-0.50,9.49,1.18,0.31,-0.38,0.07
37469,4095,0,-0.13,9.81,1.03,0.44,-0.30,0.18
37522,4095,0,-0.10,9.74,0.93,0.21,-0.16,0.04
37575,4095,0,-0.12,9.72,0.91,0.19,-0.03,-0.01
37628,4095,0,-0.10,9.70,0.63,0.17,-0.15,0.10
37681,4095,0,0.02,9.72,0.67,0.30,-0.35,0.21
37734,4095,0,0.01,9.66,0.25,0.53,0.17,0.04
37787,4095,0,-0.06,9.44,-0.06,0.50,-0.16,0.15
37840,4095,0,0.09,9.56,-0.68,0.31,-0.41,0.27
37893,4095,0,0.26,9.62,-0.06,0.53,-0.51,0.34
37946,4095,0,0.41,9.54,-0.42,0.37,-0.46,0.41
37999,4095,0,0.92,9.63,-0.76,0.39,-0.40,0.44
38052,4095,0,0.92,9.83,-0.81,0.26,-0.47,0.50
38105,4095,0,1.24,9.55,-1.04,0.16,-0.18,0.14
38158,4095,0,0.93,9.16,-1.07,-0.02,-0.03,-0.09
38211,4095,0,1.32,9.40,-1.26,0.66,-0.24,0.22
38264,4095,0,1.28,9.50,-1.88,0.20,-0.21,0.29
38317,4095,0,1.42,9.37,-1.56,0.59,0.09,0.30
38370,4095,0,1.99,9.63,-2.09,-0.04,-0.04,0.31
38423,4095,0,1.32,8.84,-2.22,1.01,-0.00,1.04
38476,4095,0,2.84,9.45,-2.09,0.71,0.80,0.22
38529,4095,0,2.77,8.80,-2.68,1.07,1.56,-0.48
38582,4095,0,2.13,8.42,-3.23,0.55,0.74,-0.05
38635,4095,0,2.49,8.76,-2.60,0.56,-0.17,0.59
38688,4095,0,3.21,8.67,-3.31,0.51,-0.11,0.38
38741,4095,0,3.20,8.09,-2.94,0.40,-0.44,1.05
38794,4095,0,3.43,8.08,-3.62,-0.25,-0.97,0.40
38847,4095,0,3.61,8.11,-3.49,-0.52,-0.90,0.52
38900,4095,0,3.64,8.23,-3.48,-0.23,-0.26,0.05
38953,4095,0,3.48,8.15,-3.47,0.33,0.02,0.00
39006,4095,0,4.08,8.50,-3.40,0.29,0.20,-0.01
39059,4095,0,3.75,8.03,-3.74,0.35,0.25,0.33
39112,4095,0,4.16,8.03,-3.90,0.02,-0.33,0.51
39165,4095,0,3.97,7.69,-3.60,-0.42,-0.96,0.63
39218,4095,0,4.10,7.83,-3.47,-0.29,-0.51,0.38
39271,4095,0,4.15,7.79,-3.70,-0.18,-0.68,0.36
39324,4095,0,4.35,7.72,-3.40,-0.48,-0.80,0.56
39377,4095,0,4.75,7.88,-3.38,-0.20,-0.53,0.09
39430,4095,0,4.24,7.95,-3.65,-0.23,-0.63,0.16
39483,4095,0,4.09,7.78,-3.58,-0.78,-0.94,0.30
39536,4095,0,3.98,7.94,-3.28,-0.57,-0.38,-0.03
39589,4095,0,4.08,8.04,-3.10,-0.09,-0.25,0.19
39642,4095,0,4.32,8.09,-2.93,-0.16,-0.24,0.17
39695,4095,0,4.35,8.03,-2.83,0.38,-0.11,0.17
39748,4095,0,4.46,7.96,-3.30,0.04,-0.27,0.35
39801,4095,0,4.43,7.79,-3.21,0.03,0.02,0.08
39854,4095,0,4.59,7.77,-3.30,0.46,0.07,0.10
39907,4095,0,4.54,7.73,-3.52,-0.13,-0.29,0.10
39960,4095,0,4.67,7.77,-3.24,-0.29,-0.45,0.12
40013,4095,0,4.74,7.81,-3.38,0.03,-0.29,0.14
40066,4095,0,4.62,7.76,-3.29,-0.12,-0.31,0.04
40119,4095,0,4.54,7.75,-3.28,-0.21,-0.49,0.09
40172,4095,0,4.67,7.79,-3.25,0.09,-0.30,0.08
40225,4095,0,4.55,7.69,-3.31,0.07,-0.12,0.06
40278,4095,0,4.62,7.70,-3.39,-0.05,-0.18,0.06
40331,4095,0,4.78,7.77,-3.37,-0.25,-0.28,0.03
40384,4095,0,4.76,7.79,-3.06,-0.12,-0.11,0.17
40437,4095,0,4.82,7.75,-3.14,-0.23,-0.02,0.04
40490,4095,0,4.86,7.82,-2.88,-0.17,0.01,0.01
40543,4095,0,4.82,7.89,-2.93,-0.23,-0.12,-0.01
40596,4095,0,4.80,7.99,-2.73,-0.47,-0.20,-0.05
40649,4095,0,4.69,8.02,-2.46,-0.54,-0.39,-0.02
40702,4095,0,4.68,8.11,-2.35,-0.41,-0.36,-0.01
40755,4095,0,4.67,8.13,-2.17,-0.20,-0.28,-0.03
40808,4095,0,4.81,8.26,-2.18,-0.36,-0.26,-0.07
40861,4095,0,4.50,8.35,-1.88,-0.48,-0.33,-0.17
40914,4095,0,4.38,8.38,-1.81,-0.27,-0.21,-0.11
40967,4095,0,4.52,8.46,-1.78,-0.05,-0.14,-0.04
41020,4095,0,4.41,8.44,-1.68,0.08,-0.05,0.01
41073,4095,0,4.42,8.44,-1.85,0.17,-0.00,0.05
41126,4095,0,4.55,8.41,-1.79,-0.05,-0.15,0.05
41179,4095,0,4.64,8.35,-1.68,0.18,0.07,0.07
41232,4095,0,4.65,8.25,-1.73,0.10,-0.05,0.11
41285,4095,0,4.87,8.46,-1.93,0.09,0.06,-0.06
41338,4095,0,4.57,8.31,-1.78,-0.16,-0.01,-0.16
41391,4095,0,4.69,8.40,-1.79,0.06,-0.03,0.04
41444,4095,0,4.69,8.30,-1.71,0.24,0.31,0.07
41497,4095,0,4.74,8.32,-1.76,0.05,0.33,-0.08
41550,4095,0,4.86,8.41,-1.54,-0.11,0.26,-0.21
41603,4095,0,4.67,8.42,-1.54,0.12,0.05,-0.14
41656,4095,0,4.89,8.50,-1.57,-0.02,-0.18,-0.12
41709,4095,0,4.65,8.47,-1.43,0.11,-0.25,-0.07
41762,4095,0,4.61,8.50,-1.58,-0.04,-0.40,0.03
41815,4095,0,4.65,8.44,-1.50,-0.01,-0.28,-0.03
41868,4095,0,4.59,8.40,-1.55,0.18,0.00,-0.03
41921,4095,0,4.65,8.40,-1.67,0.19,0.02,0.05
41974,4095,0,4.65,8.36,-1.71,0.10,-0.23,0.09
42027,4095,0,4.71,8.37,-1.72,0.02,-0.18,0.03
42080,4095,0,4.81,8.38,-1.70,0.00,-0.22,0.04
42133,4095,0,4.76,8.37,-1.75,0.00,-0.06,-0.07
42186,4095,0,4.67,8.37,-1.74,-0.05,-0.07,0.00
42239,4095,0,4.70,8.31,-1.63,0.01,-0.10,0.08
42292,4095,0,4.82,8.33,-1.54,0.17,0.08,0.00
42345,4095,0,4.93,8.35,-1.73,0.24,0.14,-0.01
42398,4095,0,4.89,8.32,-1.77,0.00,-0.09,-0.10
42451,4095,0,4.73,8.27,-1.63,-0.05,-0.19,-0.10
42504,4095,0,4.79,8.27,-1.62,0.12,-0.22,-0.01
42557,4095,0,4.78,8.32,-1.68,0.28,-0.14,0.09
42610,4095,0,4.87,8.23,-1.82,0.42,-0.11,0.08
42663,4095,0,4.99,8.04,-2.16,0.58,0.13,0.06
42716,4095,0,4.93,8.10,-2.34,0.27,-0.02,-0.01
42769,4095,0,5.02,7.95,-2.44,0.11,-0.14,0.01
42822,4095,0,5.05,8.03,-2.38,0.25,-0.00,0.02
42875,4095,0,4.82,7.91,-2.51,0.28,-0.04,0.07
42928,4095,0,5.03,7.91,-2.47,-0.06,-0.29,0.02
42981,4095,0,5.22,7.96,-2.37,-0.06,-0.21,0.02
43034,4095,0,5.15,7.94,-2.34,0.06,0.02,-0.08
43087,4095,0,5.14,7.91,-2.40,0.32,0.09,-0.03
43140,4095,0,5.09,7.84,-2.57,0.34,0.15,-0.06
43193,4095,0,5.06,7.80,-2.80,0.28,0.02,-0.06
43246,4095,0,4.99,7.80,-2.78,-0.05,-0.27,-0.10
43299,4095,0,4.91,7.86,-2.73,-0.21,-0.52,-0.06
43352,4095,0,4.87,7.90,-2.63,-0.18,-0.48,-0.10
43405,4095,0,4.75,7.97,-2.72,-0.25,-0.47,-0.16
43458,4095,0,4.59,8.00,-2.68,-0.09,-0.38,-0.11
43511,4095,0,4.65,8.02,-2.66,0.07,-0.26,-0.00
43564,4095,0,4.65,8.02,-2.75,0.13,-0.12,0.02
43617,4095,0,4.64,7.97,-2.75,0.20,-0.12,0.07
43670,4095,0,4.75,7.95,-2.81,0.19,-0.04,0.09
43723,4095,0,4.70,7.89,-2.96,0.18,-0.04,0.02
43776,4095,0,4.78,7.85,-2.93,0.19,-0.07,0.06
43829,4095,0,4.79,7.78,-3.02,0.15,-0.06,0.02
43882,4095,0,4.80,7.79,-2.99,0.12,-0.07,0.07
43935,4095,0,4.93,7.75,-3.02,0.08,-0.06,0.04
43988,4095,0,4.93,7.73,-3.06,0.06,-0.09,0.03
44041,4095,0,4.93,7.69,-3.04,0.07,-0.10,0.01
44094,4095,0,4.95,7.71,-3.10,0.07,-0.14,-0.00
44147,4095,0,4.99,7.73,-3.07,0.03,-0.13,-0.05
44200,4095,0,4.88,7.64,-3.07,0.03,-0.14,-0.04
44253,4095,0,4.92,7.68,-3.18,0.13,-0.16,-0.05
44306,4095,0,4.92,7.69,-3.17,0.16,-0.11,-0.09
44359,4095,0,4.85,7.66,-3.22,0.12,-0.11,-0.07
44412,4095,0,4.87,7.65,-3.25,0.07,-0.13,0.00
44465,4095,0,4.86,7.63,-3.27,-0.01,-0.16,-0.02
44518,4095,0,4.83,7.62,-3.19,0.03,-0.12,-0.03
44571,4095,0,4.88,7.63,-3.25,0.10,-0.09,-0.02
44624,4095,0,4.89,7.60,-3.29,0.12,-0.04,-0.04
44677,4095,0,4.82,7.58,-3.29,0.14,-0.03,-0.04
44730,4095,0,4.85,7.55,-3.34,0.05,-0.15,-0.02
44783,4095,0,4.91,7.58,-3.32,-0.01,-0.21,0.01
44836,4095,0,4.91,7.59,-3.30,0.04,-0.12,-0.03
44889,4095,0,4.93,7.58,-3.37,0.06,-0.09,-0.02
44942,4095,0,4.98,7.62,-3.39,-0.00,-0.07,-0.04
44995,4095,0,4.92,7.57,-3.28,0.29,0.17,-0.07
45048,4095,0,4.96,7.52,-3.56,0.22,0.02,0.02
45101,4095,0,4.99,7.51,-3.49,-0.18,-0.28,-0.02
45154,4095,0,4.94,7.53,-3.31,-0.06,-0.21,-0.01
45207,4095,0,4.96,7.51,-3.34,0.14,-0.06,-0.00
45260,4095,0,4.99,7.53,-3.43,0.05,-0.17,0.00
45313,4095,0,4.94,7.49,-3.40,-0.01,-0.18,-0.04
45366,4095,0,4.97,7.49,-3.42,0.05,-0.19,0.05
45419,4095,0,4.99,7.50,-3.49,-0.02,-0.13,-0.02
45472,4095,0,4.97,7.50,-3.39,0.05,-0.13,0.01
45525,4095,0,4.97,7.51,-3.48,0.02,-0.13,0.01
45578,4095,0,4.98,7.52,-3.43,-0.13,-0.17,-0.04
45631,4095,0,4.92,7.49,-3.38,-0.04,-0.10,0.01
45684,4095,0,4.97,7.54,-3.38,-0.09,-0.19,0.03
45737,4095,0,4.99,7.62,-3.25,-0.22,-0.31,-0.03
45790,4095,0,4.93,7.61,-3.14,0.05,-0.24,0.04
45843,4095,0,5.02,7.62,-3.33,0.03,-0.20,0.03
45896,4095,0,5.05,7.61,-3.35,0.07,-0.28,-0.05
45949,4095,0,4.98,7.59,-3.36,0.12,-0.09,0.04
46002,4095,0,4.99,7.59,-3.39,0.26,-0.05,-0.09
46055,4095,0,4.94,7.54,-3.45,0.54,0.20,-0.22
46108,4095,0,4.82,7.41,-3.64,0.52,0.13,-0.12
46161,4095,0,4.81,7.38,-3.81,0.39,-0.10,-0.37
46214,4095,0,4.48,7.35,-4.05,0.04,-0.50,-0.57
46267,4095,0,4.33,7.46,-3.84,-0.11,-0.27,-0.31
46320,4095,0,4.20,7.60,-3.95,-0.17,-0.24,-0.10
46373,4095,0,4.18,7.71,-3.62,-0.43,-0.44,0.02
46426,4095,0,4.18,7.76,-3.70,-0.07,-0.30,-0.08
46479,4095,0,3.94,7.78,-3.68,-0.25,-0.45,-0.14
46532,4095,0,3.67,7.91,-3.59,-0.16,-0.28,-0.26
46585,4095,0,4.18,8.22,-3.42,-0.07,-0.06,-0.06
46638,4095,0,4.01,8.05,-3.36,0.22,0.28,-0.13
46691,4095,0,3.98,8.22,-3.39,0.28,0.42,-0.50
46744,4095,0,3.63,8.16,-3.44,0.12,0.46,-0.40
46797,4095,0,3.87,8.28,-3.28,0.18,0.35,-0.37
46850,4095,0,3.60,8.23,-3.29,-0.18,0.35,-0.38
46903,4095,0,3.65,8.36,-3.12,-0.30,0.19,-0.36
46956,4095,0,3.54,8.44,-2.71,-0.20,0.00,-0.37
47009,4095,0,3.16,8.44,-2.87,0.05,0.06,-0.34
47062,4095,0,3.17,8.62,-2.84,-0.04,-0.17,-0.31
47115,4095,0,3.00,8.60,-2.70,-0.01,-0.27,-0.23
47168,4095,0,2.90,8.64,-2.91,0.16,-0.26,-0.07
47221,4095,0,2.81,8.55,-3.09,0.14,0.02,0.12
47274,4095,0,2.95,8.58,-2.78,0.14,-0.15,0.13
47327,4095,0,3.22,8.65,-2.89,0.03,-0.05,-0.04
47380,4095,0,3.05,8.60,-2.92,0.17,0.05,-0.17
47433,4095,0,2.90,8.47,-2.82,0.02,-0.11,-0.09
47486,4095,0,2.86,8.45,-2.94,0.07,-0.08,-0.06
47539,4095,0,2.86,8.53,-3.02,0.10,-0.30,-0.10
47592,4095,0,2.98,8.50,-3.19,0.06,-0.31,0.06
47645,4095,0,2.73,8.52,-3.11,-0.00,-0.25,0.11
47698,4095,0,3.00,8.50,-2.96,0.10,-0.35,-0.08
47751,4095,0,2.72,8.49,-3.42,-0.03,-0.18,-0.09
47804,4095,0,3.04,8.59,-3.18,-0.02,-0.34,-0.02
47857,4095,0,2.56,8.46,-3.13,0.08,-0.35,-0.15
47910,4095,0,2.75,8.58,-3.34,-0.04,-0.21,-0.02
47963,4095,0,2.62,8.68,-3.26,-0.22,-0.72,-0.15
48016,4095,0,2.50,8.61,-3.26,-0.00,-0.35,-0.07
48069,4095,0,2.40,8.63,-3.15,0.03,-0.24,0.06
48122,4095,0,2.31,8.56,-3.30,0.17,-0.17,-0.03
48175,4095,0,2.55,8.57,-3.39,0.15,-0.09,0.22
48228,4095,0,2.53,8.36,-3.29,0.19,-0.11,0.13
48281,4095,0,2.56,8.40,-3.59,0.28,-0.00,-0.02
48334,4095,0,2.59,8.38,-3.80,0.18,-0.08,0.01
48387,4095,0,2.56,8.40,-3.75,0.02,-0.32,0.04
48440,4095,0,2.70,8.38,-3.40,-0.11,-0.44,-0.01
48493,4095,0,2.57,8.24,-3.44,-0.11,-0.38,0.14
48546,4095,0,2.46,8.32,-3.58,0.14,-0.14,-0.04
48599,4095,0,2.40,8.35,-3.74,0.14,-0.10,-0.06
48652,4095,0,2.45,8.35,-3.79,0.04,-0.16,-0.05
48705,4095,0,2.54,8.40,-3.60,-0.01,-0.14,0.03
48758,4095,0,2.42,8.32,-3.79,0.10,-0.03,-0.05
48811,4095,0,2.60,8.36,-3.80,0.07,-0.10,0.01
48864,4095,0,2.54,8.34,-3.90,0.13,-0.18,-0.06
48917,4095,0,2.47,8.28,-3.91,0.11,-0.08,-0.02
48970,4095,0,2.43,8.28,-3.87,-0.03,-0.21,-0.03
49023,4095,0,2.45,8.33,-3.82,-0.03,-0.22,-0.02
49076,4095,0,2.40,8.29,-3.82,0.04,-0.17,0.04
49129,4095,0,2.45,8.34,-3.83,-0.02,-0.18,-0.01
49182,4095,0,2.31,8.29,-3.86,-0.01,-0.21,-0.12
49235,4095,0,2.40,8.30,-3.82,0.10,-0.10,-0.01
49288,4095,0,2.33,8.30,-4.01,0.06,-0.21,-0.08
49341,4095,0,2.37,8.32,-3.91,-0.03,-0.17,-0.04
49394,4095,0,2.37,8.31,-3.92,-0.00,-0.12,-0.03
49447,4095,0,2.35,8.31,-3.82,0.08,-0.17,-0.03
49500,4095,0,2.33,8.30,-3.87,0.07,-0.06,-0.06
49553,4095,0,2.31,8.28,-4.00,0.03,-0.17,-0.02
49606,4095,0,2.29,8.21,-3.85,0.01,-0.29,0.01
49659,4095,0,2.23,8.22,-3.83,0.09,-0.14,-0.02
49712,4095,0,2.15,8.23,-3.99,0.03,-0.22,-0.02
49765,4095,0,2.30,8.33,-4.01,0.03,-0.16,-0.01
49818,4095,0,2.22,8.25,-3.96,0.05,-0.11,-0.03
49871,4095,0,2.07,8.19,-3.95,0.07,-0.07,-0.03
49924,4095,0,2.47,8.29,-3.87,0.12,-0.08,0.02
49977,4095,0,2.11,8.11,-4.05,0.18,-0.01,0.05
50030,4095,0,2.33,8.20,-4.14,0.10,-0.07,-0.13
50083,4095,0,2.26,8.08,-4.11,0.10,-0.17,-0.02
50136,4095,0,2.27,8.19,-4.34,0.07,-0.18,-0.02
50189,4095,0,2.32,8.20,-4.26,-0.00,-0.17,-0.03
50242,4095,0,2.18,8.08,-4.21,0.01,-0.19,0.01
50295,4095,0,2.32,8.21,-4.28,-0.04,-0.23,-0.02
50348,4095,0,2.23,8.17,-4.21,0.04,-0.15,-0.05
50401,4095,0,2.28,8.18,-4.27,0.01,-0.16,0.03
50454,4095,0,2.20,8.11,-4.19,0.01,-0.16,0.05
50507,4095,0,2.17,8.16,-4.23,-0.01,-0.21,-0.03
50560,4095,0,2.29,8.21,-4.28,-0.01,-0.25,0.12
50613,4095,0,2.25,8.19,-4.28,0.11,-0.04,-0.03
50666,4095,0,2.31,8.11,-4.31,0.20,0.09,-0.04
50719,4095,0,2.23,8.11,-4.34,0.15,-0.02,0.01
50772,4095,0,2.38,8.16,-4.51,0.04,-0.10,-0.07
50825,4095,0,2.27,8.01,-4.43,-0.10,-0.22,0.02
50878,4095,0,2.38,8.07,-4.34,-0.04,-0.37,-0.00
50931,4095,0,2.22,8.05,-4.25,0.05,-0.17,-0.22
50984,4095,0,2.09,8.13,-4.50,-0.12,-0.30,-0.01
51037,4095,0,2.20,8.25,-4.22,0.01,-0.24,-0.24
51090,4095,0,2.14,8.28,-4.30,0.10,-0.11,-0.27
51143,4095,0,1.89,8.08,-4.26,0.14,0.24,-0.26
51196,4095,0,1.98,8.13,-4.42,0.15,0.15,0.16
51249,4095,0,2.19,8.25,-4.37,-0.12,-0.12,-0.03
51302,4095,0,2.13,8.25,-4.26,-0.18,-0.16,-0.00
51355,4095,0,1.97,8.28,-4.15,-0.45,-0.29,0.07
51408,4095,0,1.94,8.35,-3.52,-0.76,-0.25,-0.01
51461,4095,0,1.84,8.59,-3.38,-0.59,-0.22,-0.07
51514,4095,0,2.03,9.04,-3.02,-0.72,-0.06,-0.14
51567,4095,0,1.79,8.79,-2.82,-0.41,0.32,-0.15
51620,4095,0,2.13,9.08,-2.70,-0.09,-0.07,-0.33
51673,4095,0,1.95,8.99,-2.77,0.09,-0.22,0.13
51726,4095,0,2.11,9.07,-2.71,-0.09,-0.35,0.24
51779,4095,0,2.02,8.95,-2.24,-0.23,-0.34,0.02
51832,4095,0,1.45,8.74,-2.42,0.12,-0.01,-0.00
51885,4095,0,1.79,8.90,-2.66,0.22,-0.04,0.03
51938,4095,0,1.82,8.84,-2.94,-0.00,-0.25,-0.02
51991,4095,0,1.70,8.83,-2.75,-0.12,-0.51,-0.02
52044,4095,0,1.71,8.88,-2.49,0.17,-0.38,0.07
52097,4095,0,1.90,8.93,-2.90,0.36,-0.20,0.24
52150,4095,0,2.12,8.88,-2.98,0.22,-0.10,0.17
52203,4095,0,2.11,8.80,-3.02,0.05,-0.25,0.09
52256,4095,0,2.08,8.76,-2.85,0.01,-0.32,0.08
52309,4095,0,2.12,8.80,-2.92,0.02,-0.17,-0.05
52362,4095,0,2.16,8.89,-3.13,0.24,-0.01,-0.01
52415,4095,0,2.34,8.72,-2.78,0.11,0.01,0.10
52468,4095,0,2.07,8.70,-3.21,0.04,-0.08,0.07
52521,4095,0,2.31,8.88,-3.11,0.03,-0.27,-0.38
52574,4095,0,2.14,8.77,-3.25,0.03,-0.15,0.06
52627,4095,0,1.96,8.75,-3.53,-0.12,-0.34,0.17
52680,4095,0,2.25,8.67,-2.67,0.02,-0.19,-0.01
52733,4095,0,2.01,8.75,-3.36,0.36,-0.06,0.20
52786,4095,0,2.56,8.81,-3.21,0.35,-0.08,-0.08
52839,4095,0,2.28,8.55,-3.36,0.35,-0.04,-0.07
52892,4095,0,2.25,8.71,-3.87,0.01,-0.32,0.10
52945,4095,0,1.99,8.56,-3.52,-0.32,-0.62,0.39
52998,4095,0,2.04,8.44,-2.94,0.15,-0.07,-0.02
53051,4095,0,2.09,8.58,-3.67,0.48,0.28,0.30
53104,4095,0,2.04,8.46,-3.91,0.16,-0.14,0.02
53157,4095,0,1.92,8.30,-3.83,-0.20,-0.43,0.06
53210,4095,0,2.90,9.18,-3.55,-0.50,-0.72,-0.30
53263,4095,0,2.06,8.56,-3.40,0.00,-0.46,0.29
53316,4095,0,1.60,8.14,-3.40,0.35,0.04,0.03
53369,4095,0,2.17,8.47,-3.87,0.18,-0.04,0.22
53422,4095,0,2.31,8.67,-3.78,-0.29,-0.46,-0.04
53475,4095,0,1.62,8.15,-3.28,-0.23,-0.46,-0.03
53528,4095,0,2.61,9.27,-3.80,-1.20,-0.33,0.77
53581,4095,0,2.15,8.98,-2.82,-2.48,-1.18,0.15
53634,4095,0,2.21,9.14,-1.10,-0.90,-0.61,0.32
53687,4095,0,2.12,9.19,-1.39,-0.33,0.05,0.36
53740,4095,0,2.56,9.51,-0.93,-0.35,-0.09,0.19
53793,4095,0,2.36,9.19,-1.40,-0.01,0.12,0.66
53846,4095,0,2.60,9.52,-1.40,0.11,0.11,0.32
53899,4095,0,2.64,9.41,-1.09,-0.46,-0.19,-0.24
53952,4095,0,2.09,9.22,-0.56,-0.62,-0.40,-0.60
54005,4095,0,2.51,9.57,-0.45,-0.01,0.11,0.21
54058,4095,0,2.13,9.35,-0.68,0.18,-0.04,-0.14
54111,4095,0,2.22,9.28,-0.64,0.17,-0.29,0.05
54164,4095,0,2.03,9.28,-1.22,-0.42,-0.41,0.04
54217,4095,0,1.99,9.02,0.15,-0.98,-0.78,-0.60
54270,4095,0,1.91,9.39,0.06,-0.83,-0.80,-0.39
54323,4095,0,1.81,9.54,0.56,-0.43,-0.20,-0.34
54376,4095,0,1.56,9.54,0.61,0.08,-0.13,-0.29
54429,4095,0,1.40,9.62,0.42,0.06,0.03,-0.14
54482,4095,0,1.52,9.67,0.33,0.03,-0.05,-0.02
54535,4095,0,1.53,9.57,0.39,0.34,0.15,0.33
54588,4095,0,2.10,9.77,-0.05,0.45,0.01,0.29
54641,4095,0,2.40,9.99,-0.26,0.09,0.24,-0.15
54694,4095,0,2.17,9.73,-0.07,0.11,0.21,0.09
54747,4095,0,2.00,9.75,-0.52,-0.94,-0.69,0.29
54800,4095,0,1.52,9.15,0.77,-1.83,-1.41,-0.66
54853,4095,0,1.26,9.66,1.33,-1.60,-0.69,-0.46
54906,4095,0,1.15,9.27,2.22,-1.57,-0.23,-0.31
54959,4095,0,1.55,9.67,3.06,-1.35,-1.06,0.06
55012,4095,0,2.00,10.58,3.48,-0.95,-0.85,0.18
55065,4095,0,1.22,9.31,4.57,-0.73,-0.67,-0.47
55118,4095,0,0.42,9.01,6.84,-1.06,-0.72,-1.59
55171,4095,0,-1.25,13.17,3.30,3.49,0.28,1.56
55224,4095,0,0.58,4.12,1.70,1.45,1.44,-0.81
55277,4095,0,2.69,9.69,3.90,-0.77,1.27,-0.71
55330,4095,0,-1.39,9.86,7.35,-2.05,2.03,-0.44
55383,4095,0,-2.98,10.28,6.86,1.01,3.36,1.61
55436,4095,0,1.11,8.77,-0.76,2.91,-1.22,1.60
55489,4095,0,-0.61,7.77,-0.32,-0.71,-1.77,0.04
55542,4095,0,-0.17,13.17,4.71,-1.15,-0.65,0.51
55595,4095,0,1.41,8.05,-0.48,5.35,-2.13,0.10
55648,4095,0,3.91,5.61,0.79,-3.36,-4.12,-1.01
55701,4095,0,-6.36,12.45,4.09,0.26,-3.00,-0.92
55754,4095,0,3.64,13.18,3.61,0.24,1.34,-0.13
55807,4095,0,2.32,8.61,2.84,0.76,-1.64,0.52
55860,4095,0,-1.82,8.88,2.44,-1.08,0.25,-0.08
55913,4095,0,3.78,11.02,1.88,-0.77,-0.33,-0.06
55966,4095,0,-3.45,10.90,3.50,0.52,-0.86,-0.72
56019,4095,0,-2.82,8.67,3.87,-0.03,3.58,-0.44
56072,4095,0,5.55,10.25,4.70,0.47,1.41,0.72
56125,4095,0,-2.22,9.48,2.92,-0.36,-1.27,-0.72
56178,4095,0,1.28,11.27,1.71,-0.00,-1.19,-1.38
56231,4095,0,-3.94,6.76,2.88,-0.23,-0.27,-0.20
56284,4095,0,-7.31,6.34,-0.83,-0.02,6.93,-1.62
56337,4095,0,-0.64,10.61,-3.53,0.24,-0.54,-0.74
56390,4095,0,0.43,9.22,1.92,0.49,-4.12,-0.72
56443,4095,0,-3.87,9.27,2.62,-1.84,0.10,-0.07
56496,4095,0,-0.90,9.02,1.80,0.75,0.81,-0.10
56549,4095,0,0.74,9.86,2.09,-0.63,1.51,0.59
56602,4095,0,-0.83,8.98,0.38,0.88,-0.38,-0.62
56655,4095,0,-0.85,9.77,2.18,-0.14,0.81,0.71
56708,4095,0,0.55,10.74,2.18,-0.45,-0.41,-1.25
56761,4095,0,-0.00,8.02,3.44,0.29,-1.41,-0.74
56814,4095,0,-1.93,8.16,2.09,-0.33,-0.91,-0.58
56867,4095,0,-2.37,10.73,2.51,-0.45,0.60,0.31
56920,4095,0,-1.17,9.52,0.70,0.95,0.62,0.66
56973,4095,0,0.14,7.55,3.10,0.68,-1.05,-0.07
57026,4095,0,-2.32,8.95,2.77,-0.81,-0.94,0.70
57079,4095,0,-2.72,11.77,2.00,-0.66,0.37,0.83
57132,4095,0,-0.71,11.21,3.34,1.02,0.40,0.22
57185,4095,0,-0.30,8.86,2.20,0.30,-0.47,-0.05
57238,4095,0,0.29,10.96,4.42,-0.26,-1.06,-0.44
57291,4095,0,-3.06,4.56,-5.99,2.47,-2.47,0.86
57344,4095,0,-1.68,12.60,2.31,-1.40,-2.58,-0.89
57397,4095,0,-2.41,8.51,4.45,1.63,-2.54,-0.19
57450,4095,0,-2.15,6.84,4.45,-1.98,2.05,-0.94
57503,4095,0,1.64,12.79,3.43,0.32,2.00,1.14
57556,4095,0,1.55,9.38,1.38,1.32,-0.65,-0.03
57609,4095,0,0.28,8.03,2.38,-0.00,-2.22,-0.44
57662,4095,0,-0.95,9.93,3.90,0.26,-2.62,-0.10
57715,4095,0,-5.02,8.74,2.89,0.97,-0.98,0.17
57768,4095,0,-3.46,7.84,1.30,-0.85,0.24,-0.19
57821,4095,0,-1.23,11.65,2.56,-1.53,0.79,0.35
57874,4095,0,0.08,11.82,4.57,1.21,-0.46,-0.40
57927,4095,0,-1.64,6.95,2.27,0.67,-0.35,-0.53
57980,4095,0,-1.23,8.71,3.00,-0.44,0.04,-0.54
58033,4095,0,-0.72,9.36,3.82,0.25,0.44,-0.31
58086,4095,0,-0.16,8.48,3.39,0.53,-0.14,0.17
58139,4095,0,-1.58,7.77,2.08,-0.15,-0.30,0.40
58192,4095,0,-1.68,11.10,1.95,-0.93,-0.53,0.58
58245,4095,0,-3.67,11.12,3.64,1.16,-0.88,0.44
58298,4095,0,-2.82,8.80,1.65,0.24,0.51,-0.28
58351,4095,0,-0.48,9.42,3.29,0.09,0.66,-0.78
58404,4095,0,0.60,9.00,2.89,0.30,0.27,0.84
58457,4095,0,-0.27,9.77,1.82,-0.89,-1.25,0.46
58510,4095,0,-2.12,12.06,2.38,-0.22,-0.76,0.24
58563,4095,0,-3.33,8.41,3.60,1.09,0.05,0.01
58616,4095,0,-0.40,7.81,1.20,-1.05,2.34,-1.76
58669,4095,0,1.13,11.34,1.81,0.22,1.89,0.34
58722,4095,0,0.62,8.39,0.33,0.85,-0.42,-0.28
58775,4095,0,-0.75,6.14,1.48,-0.24,-1.66,0.38
58828,4095,0,-0.31,10.29,3.82,-1.93,-1.26,0.16
58881,4095,0,-1.51,12.22,3.23,1.05,-1.49,1.10
58934,4095,0,-3.64,9.06,4.33,0.84,-0.34,0.16
58987,4095,0,-0.18,11.36,4.53,-0.41,0.56,-0.46
59040,4095,0,-0.98,9.34,3.67,1.02,-0.59,-0.25
59093,4095,0,-1.88,7.41,2.71,-0.34,0.64,-0.98
59146,4095,0,-0.62,8.35,1.77,-0.68,0.83,-0.81
59199,4095,0,0.45,8.68,2.58,-0.78,0.95,-0.22
59252,4095,0,1.76,10.50,3.31,-0.60,0.34,0.40
59305,4095,0,-0.21,9.66,1.62,0.06,-1.71,0.87
59358,4095,0,-4.80,6.38,4.75,1.09,0.50,1.89
59411,4095,0,1.82,11.58,1.79,-1.75,1.24,-0.32
59464,4095,0,2.38,11.56,4.70,0.74,-1.15,0.03
59517,4095,0,-2.87,7.40,5.78,1.83,-1.11,0.88
59570,4095,0,-1.84,7.73,3.33,-0.52,0.32,0.10
59623,4095,0,0.41,11.07,2.58,-1.10,0.10,0.28
59676,4095,0,-1.26,10.84,2.11,-0.27,-0.58,-0.16
59729,4095,0,-0.65,8.87,4.25,-0.16,0.47,-0.67
59782,4095,0,2.05,11.10,4.61,0.26,0.57,-0.56
59835,4095,4095,-0.33,7.81,2.05,0.40,-0.26,-0.16
59888,4095,4095,-0.46,8.30,2.95,-0.56,0.28,-0.46
59941,4095,4095,0.74,9.68,3.38,0.24,0.26,-0.11
59994,4095,4095,-0.47,6.99,2.98,0.17,-0.86,0.55
60047,4095,157,1.19,10.61,3.35,-0.08,-0.05,0.60
60100,4095,388,-1.70,9.13,4.00,1.00,-0.68,0.85
60153,4095,4095,-0.90,8.69,3.59,0.00,0.45,-0.03
60206,4095,179,0.89,9.57,3.55,-0.07,-0.10,-0.03
60259,4095,29,0.22,9.42,3.30,-0.47,0.00,-0.03
60312,4095,555,0.06,9.78,2.98,-0.32,-0.27,0.10
60365,4095,0,0.12,9.53,3.75,-0.25,-0.14,0.18
60418,4095,0,0.51,10.33,3.69,0.17,-0.03,0.24
60471,4095,0,-1.36,11.21,3.16,-0.11,-0.64,-0.39
60524,4095,0,0.33,8.10,3.19,0.00,0.57,-0.84
60577,4095,0,0.80,9.25,4.36,0.33,-0.20,-0.09
60630,4095,0,-0.31,8.77,3.05,-0.24,-0.23,0.25
60683,4095,0,-0.04,9.79,2.35,-0.05,-0.62,0.17
60736,4095,0,0.48,10.70,3.56,0.02,0.37,0.02
60789,4095,0,-1.50,9.45,3.19,0.88,-0.64,0.24
60842,4095,0,-0.80,8.35,2.72,-0.50,0.55,-0.54
60895,4095,0,0.91,9.97,3.51,-0.10,-0.47,0.11
60948,4095,0,-0.67,8.91,2.92,-0.17,-0.23,0.24
61001,4095,0,0.65,9.56,3.65,-0.17,0.07,0.05
61054,4095,0,0.34,9.77,3.49,0.07,-0.32,0.42
61107,4095,0,-0.53,9.72,3.12,-0.02,0.10,-0.02
61160,4095,0,1.26,9.90,3.34,-0.20,-0.03,-0.09
61213,4095,0,-0.51,9.30,3.49,0.17,-0.44,0.15
61266,4095,0,0.05,9.77,3.45,-0.11,0.14,-0.26
61319,4095,0,0.52,9.50,3.69,0.21,-0.30,-0.07
61372,4095,0,0.07,8.82,3.45,-0.07,-0.07,-0.11
61425,4095,0,0.74,9.72,3.28,-0.13,0.01,0.01
61478,4095,0,-0.17,9.30,3.52,0.10,-0.34,0.23
61531,4095,0,0.19,9.53,3.37,-0.06,0.05,-0.02
61584,4095,0,0.00,9.30,3.52,0.17,-0.28,0.08
61637,4095,0,0.32,9.67,3.59,-0.07,0.12,-0.02
61690,4095,0,0.21,9.23,3.68,0.07,-0.19,0.06
61743,4095,0,0.32,9.35,3.43,-0.09,0.06,0.10
61796,4095,0,0.31,10.04,3.57,-0.20,0.09,-0.00
61849,4095,0,0.09,9.28,3.46,-0.11,-0.26,-0.05
61902,4095,0,0.64,8.53,3.73,-0.35,0.11,-0.19
61955,4095,0,0.03,10.08,3.71,0.31,-0.05,0.14
62008,4095,0,0.36,9.26,3.46,-0.04,-0.02,0.00
62061,4095,0,0.48,9.54,3.60,0.14,-0.10,0.21
62114,4095,0,0.28,9.85,3.19,-0.00,-0.19,0.12
62167,4095,0,0.32,9.13,3.55,-0.10,0.00,-0.18
62220,4095,0,0.43,9.76,3.93,0.04,-0.12,-0.08
62273,4095,0,0.40,9.25,3.48,0.08,-0.11,-0.02
62326,4095,0,0.53,8.73,3.52,-0.11,-0.11,0.07
62379,4095,0,0.50,10.01,3.68,0.04,-0.14,0.08
62432,4095,0,0.32,9.40,3.42,0.09,-0.18,0.05
62485,4095,0,0.18,9.45,3.39,0.03,-0.18,-0.09
62538,4095,0,0.45,9.63,3.56,0.12,-0.07,-0.16
62591,4095,0,0.40,9.25,3.21,0.14,0.02,-0.18
62644,4095,0,0.42,8.88,3.93,-0.09,-0.31,-0.03
62697,4095,0,0.47,9.71,3.29,-0.03,-0.05,0.00
62750,4095,0,0.25,9.08,3.19,0.36,-0.31,0.13
62803,4095,0,0.38,9.64,3.46,-0.06,0.03,0.00
62856,4095,0,0.31,9.36,3.59,0.10,-0.26,0.09
62909,4095,0,0.32,9.39,3.53,-0.11,-0.06,-0.01
62962,4095,0,0.26,9.48,3.56,-0.07,-0.20,-0.03
63015,4095,0,0.62,9.63,3.21,-0.11,-0.04,-0.07
63068,4095,0,0.22,9.23,3.39,0.16,-0.22,0.04
63121,4095,0,0.74,9.36,3.36,-0.08,0.02,0.03
63174,4095,0,0.25,9.52,3.51,0.09,-0.23,0.14
63227,4095,0,0.31,9.54,3.43,0.03,-0.09,0.01
63280,4095,0,0.36,9.50,3.57,-0.10,-0.16,-0.05
63333,4095,0,0.55,9.45,3.47,-0.02,-0.07,-0.07
63386,4095,0,0.57,9.31,3.49,0.13,-0.22,0.01
63439,4095,0,0.55,9.41,3.50,-0.05,0.03,-0.01
63492,4095,0,0.43,9.25,3.29,0.14,-0.17,0.04
63545,4095,0,0.69,9.74,3.35,0.08,-0.18,-0.01
63598,4095,0,0.70,8.49,3.24,-0.02,-0.14,0.02
63651,4095,0,0.55,9.81,3.22,-0.05,-0.19,0.00
63704,4095,0,0.68,8.82,3.34,0.03,-0.07,0.07
63757,4095,0,0.24,10.07,3.98,-0.22,-0.22,-0.01
63810,4095,0,0.32,9.75,2.55,0.03,-0.24,0.01
63863,4095,0,0.17,9.53,3.82,0.00,-0.12,-0.29
63916,4095,0,0.21,9.54,3.62,0.07,0.45,-0.28
63969,4095,0,0.63,9.26,3.29,0.06,0.05,-0.23
64022,4095,0,0.39,9.36,3.60,-0.01,-0.10,-0.07
64075,4095,0,0.40,9.83,2.88,0.06,-0.17,-0.18
64128,4095,0,0.16,9.50,3.20,0.08,-0.46,-0.26
64181,4095,0,-0.03,9.44,3.84,0.09,-0.46,-0.21
64234,4095,0,-0.22,9.22,3.95,-0.02,-0.16,-0.09
64287,4095,0,0.97,9.36,2.62,-0.36,-0.23,-0.18
64340,4095,0,-0.94,10.25,3.75,-0.05,-0.96,-0.28
64393,4095,0,-0.90,9.15,3.76,-0.09,0.00,-0.46
64446,4095,0,0.20,9.59,3.76,0.02,-0.35,-0.45
64499,4095,0,-0.74,9.02,3.55,-0.04,-0.36,-0.30
64552,4095,0,-0.79,9.41,3.78,0.05,-0.34,-0.24
64605,4095,0,-1.17,9.00,3.78,0.07,-0.10,-0.22
64658,4095,0,-0.82,9.30,3.67,0.04,-0.08,-0.20
64711,4095,0,-0.49,9.36,3.36,-0.12,-0.11,-0.35
64764,4095,0,-0.82,9.49,3.85,0.26,-0.86,-0.01
64817,4095,0,-1.64,8.24,4.15,0.18,0.12,-0.08
64870,4095,0,-1.00,8.95,4.04,-0.31,-0.29,-0.03
64923,4095,0,-1.31,9.23,4.21,-0.19,-0.14,0.21
64976,4095,0,-0.42,9.85,3.13,0.02,-0.06,0.21
65029,4095,0,-0.96,9.32,3.57,0.08,-0.18,0.04
65082,4095,0,-0.76,9.33,3.45,0.21,-0.38,0.02
65135,4095,0,-0.74,9.34,3.64,0.19,-0.16,-0.07
65188,4095,0,-0.68,9.61,3.78,0.17,-0.21,-0.05
65241,4095,0,-0.33,8.00,2.92,-0.03,0.20,-0.19
65294,4095,0,-0.82,10.37,3.71,0.11,-0.44,0.05
65347,4095,0,-0.68,9.04,3.23,0.27,-0.30,-0.21
65400,4095,0,0.05,8.76,3.56,-0.16,0.16,-0.22
65453,4095,0,-0.27,9.05,2.94,-0.21,-0.43,0.20
65506,4095,0,-1.40,10.32,4.54,0.31,-0.39,0.46
65559,4095,0,-0.74,8.77,3.39,0.26,0.03,0.08
65612,4095,0,-0.38,9.07,3.64,0.02,0.07,-0.18
65665,4095,0,0.12,8.94,2.94,-0.25,0.16,-0.30
65718,4095,0,-0.17,9.70,2.42,-0.55,-0.26,-0.04
65771,4095,0,-1.00,10.05,3.73,-0.01,-0.38,0.22
65824,4095,0,-0.94,9.44,3.77,0.34,-0.10,0.05
65877,4095,0,-0.43,8.83,3.91,0.36,-0.01,0.02
65930,4095,0,-0.48,9.39,3.77,0.05,-0.35,0.28
65983,4095,0,-1.04,9.84,3.81,0.06,-0.43,0.35
66036,4095,0,-2.25,10.02,4.48,-0.89,0.66,-0.58
66089,4095,0,4.08,13.35,5.36,0.63,0.59,0.32
66142,4095,0,-3.06,6.43,2.55,0.78,-1.06,0.36
66195,4095,0,-0.17,9.46,2.47,-1.34,0.88,-0.58
66248,4095,0,1.88,11.14,2.98,0.36,-0.28,0.21
66301,4095,0,-1.62,8.15,2.84,0.24,-0.52,0.37
66354,4095,0,0.61,10.32,3.44,0.18,0.06,0.20
66407,4095,0,-0.84,9.52,3.68,0.51,-0.71,0.35
66460,4095,0,-1.39,8.16,3.79,-0.30,0.53,-0.29
66513,4095,0,1.31,9.46,2.39,-0.59,1.15,-0.18
66566,4095,0,2.44,11.45,3.06,0.38,-0.64,0.19
66619,4095,0,-0.40,8.12,3.91,0.95,-0.91,0.26
66672,4095,0,0.30,8.36,3.17,-0.55,-0.25,-0.13
66725,4095,0,-0.33,9.37,3.17,-0.45,-0.05,-0.01
66778,4095,0,0.70,11.67,3.33,-0.06,-0.45,0.06
66831,4095,0,-0.63,9.75,4.20,0.63,-1.10,-0.19
66884,4095,0,0.54,7.63,3.58,-0.42,0.01,-0.52
66937,4095,0,0.53,9.14,3.71,-0.65,-0.48,0.01
66990,4095,0,0.67,10.81,3.60,-0.59,-0.07,-0.03
67043,4095,0,-0.60,10.55,2.82,0.36,-0.90,-0.27
67096,4095,0,-0.17,8.68,3.76,0.74,-0.19,-0.51
67149,4095,0,0.65,9.18,3.70,0.72,-0.86,0.01
67202,4095,0,-0.55,9.11,3.97,0.62,-0.13,0.28
67255,4095,0,0.74,9.26,2.65,0.34,-0.64,0.01
67308,4095,0,-0.14,6.86,3.24,-0.73,0.26,-0.34
67361,4095,0,0.95,11.54,3.01,-0.33,-0.74,0.07
67414,4095,0,-0.21,8.81,2.90,-0.23,-0.04,0.19
67467,4095,0,1.52,10.09,2.82,-0.48,-0.18,0.28
67520,4095,0,-0.64,9.00,3.71,0.43,-0.99,0.45
67573,4095,0,0.16,10.91,3.51,0.01,0.69,-0.45
67626,4095,0,0.39,10.11,3.50,0.65,0.79,-0.59
67679,4095,0,0.96,7.13,2.15,1.04,0.82,0.53
67732,4095,0,1.55,7.11,2.59,-1.56,-0.10,0.17
67785,4095,0,1.28,11.88,4.86,-1.52,-1.28,0.34
67838,4095,0,-0.33,11.07,3.46,0.58,-0.43,0.41
67891,4095,0,0.51,10.28,2.84,0.46,-0.38,-0.71
67944,4095,0,0.73,7.47,4.13,0.55,-0.13,-1.20
67997,4095,0,2.87,9.23,3.52,-1.05,-0.08,-0.37
68050,4095,0,-0.21,9.57,2.85,-0.16,-1.16,0.67
68103,4095,0,-0.39,9.52,3.79,0.22,-0.45,0.16
68156,4095,0,1.71,8.95,2.87,-0.31,0.14,0.06
68209,4095,0,1.22,8.77,4.84,-0.13,0.13,-0.20
68262,4095,0,1.57,9.33,5.51,0.22,-0.09,0.00
68315,4095,0,0.25,8.07,4.60,0.49,-0.01,0.26
68368,4095,0,0.30,8.03,3.42,0.12,0.26,0.48
68421,4095,0,0.88,9.48,3.63,-0.76,0.44,0.26
68474,4095,0,1.78,11.43,4.05,-0.33,-0.15,0.34
68527,4095,0,0.18,10.25,3.44,0.20,-0.36,-0.09
68580,4095,0,0.30,9.98,2.66,-1.16,0.78,-0.93
68633,4095,0,1.41,11.34,4.49,0.25,-0.76,-0.29
68686,4095,0,0.48,6.74,4.89,0.71,0.37,-0.03
68739,4095,0,1.98,9.41,4.94,-0.24,0.14,0.15
68792,4095,0,1.29,9.56,2.93,0.12,-0.84,0.57
68845,4095,0,-0.15,8.86,4.64,-0.06,0.05,0.24
68898,4095,0,1.77,10.06,3.41,-0.16,0.17,-0.05
68951,4095,0,0.62,8.47,4.66,0.24,-0.27,0.13
69004,4095,0,1.23,9.27,4.19,0.00,0.23,-0.09
69057,4095,0,1.41,9.66,4.36,0.15,-0.12,0.02
69110,4095,0,0.97,9.12,4.25,0.23,0.09,0.07
69163,4095,0,1.50,9.28,3.34,0.44,-0.07,0.13
69216,4095,0,1.50,8.50,3.54,0.10,-0.13,0.13
69269,4095,0,1.08,10.39,4.67,-0.29,0.08,-0.00
69322,4095,0,1.86,11.19,2.49,-0.17,-0.47,-0.14
69375,4095,0,1.16,8.53,3.79,0.91,-0.75,-0.16
69428,4095,0,1.19,7.11,4.58,-0.03,0.04,-0.41
69481,4095,0,1.69,8.78,3.94,-0.58,0.02,-0.06
69534,4095,0,1.10,9.70,4.83,-0.70,-0.33,0.36
69587,4095,0,1.36,9.26,4.13,-0.51,-0.01,0.43
69640,4095,0,1.64,9.44,3.98,-0.40,-0.02,0.11
69693,4095,0,0.74,9.49,4.59,-0.21,-0.19,-0.43
69746,4095,0,2.47,8.02,4.11,0.43,0.50,-0.03
69799,4095,0,2.62,9.42,4.10,0.46,-0.35,0.53
69852,4095,0,0.70,9.33,5.00,0.51,-0.74,0.32
69905,4095,0,0.78,8.55,4.61,-0.42,0.30,-0.41
69958,4095,0,2.28,9.22,4.41,-0.59,0.03,-0.41
70011,4095,0,1.79,8.53,4.56,-0.47,-0.40,-0.08
70064,4095,0,1.50,9.79,3.79,-0.11,-0.02,0.13
70117,4095,0,0.87,8.29,5.02,1.34,-0.04,0.24
70170,4095,0,1.91,9.31,4.24,0.66,0.31,-0.07
70223,4095,0,1.59,9.03,4.39,0.20,-0.52,-0.21
70276,4095,0,0.98,8.36,3.84,0.06,0.01,-0.17
70329,4095,0,2.18,9.31,4.13,-0.41,-0.12,-0.12
70382,4095,0,0.48,9.82,3.79,0.07,-0.37,-0.09
70435,4095,0,0.90,9.30,3.97,0.31,0.39,-0.18
70488,4095,0,1.99,8.48,3.62,0.38,0.33,-0.04
70541,4095,0,1.73,9.74,3.74,0.03,-0.22,0.20
70594,4095,0,1.21,9.57,3.54,0.18,-0.55,0.42
70647,4095,0,0.36,9.69,3.98,0.06,-0.21,0.27
70700,4095,0,1.41,9.80,2.98,-0.25,0.16,0.09
70753,4095,0,1.58,9.80,3.44,0.02,-0.08,-0.05
70806,4095,0,1.44,9.23,3.72,0.14,-0.11,-0.15
70859,4095,0,1.43,9.09,3.36,0.05,0.05,-0.21
70912,4095,0,2.14,8.94,3.33,0.07,-0.05,-0.12
70965,4095,0,1.61,9.48,3.22,-0.05,-0.28,0.02
71018,4095,0,1.39,9.23,3.42,0.13,-0.22,0.09
71071,4095,0,1.28,9.30,3.38,0.07,-0.05,-0.04
71124,4095,0,1.46,9.49,3.48,0.01,-0.05,-0.12
71177,4095,0,1.73,9.03,3.41,0.04,-0.11,-0.03
71230,4095,0,1.83,9.20,3.29,-0.22,-0.34,0.12
71283,4095,0,1.26,9.42,3.62,0.03,-0.46,0.24
71336,4095,0,0.77,9.98,3.88,-0.13,-0.21,0.09
71389,4095,0,1.47,9.97,3.38,-0.01,-0.04,-0.02
71442,4095,0,1.57,9.50,3.25,0.36,-0.10,-0.06
71495,4095,0,1.89,9.57,3.05,0.26,-0.16,-0.03
71548,4095,0,1.53,8.45,3.85,0.36,-0.21,0.10
71601,4095,0,1.87,9.68,3.11,-0.17,-0.06,0.10
71654,4095,0,1.22,9.89,3.61,0.06,-0.22,0.10
71707,4095,0,1.66,9.62,3.14,-0.11,0.02,-0.23
71760,4095,0,1.41,9.24,3.30,0.08,0.07,-0.24
71813,4095,0,1.89,8.78,3.36,-0.21,0.17,-0.20
71866,4095,0,1.50,9.31,3.28,-0.06,-0.22,0.06
71919,4095,0,1.76,8.94,3.61,0.04,-0.04,0.27
71972,4095,0,1.78,9.42,3.45,0.02,-0.29,0.38
72025,4095,0,1.12,9.90,3.56,0.06,-0.14,0.14
72078,4095,0,1.44,9.35,3.69,0.07,-0.07,-0.14
72131,4095,0,1.96,9.09,3.68,-0.10,0.13,-0.20
72184,4095,0,1.66,9.03,3.57,-0.12,-0.27,-0.06
72237,4095,0,1.81,9.14,3.61,-0.27,-0.02,-0.04
72290,4095,0,1.53,9.49,3.61,-0.19,-0.15,0.05
72343,4095,0,1.41,9.81,3.86,-0.00,-0.24,0.04
72396,4095,0,1.09,9.08,3.87,0.26,-0.08,-0.08
72449,4095,0,2.22,8.83,3.92,-0.03,0.07,-0.09
72502,4095,0,1.52,9.18,3.85,0.00,-0.34,0.14
72555,4095,0,1.33,9.07,4.09,-0.03,-0.15,0.06
72608,4095,0,1.61,9.46,3.95,-0.05,-0.08,-0.02
72661,4095,0,1.47,9.25,3.77,0.14,-0.17,-0.02
72714,4095,0,1.72,9.02,3.82,-0.02,0.05,-0.09
72767,4095,0,1.94,9.40,3.94,0.09,-0.15,0.12
72820,4095,0,1.36,8.97,3.83,0.10,-0.25,0.13
72873,4095,0,1.53,9.39,3.92,-0.04,-0.07,-0.03
72926,4095,0,1.65,9.35,3.88,-0.03,-0.11,-0.06
72979,4095,0,1.48,9.14,3.79,-0.04,-0.14,-0.07
73032,4095,0,1.85,9.21,3.82,-0.02,-0.02,-0.03
73085,4095,0,1.65,9.42,3.72,0.02,-0.20,0.10
73138,4095,0,1.59,9.15,4.13,0.07,-0.12,0.18
73191,4095,0,1.53,9.51,4.12,0.08,-0.15,0.28
73244,4095,0,1.03,9.17,3.84,0.14,-0.37,0.08
73297,4095,0,1.73,8.61,3.80,-0.19,0.34,-0.48
73350,4095,0,2.65,9.86,3.71,-0.48,0.03,-0.35
73403,4095,0,1.50,9.62,3.62,0.08,-0.49,0.21
73456,4095,0,1.30,9.30,3.89,0.21,-0.13,0.16
73509,4095,0,2.00,9.02,4.03,0.35,-0.13,0.16
73562,4095,0,1.38,8.57,3.99,0.25,-0.18,0.07
73615,4095,0,2.39,8.95,3.68,-0.17,-0.07,-0.15
73668,4095,0,2.15,9.45,3.70,-0.36,-0.34,-0.16
73721,4095,0,1.66,9.53,3.52,-0.13,-0.25,-0.05
73774,4095,0,1.65,9.08,3.79,0.09,-0.08,-0.11
73827,4095,0,2.30,8.68,3.72,-0.05,-0.02,-0.02
73880,4095,0,2.05,9.27,3.84,0.13,-0.36,0.28
73933,4095,0,1.44,9.24,4.62,0.10,-0.24,0.28
73986,4095,0,1.80,9.17,5.25,0.01,-0.06,0.46
74039,4095,0,1.31,9.35,4.16,-0.09,-0.19,0.17
74092,4095,0,1.65,9.18,3.87,-0.16,0.13,-0.67
74145,4095,0,3.00,8.11,3.78,-0.37,0.44,-0.80
74198,4095,0,2.77,9.44,3.92,-0.29,-0.33,-0.16
74251,4095,0,1.41,8.80,4.45,0.32,-0.39,0.58
74304,4095,0,1.53,8.78,3.91,0.36,-0.02,0.40
74357,4095,0,2.21,9.17,3.93,0.05,0.07,-0.12
74410,4095,0,2.53,9.26,4.19,-0.08,-0.03,-0.14
74463,4095,0,1.74,8.94,4.23,-0.13,-0.30,-0.01
74516,4095,0,1.45,8.56,5.14,0.15,0.03,0.26
74569,4095,0,2.65,8.79,3.20,-0.36,0.36,0.17
74622,4095,0,1.85,10.32,5.00,0.32,-0.18,0.31
74675,4095,0,1.55,8.87,4.08,0.17,-0.26,0.07
74728,4095,0,1.86,8.54,4.60,0.00,0.17,-0.25
74781,4095,0,2.43,8.81,4.24,-0.09,-0.02,-0.25
74834,4095,0,1.99,8.38,4.20,-0.12,0.02,-0.10
74887,4095,0,2.39,9.38,4.08,-0.22,-0.01,0.02
74940,4095,0,2.16,9.53,4.05,0.15,-0.22,0.25
74993,4095,0,1.66,9.01,4.15,0.16,-0.08,0.01
75046,4095,0,1.92,8.55,4.37,0.11,0.06,-0.15
75099,4095,0,2.42,9.07,4.27,-0.11,-0.17,-0.03
75152,4095,0,1.81,8.89,4.71,0.10,-0.25,0.17
75205,4095,0,1.73,9.12,4.39,-0.01,-0.26,0.09
75258,4095,0,1.70,9.05,4.60,0.05,-0.13,0.01
75311,4095,0,1.94,8.92,4.30,0.07,-0.03,-0.05
75364,4095,0,2.27,8.99,4.33,-0.09,0.03,-0.05
75417,4095,0,2.22,9.06,4.27,-0.03,-0.21,0.05
75470,4095,0,1.94,9.02,4.24,-0.04,-0.12,-0.04
75523,4095,0,2.35,9.05,4.35,0.10,-0.10,0.06
75576,4095,0,1.91,8.95,4.41,0.11,-0.12,0.09
75629,4095,0,2.06,8.86,4.27,0.06,-0.11,0.01
75682,4095,0,2.13,8.95,4.50,0.04,-0.11,-0.01
75735,4095,0,2.07,9.05,4.25,-0.10,-0.12,-0.08
75788,4095,0,1.91,9.05,4.49,0.04,-0.12,-0.05
75841,4095,0,2.09,8.80,4.44,-0.02,-0.08,-0.05
75894,4095,0,2.09,9.09,4.48,0.02,-0.14,0.04
75947,4095,0,2.03,9.13,4.28,-0.01,-0.15,0.03
76000,4095,0,2.02,9.03,4.50,0.04,-0.17,0.03
76053,4095,0,2.08,9.05,4.35,0.00,-0.14,-0.04
76106,4095,0,2.01,8.69,4.39,0.02,-0.11,-0.01
76159,4095,0,2.21,9.01,4.55,-0.01,-0.14,0.01
76212,4095,0,2.01,9.11,4.41,0.07,-0.22,0.07
76265,4095,0,1.90,8.92,4.31,0.00,-0.10,-0.04
76318,4095,0,2.26,9.02,4.55,0.05,-0.07,-0.05
76371,4095,0,1.91,8.70,4.55,0.05,-0.13,-0.04
76424,4095,0,2.25,8.90,4.34,-0.11,-0.06,-0.05
76477,4095,0,2.01,8.91,4.54,0.03,-0.22,0.10
76530,4095,0,1.92,9.21,4.50,0.06,-0.20,0.04
76583,4095,0,2.02,8.88,4.51,0.03,-0.09,-0.04
76636,4095,0,2.36,9.20,4.57,0.03,-0.08,-0.02
76689,4095,0,1.66,8.99,3.94,0.10,-0.15,-0.08
76742,4095,0,2.01,9.83,4.07,-0.10,-0.33,-0.26
76795,4095,0,2.76,8.68,4.57,-0.11,-0.07,-0.08
76848,4095,0,1.52,8.65,4.14,0.20,-0.26,-0.00
76901,4095,0,2.12,9.35,4.93,0.08,-0.06,-0.08
76954,4095,0,1.83,8.63,4.21,0.10,-0.28,-0.00
77007,4095,0,1.60,9.31,4.58,-0.04,-0.23,-0.14
77060,4095,0,2.33,9.31,4.19,-0.02,-0.19,-0.14
77113,4095,0,1.38,8.89,4.77,0.02,-0.10,-0.05
77166,4095,0,1.81,9.42,4.37,-0.18,-0.11,-0.30
77219,4095,0,1.53,8.09,4.00,0.10,-0.17,-0.14
77272,4095,0,2.06,9.02,5.01,-0.13,0.04,-0.06
77325,4095,0,1.52,8.89,4.16,-0.01,-0.29,0.15
77378,4095,0,1.72,9.57,4.43,0.03,-0.16,0.14
77431,4095,0,0.94,8.15,4.79,0.21,-0.40,0.25
77484,4095,0,2.43,8.82,4.75,-0.11,0.25,-0.03
77537,0,0,1.99,8.33,4.33,0.03,-0.31,0.09
77590,0,0,2.43,8.76,4.52,-0.12,0.04,0.02
77643,4095,0,2.02,9.02,4.53,-0.20,-0.22,0.06
77696,4095,0,2.32,9.36,4.60,-0.00,-0.11,0.15
77749,4095,0,1.88,8.91,4.28,-0.05,-0.03,-0.05
77802,4095,0,2.36,9.50,4.04,-0.15,0.03,-0.22
77855,4095,0,2.25,8.41,4.73,0.09,-0.23,0.08
77908,4095,0,1.96,8.88,4.80,-0.05,-0.33,0.21
77961,4095,0,1.33,8.83,5.37,0.11,-0.22,0.22
78014,4095,0,1.90,9.04,4.85,0.08,-0.05,0.17
78067,4095,0,1.42,9.19,5.26,0.34,-0.22,-0.00
78120,4095,0,2.04,7.92,4.46,0.02,0.26,-0.41
78173,4095,0,2.77,8.34,4.54,-0.45,0.04,-0.35
78226,4095,0,2.71,9.67,4.76,-0.31,-0.10,-0.01
78279,4095,0,1.98,9.47,4.75,0.49,-0.45,0.43
78332,0,0,1.19,8.41,4.21,0.30,-0.04,-0.03
78385,0,0,2.46,8.90,4.89,0.10,0.03,-0.21
78438,0,0,2.38,8.54,4.30,-0.13,-0.13,-0.18
78491,0,0,2.26,8.62,4.99,-0.14,-0.11,0.08
78544,0,0,2.24,8.93,4.57,-0.04,-0.16,0.25
78597,0,0,1.92,9.45,4.36,0.04,-0.18,0.10
78650,0,0,1.75,8.52,4.85,0.21,0.08,-0.09
78703,0,0,2.69,8.41,4.83,-0.01,0.37,-0.07
78756,0,0,2.28,8.60,4.41,-0.24,-0.02,0.21
78809,0,0,1.50,9.30,4.78,-0.21,-0.22,0.21
78862,0,0,2.36,9.48,4.60,0.03,-0.23,0.06
78915,0,0,1.62,9.06,5.09,0.30,-0.30,-0.05
78968,0,0,2.51,8.12,5.03,0.03,0.24,-0.22
79021,0,0,2.65,8.40,4.49,-0.00,-0.30,-0.01
79074,0,0,2.10,9.17,4.40,-0.14,-0.22,-0.08
79127,0,0,1.90,8.78,5.03,0.22,-0.16,-0.03
79180,0,0,2.63,8.77,4.35,0.01,0.12,-0.13
79233,0,0,2.35,9.66,4.46,0.28,-0.20,-0.03
79286,4095,0,1.40,8.96,5.06,0.47,0.05,-0.03
79339,4095,0,2.46,6.90,2.89,0.07,0.06,-0.28
79392,4095,0,1.43,8.81,7.07,-0.39,0.17,0.09
79445,4095,0,3.37,10.63,3.70,-0.07,-0.02,0.52
79498,4095,0,0.38,8.43,4.51,0.24,-0.19,0.25
79551,4095,0,2.21,9.29,4.69,-0.39,0.41,-0.20
79604,4095,0,2.67,8.86,3.80,-0.10,0.21,-0.23
79657,4095,0,2.18,9.59,4.43,-0.07,-0.36,-0.14
79710,4095,0,1.43,8.33,5.01,0.45,-0.38,0.20
79763,4095,0,2.13,8.47,4.76,-0.03,-0.09,-0.05
79816,4095,0,1.65,8.34,5.07,-0.09,-0.27,0.10
79869,4095,0,1.98,9.10,4.84,-0.29,0.10,0.16
79922,4095,0,2.44,9.27,4.48,-0.14,0.04,0.09
79975,4095,0,2.10,8.94,4.61,0.07,-0.47,0.00
80028,4095,0,1.90,8.55,4.82,0.08,-0.25,-0.18
80081,4095,0,2.39,8.44,5.29,0.10,-0.17,-0.02
80134,4095,0,2.16,8.51,5.09,0.13,-0.30,0.28
80187,4095,0,1.60,9.64,4.86,-0.01,-0.15,0.04
80240,4095,0,2.08,9.29,4.19,0.14,-0.03,-0.25
80293,4095,0,2.27,8.28,4.92,-0.05,-0.01,-0.30
80346,4095,0,2.33,8.59,4.74,-0.16,-0.25,-0.13
80399,4095,0,2.01,8.67,4.54,0.03,-0.38,0.09
80452,0,0,2.21,9.01,5.08,0.22,-0.18,0.21
80505,0,0,1.94,9.13,4.72,0.33,-0.49,0.28
80558,0,0,1.98,8.70,4.98,0.14,-0.15,0.01
80611,0,0,2.54,8.23,4.20,-0.08,-0.20,-0.10
80664,0,0,2.55,9.03,4.74,-0.16,-0.56,-0.07
80717,0,0,2.16,9.41,4.65,0.01,-0.50,-0.06
80770,0,0,2.48,9.75,4.13,0.20,-0.32,-0.10
80823,0,0,2.03,9.41,4.53,0.11,-0.04,-0.25
80876,0,0,2.70,8.57,4.10,0.09,-0.02,-0.30
80929,0,0,1.95,8.23,4.62,-0.01,-0.03,-0.20
80982,0,0,2.56,9.49,4.34,-0.08,-0.05,-0.10
81035,0,0,1.86,9.17,4.12,0.20,-0.21,0.00
81088,0,0,1.93,9.48,4.25,0.08,-0.09,-0.04
81141,0,0,2.10,9.67,4.78,0.15,-0.05,-0.09
81194,0,0,0.83,7.83,3.79,0.16,-0.46,-0.32
81247,4095,0,2.42,8.04,4.40,-0.40,0.43,-0.41
81300,4095,0,2.22,9.22,4.26,-0.22,-0.30,0.24
81353,4095,0,1.91,9.23,4.22,0.24,-0.27,0.68
81406,4095,0,2.70,9.39,4.53,0.18,-0.02,0.37
81459,4095,0,1.37,9.61,4.46,0.18,-0.29,0.03
81512,4095,0,1.76,9.46,4.93,0.31,0.20,-0.22
81565,4095,0,2.00,7.84,3.81,0.13,0.00,-0.12
81618,4095,0,2.14,9.00,3.98,-0.43,0.17,-0.18
81671,4095,0,1.85,9.32,4.41,-0.06,-0.31,0.03
81724,4095,0,1.85,8.91,4.76,-0.04,0.08,0.09
81777,4095,0,1.67,9.53,4.38,0.11,-0.11,0.01
81830,4095,0,1.74,8.90,4.44,0.14,0.27,-0.11
81883,4095,0,2.07,9.12,4.12,-0.02,-0.02,-0.10
81936,4095,0,1.68,8.89,4.02,-0.01,-0.11,-0.07
81989,4095,0,1.77,8.98,4.45,0.03,-0.03,-0.11
82042,4095,0,1.84,8.97,4.13,0.19,-0.01,-0.00
82095,4095,0,1.58,8.87,4.34,0.23,-0.02,0.02
82148,4095,0,1.85,8.71,4.19,0.01,0.03,-0.03
82201,4095,0,1.63,9.25,4.17,0.04,-0.13,0.06
82254,4095,0,1.69,8.79,4.25,-0.08,-0.04,-0.03
82307,4095,0,1.62,9.36,4.00,-0.08,-0.12,-0.04
82360,4095,0,1.73,9.30,4.13,0.08,-0.17,0.07
82413,4095,0,1.44,8.99,4.43,0.10,-0.10,0.03
82466,4095,0,1.77,9.12,4.24,0.02,-0.18,0.04
82519,4095,0,1.53,9.03,4.22,0.01,-0.12,0.01
82572,4095,0,1.60,9.21,4.16,-0.01,-0.08,-0.09
82625,4095,0,1.75,9.16,4.21,0.04,-0.14,-0.06
82678,4095,0,1.52,9.13,4.01,0.15,-0.04,-0.07
82731,0,0,1.84,9.04,4.41,0.19,0.06,0.04
82784,0,0,1.27,9.20,3.93,0.07,-0.30,0.02
82837,0,0,1.70,9.09,4.16,-0.04,-0.00,0.00
82890,4095,0,1.59,9.14,4.02,-0.17,-0.20,-0.05
82943,4095,0,1.47,9.46,3.99,-0.00,-0.11,-0.05
82996,4095,0,1.65,9.03,4.00,0.05,-0.09,-0.08
83049,4095,0,1.76,9.01,4.20,0.19,-0.04,0.07
83102,4095,0,1.51,8.90,4.34,-0.01,-0.25,0.09
83155,4095,0,1.67,9.25,4.23,-0.15,-0.13,0.05
83208,4095,0,1.45,9.03,4.14,-0.09,-0.25,-0.00
83261,4095,0,1.56,9.36,4.38,-0.15,-0.00,-0.15
83314,4095,0,1.86,8.93,4.24,0.05,-0.11,-0.06
83367,4095,0,1.56,8.77,4.34,-0.06,-0.11,0.02
83420,4095,0,2.00,8.89,4.55,-0.00,-0.16,0.15
83473,4095,0,1.42,9.14,4.38,-0.03,-0.25,0.17
83526,4095,0,1.41,9.09,4.41,0.07,-0.12,-0.01
83579,4095,0,1.69,9.16,4.45,0.01,-0.09,-0.05
83632,4095,0,1.71,8.98,4.59,0.10,-0.30,0.09
83685,4095,0,1.64,8.84,4.35,0.02,-0.27,0.09
83738,4095,0,1.98,8.82,4.00,-0.10,-0.34,0.12
83791,4095,0,1.80,9.19,4.64,-0.13,-0.31,0.02
83844,4095,0,2.31,8.84,4.22,0.08,-0.40,0.03
83897,4095,0,2.32,9.42,4.30,-0.02,-0.32,0.13
83950,4095,0,1.76,8.88,4.48,0.14,-0.16,-0.01
84003,4095,0,2.52,8.98,4.44,-0.05,-0.06,-0.04
84056,4095,0,2.31,9.38,4.12,-0.05,-0.06,-0.05
84109,4095,0,2.25,8.83,4.47,0.04,-0.07,-0.06
84162,4095,0,2.36,9.02,4.34,-0.06,0.08,-0.15
84215,0,0,2.21,8.75,4.44,0.09,-0.00,-0.04
84268,0,0,2.10,9.02,4.36,-0.00,0.03,0.03
84321,0,0,1.70,9.01,4.46,0.06,-0.13,0.04
84374,4095,0,1.55,8.84,4.59,0.04,-0.08,-0.05
84427,4095,0,2.08,8.98,4.23,-0.01,-0.05,-0.11
84480,4095,0,1.90,9.08,4.37,-0.05,-0.08,-0.12
84533,4095,0,1.91,8.84,4.50,0.04,-0.12,-0.01
84586,0,0,2.13,9.35,4.46,-0.03,-0.04,-0.06
84639,0,0,1.62,9.10,4.71,0.28,-0.21,0.10
84692,0,0,1.63,8.71,4.38,0.15,-0.07,-0.03
84745,0,0,2.01,8.47,4.56,-0.01,-0.02,-0.08
84798,0,0,2.01,9.48,4.16,-0.08,-0.21,0.08
84851,0,0,1.47,9.19,4.43,0.02,-0.11,-0.01
84904,0,0,2.16,9.14,4.58,0.05,-0.05,0.02
84957,0,0,1.67,9.12,4.48,0.15,-0.11,0.03
85010,0,0,1.82,8.91,4.19,0.01,0.01,0.02
85063,0,0,1.95,9.13,4.54,0.06,-0.10,0.06
85116,0,0,1.73,8.94,4.27,-0.04,-0.05,-0.00
85169,0,0,2.01,9.36,4.29,0.09,-0.12,-0.02
85222,0,0,1.69,8.59,4.28,0.06,-0.03,-0.07
85275,0,0,2.33,9.25,4.20,-0.05,-0.04,-0.06
85328,0,0,1.66,8.87,4.30,0.05,-0.20,0.06
85381,0,0,1.94,8.81,4.40,-0.08,-0.05,-0.03
85434,0,0,1.82,9.11,4.41,0.04,-0.25,0.07
85487,0,0,1.80,9.13,4.32,-0.00,-0.10,0.02
85540,0,0,1.85,9.28,4.40,0.09,-0.16,0.00
85593,0,0,1.94,8.62,4.33,-0.01,-0.10,-0.07
85646,0,0,2.03,9.09,4.36,-0.01,-0.18,0.01
85699,0,0,1.61,8.91,4.38,0.04,-0.05,-0.05
85752,0,0,2.19,9.00,4.43,-0.06,-0.06,-0.04
85805,0,0,1.74,9.07,4.52,0.01,-0.28,0.07
85858,0,0,1.64,8.90,4.37,-0.06,-0.17,-0.01
85911,0,0,1.94,8.92,4.58,-0.05,-0.13,-0.04
85964,0,0,1.85,9.19,4.24,0.04,-0.15,0.01
86017,0,0,1.89,9.18,4.58,0.11,-0.04,-0.05
86070,0,0,2.13,8.94,4.36,0.10,-0.11,0.01
86123,0,0,1.70,8.75,4.48,-0.00,-0.15,-0.01
86176,0,0,2.06,8.96,4.49,-0.09,-0.19,-0.00
86229,0,0,1.68,9.11,4.35,-0.05,-0.18,-0.03
86282,0,0,1.89,8.91,4.40,-0.05,-0.08,-0.08
86335,0,0,1.91,8.94,4.50,0.04,-0.13,-0.02
86388,0,0,1.95,8.94,4.47,0.06,-0.12,0.04
86441,0,0,1.85,9.04,4.58,0.09,-0.20,0.08
86494,0,0,1.79,8.92,4.53,0.02,-0.11,-0.01
86547,0,0,1.89,9.24,4.53,0.02,-0.13,-0.06
86600,0,0,1.81,8.67,4.55,-0.02,-0.11,-0.09
86653,0,0,2.12,8.99,4.45,-0.17,-0.15,-0.07
86706,0,0,1.66,8.97,4.43,-0.00,-0.19,0.03
86759,0,0,1.99,8.92,4.61,0.04,-0.13,0.03
86812,0,0,1.76,9.05,4.51,0.01,-0.16,0.03
86865,0,0,2.09,8.88,4.53,0.01,-0.13,0.03
86918,0,0,1.89,8.99,4.53,-0.02,-0.21,0.05
86971,0,0,1.83,8.96,4.64,0.03,-0.13,0.03
87024,0,0,1.87,8.99,4.69,-0.04,-0.12,-0.07
87077,0,0,2.01,8.83,4.61,0.05,-0.08,-0.05
87130,0,0,1.98,8.97,4.38,-0.01,-0.14,-0.07
87183,0,0,1.93,8.92,4.69,0.05,-0.10,-0.01
87236,0,0,1.84,8.82,4.49,0.04,-0.16,0.02
87289,0,0,1.96,8.80,4.66,0.02,-0.11,0.03
87342,0,0,1.94,9.29,4.41,0.04,-0.14,0.02
87395,0,0,1.87,8.53,4.70,0.06,-0.14,-0.01
87448,0,0,2.05,8.98,4.60,-0.10,-0.07,-0.08
87501,0,0,1.95,8.91,4.58,0.06,-0.25,0.04
87554,0,0,1.84,8.94,4.71,-0.04,-0.10,-0.04
87607,0,0,2.01,9.01,4.53,0.04,-0.14,-0.01
87660,0,0,1.81,8.73,4.59,0.06,-0.12,0.00
87713,0,0,2.19,9.03,4.70,0.00,-0.07,0.04
87766,0,0,1.65,8.90,4.50,0.04,-0.26,0.04
87819,0,0,1.98,8.80,4.77,-0.02,-0.05,-0.05
87872,0,0,2.11,8.92,4.52,-0.05,-0.13,-0.06
87925,0,0,2.09,9.03,4.55,0.01,-0.15,-0.04
87978,0,0,1.94,8.72,4.61,0.05,-0.15,0.04
88031,0,0,1.89,8.94,4.49,0.01,-0.14,-0.05
88084,0,0,1.93,9.02,4.71,0.03,-0.14,-0.00
88137,0,0,1.82,8.90,4.59,-0.00,-0.13,-0.02
88190,0,0,2.03,9.04,4.66,-0.02,-0.10,-0.04
88243,0,0,1.82,8.77,4.64,0.00,-0.20,-0.02
88296,0,0,1.97,8.90,4.64,-0.01,-0.06,-0.04
88349,0,0,1.92,8.93,4.77,0.13,-0.11,0.08
88402,0,0,1.77,9.00,4.66,0.03,-0.13,0.05
88455,0,0,1.93,8.90,4.62,0.04,-0.08,-0.03
88508,0,0,2.00,8.95,4.67,-0.02,-0.11,-0.08
88561,0,0,1.96,8.76,4.50,-0.02,-0.09,-0.07
88614,0,0,2.08,8.88,4.55,-0.00,-0.12,-0.05
88667,0,0,2.04,9.00,4.56,0.05,-0.16,0.07
88720,0,0,1.75,8.83,4.56,0.09,-0.20,0.05
88773,0,0,2.08,8.92,4.72,0.02,-0.05,-0.03
88826,0,0,1.87,8.77,4.55,-0.01,-0.18,0.00
88879,0,0,1.98,9.21,4.73,-0.07,-0.14,-0.05
88932,0,0,1.56,8.86,5.21,0.15,-0.05,-0.02
88985,0,0,1.43,7.88,5.26,0.16,0.45,0.02
89038,0,0,2.26,9.31,4.42,-0.04,0.01,0.02
89091,0,0,2.16,9.41,4.26,-0.01,-0.31,0.18
89144,0,0,1.59,9.76,4.79,-0.14,-0.46,0.15
89197,0,0,1.18,8.03,4.62,0.46,-0.31,-0.15
89250,0,0,2.23,7.54,4.87,-0.24,0.46,-0.45
89303,0,0,2.68,9.22,4.65,-0.04,-0.36,0.09
89356,0,0,1.49,8.99,4.74,0.04,-0.26,0.24
89409,0,0,1.61,9.13,4.89,0.15,-0.26,0.17
89462,0,0,1.61,8.91,4.70,0.10,-0.05,-0.06
89515,0,0,1.90,8.83,4.66,0.02,-0.02,-0.15
89568,0,0,2.12,8.80,4.69,-0.07,-0.11,-0.06
89621,0,0,1.97,8.89,4.64,-0.06,-0.22,0.03
89674,0,0,1.74,8.83,4.69,0.02,-0.18,0.04
89727,0,0,1.89,8.97,4.55,0.05,-0.06,-0.02
89780,0,0,2.11,8.96,4.82,0.09,-0.12,0.06
89833,0,0,1.82,8.63,4.56,0.02,-0.22,0.06
89886,0,0,1.93,8.93,4.73,-0.01,-0.12,0.02
89939,0,0,1.75,9.03,4.71,-0.01,-0.18,-0.03
89992,0,0,2.09,8.74,4.70,0.02,0.01,-0.06
90045,0,0,1.92,8.98,4.64,0.07,-0.23,0.04
90098,0,0,2.06,8.78,4.73,0.01,-0.06,0.01
90151,0,0,1.97,8.97,4.75,0.08,-0.17,0.02
90204,0,0,1.82,8.81,4.63,-0.00,-0.09,-0.07
90257,0,0,2.07,8.83,4.57,0.00,-0.13,-0.03
90310,0,0,1.96,9.04,4.57,-0.00,-0.17,0.02
90363,0,0,1.79,8.82,4.76,0.01,-0.10,-0.01
90416,0,0,2.03,8.88,4.71,0.04,-0.15,-0.01
90469,0,0,1.93,8.78,4.59,-0.03,-0.12,-0.05
90522,0,0,2.13,9.00,4.78,0.01,-0.16,0.01
90575,0,0,1.76,8.82,4.78,0.06,-0.21,0.04
90628,0,0,1.92,8.84,4.77,0.02,-0.04,-0.04
90681,0,0,1.99,8.98,4.62,0.04,-0.20,0.01
90734,0,0,1.94,9.05,4.61,-0.04,-0.08,-0.08
90787,0,0,2.07,8.77,4.75,0.05,-0.18,0.06
90840,0,0,1.71,8.68,4.74,0.04,-0.12,0.00
90893,0,0,2.15,8.80,4.69,0.01,-0.13,0.01
90946,0,0,1.88,8.88,4.80,-0.04,-0.14,-0.00
90999,0,0,1.97,8.95,4.65,-0.00,-0.17,-0.01
91052,0,0,1.77,8.83,4.78,0.00,-0.09,-0.05
91105,0,0,2.22,9.03,4.75,-0.02,-0.12,-0.01
91158,0,0,1.90,8.66,4.60,0.04,-0.19,0.03
91211,0,0,2.05,9.11,4.88,0.08,-0.16,0.04
91264,0,0,1.84,8.76,4.75,0.02,-0.13,-0.03
91317,0,0,2.03,8.91,4.63,0.01,-0.10,-0.07
91370,0,0,2.01,8.71,4.78,0.02,-0.11,-0.04
91423,0,0,2.02,9.07,4.75,-0.01,-0.17,-0.00
91476,0,0,1.77,8.63,4.67,0.05,-0.11,-0.01
91529,0,0,2.13,9.02,4.68,0.04,-0.15,-0.00
91582,0,0,1.78,8.67,4.86,0.06,-0.13,0.02
91635,0,0,2.01,8.82,4.64,-0.01,-0.13,-0.02
91688,0,0,1.99,8.87,4.72,0.01,-0.11,-0.02
91741,0,0,1.99,8.78,4.68,-0.01,-0.13,-0.05
91794,0,0,2.10,8.97,4.66,-0.02,-0.13,-0.02
91847,0,0,1.91,8.84,4.70,0.03,-0.17,0.03
91900,0,0,2.04,9.04,4.70,0.07,-0.15,0.05
91953,0,0,1.91,8.79,4.66,0.06,-0.15,0.03
92006,0,0,2.23,8.83,4.94,-0.07,-0.03,-0.01
92059,0,0,1.95,9.08,4.72,-0.03,-0.30,0.01
92112,0,0,1.72,8.68,4.89,-0.00,-0.05,-0.04
92165,0,0,2.15,8.72,4.66,0.02,-0.06,-0.06
92218,0,0,2.10,8.76,4.75,0.02,-0.22,0.04
92271,0,0,1.81,8.74,4.86,-0.00,-0.10,-0.02
92324,0,0,2.06,9.22,4.70,-0.06,-0.15,-0.06
92377,0,0,3.47,4.74,4.87,0.08,0.25,0.09
92430,0,13,1.10,13.29,4.60,-0.39,-0.47,0.23
92483,0,93,1.29,8.09,4.91,-0.09,-0.03,-0.13
92536,0,4095,2.36,9.46,5.19,0.07,-0.22,-0.16
92589,0,4095,1.61,8.48,5.15,0.11,0.07,-0.24
92642,0,4095,2.56,8.52,5.32,0.14,0.03,-0.20
92695,0,4095,2.17,8.16,4.85,-0.01,-0.22,-0.00
92748,0,0,2.10,9.00,5.01,0.00,-0.18,0.08
92801,0,4095,1.76,8.72,4.97,0.13,-0.28,0.08
92854,0,827,1.74,8.71,4.90,-0.02,-0.01,-0.11
92907,0,0,2.19,8.72,4.90,-0.03,-0.09,-0.11
92960,0,0,2.17,8.89,5.04,-0.16,0.05,-0.11
93013,0,0,2.01,8.55,5.00,0.15,-0.25,0.10
93066,0,0,2.00,8.57,4.97,0.09,-0.14,0.12
93119,0,0,1.92,9.07,4.84,0.12,-0.27,0.13
93172,0,0,1.76,8.86,4.86,-0.01,-0.12,-0.00
93225,0,0,2.06,8.88,4.95,-0.04,-0.13,-0.10
93278,0,0,2.10,8.59,4.93,-0.06,-0.04,-0.08
93331,0,0,2.17,8.83,4.99,0.05,-0.13,-0.02
93384,0,0,2.03,8.80,4.76,0.06,-0.22,0.05
93437,0,0,2.04,8.77,5.06,0.07,-0.08,0.00
93490,0,0,2.12,8.81,4.85,0.03,-0.18,0.03
93543,0,0,1.93,8.77,4.95,0.01,-0.18,-0.03
93596,0,0,1.98,8.83,4.98,-0.07,0.02,-0.11
93649,0,0,2.22,8.56,4.87,0.06,-0.20,0.01
93702,0,0,1.85,8.79,4.98,0.05,-0.09,-0.02
93755,0,0,2.23,8.88,5.15,0.04,-0.09,-0.02
93808,0,0,1.77,8.93,4.77,0.07,-0.34,0.04
93861,0,4011,1.81,8.61,4.72,0.01,-0.01,-0.10
93914,0,4095,2.41,8.90,4.82,-0.07,-0.09,-0.08
93967,0,4095,1.87,8.66,4.92,0.07,-0.15,0.00
94020,0,4095,1.98,8.77,4.92,-0.00,-0.10,-0.05
94073,0,4095,2.08,8.68,4.88,0.01,-0.11,0.00
94126,0,4095,2.03,8.86,4.99,0.05,-0.20,0.03
94179,0,4095,1.86,8.74,4.77,0.00,-0.20,0.04
94232,0,4095,1.93,8.85,4.85,0.03,-0.12,-0.02
94285,0,4095,2.11,8.70,4.91,0.00,-0.12,-0.03
94338,0,4095,1.98,8.87,4.83,0.01,-0.14,-0.02
94391,0,4095,1.90,8.80,4.74,0.01,-0.18,-0.04
94444,0,4095,2.17,8.72,5.04,-0.02,0.11,-0.10
94497,0,860,2.25,8.71,4.72,0.19,-0.29,0.12
94550,0,4095,1.60,8.63,4.89,-0.02,-0.06,0.01
94603,0,4095,2.27,8.97,5.16,0.06,-0.04,-0.05
94656,0,4095,2.01,8.89,4.94,-0.07,-0.22,-0.02
94709,0,4095,1.71,8.73,5.06,0.01,-0.08,-0.05
94762,0,4095,2.33,8.89,4.87,-0.02,-0.08,-0.05
94815,0,4095,1.81,8.62,4.87,0.07,-0.25,0.05
94868,0,4095,2.13,8.58,5.03,0.02,-0.12,-0.02
94921,0,4095,1.93,8.70,4.90,-0.01,-0.14,-0.00
94974,0,4095,2.11,8.91,4.92,-0.06,-0.17,-0.06
95027,0,4095,1.38,9.17,4.81,-0.06,-0.15,-0.16
95080,0,4095,1.96,8.80,4.94,0.46,-0.10,-0.08
95133,0,4095,2.46,7.71,4.99,-0.03,0.02,-0.05
95186,0,4095,2.35,9.35,4.55,0.02,-0.46,0.18
95239,0,4095,1.39,8.58,4.99,-0.09,-0.11,0.10
95292,0,4095,2.04,9.27,4.88,-0.02,-0.16,-0.05
95345,0,4095,1.83,8.62,4.75,0.03,-0.06,-0.08
95398,0,4095,2.43,8.64,4.81,-0.03,-0.05,-0.01
95451,0,4095,2.30,8.64,4.87,-0.01,-0.41,0.22
95504,0,4095,1.66,8.66,4.87,-0.02,-0.11,0.09
95557,0,4095,2.36,8.93,4.94,-0.08,-0.15,-0.06
95610,0,4095,2.15,8.60,4.74,-0.11,0.01,-0.15
95663,0,4095,2.61,9.06,4.97,-0.07,-0.19,-0.07
95716,0,4095,1.82,8.67,4.80,-0.02,-0.34,0.02
95769,0,4095,1.98,8.71,5.04,0.15,-0.16,0.09
95822,0,4095,1.98,8.88,4.98,0.13,-0.18,-0.01
95875,0,4095,2.03,8.37,5.01,-0.01,0.03,-0.09
95928,0,4095,2.17,9.19,5.21,0.06,-0.25,0.04
95981,0,4095,1.57,8.45,5.06,0.24,-0.23,0.15
96034,0,4095,2.05,8.29,4.77,0.06,0.18,-0.14
96087,0,4095,3.01,9.13,4.53,-0.19,0.00,-0.23
96140,0,4095,1.87,9.00,4.63,-0.02,-0.18,-0.11
96193,0,4095,2.05,8.87,4.90,0.07,-0.19,0.03
96246,0,4095,1.69,8.55,4.85,0.13,-0.22,0.09
96299,0,4095,2.49,8.64,5.07,0.04,-0.01,0.07
96352,0,3956,1.86,8.67,4.88,0.05,-0.23,0.09
96405,0,3843,2.20,9.33,4.84,-0.05,-0.23,0.01
96458,0,3981,1.78,8.64,4.77,0.02,-0.24,-0.04
96511,0,4095,2.26,8.80,4.77,-0.02,0.02,-0.10
96564,0,4095,2.14,8.60,4.82,0.10,-0.18,0.00
96617,0,4095,2.29,8.81,4.83,-0.01,-0.06,-0.00
96670,0,4095,1.82,8.85,4.68,0.09,-0.26,0.05
96723,0,4095,1.95,8.83,4.73,-0.03,0.02,-0.13
96776,0,4095,2.15,8.91,4.89,0.01,-0.01,-0.15
96829,0,4095,2.31,8.81,4.57,0.00,-0.18,-0.00
96882,0,4095,1.88,8.78,4.84,0.08,-0.17,0.05
96935,0,4095,2.04,8.83,4.78,0.06,-0.10,0.04
96988,0,4095,1.89,8.91,4.81,0.06,-0.10,-0.00
97041,0,4095,2.14,8.79,4.78,0.01,-0.09,-0.01
97094,0,4095,2.01,8.88,4.85,0.04,-0.26,0.03
97147,0,4095,1.95,8.66,4.85,0.02,-0.06,-0.07
97200,0,4095,2.20,8.83,4.62,0.27,0.08,0.04
97253,0,4095,1.83,9.14,4.68,-0.08,-0.28,0.01
97306,0,4095,1.99,8.81,4.81,0.07,0.00,0.04
97359,0,4095,1.87,9.07,4.87,0.05,-0.32,0.01
97412,0,4095,1.58,8.65,4.86,-0.03,0.09,-0.13
97465,0,4095,2.24,8.63,4.80,0.04,-0.09,-0.12
97518,0,4095,2.13,8.92,4.78,-0.07,-0.16,0.02
97571,0,0,1.90,8.81,4.72,0.12,-0.20,0.11
97624,0,0,1.75,8.82,4.92,0.05,-0.13,0.02
97677,0,0,2.08,8.71,4.93,0.06,-0.12,0.06
97730,0,0,1.62,8.90,4.82,-0.02,-0.14,-0.05
97783,0,0,2.16,8.80,4.84,-0.05,-0.01,-0.10
97836,0,0,2.06,8.93,4.84,0.03,-0.17,0.00
97889,0,0,1.91,8.74,4.54,0.04,-0.19,0.01
97942,0,0,1.93,8.98,4.76,0.05,-0.11,0.01
97995,0,4095,1.93,8.78,4.71,0.09,-0.18,0.05
98048,34,4095,1.92,9.03,4.77,-0.07,0.01,-0.07
98101,106,4095,1.95,9.06,4.87,0.02,-0.20,-0.05
98154,106,4095,1.78,8.49,4.77,-0.05,-0.06,-0.08
98207,138,4095,2.17,9.00,4.69,-0.01,-0.13,-0.01
98260,113,4095,1.79,8.66,4.75,0.09,-0.18,0.04
98313,125,4095,2.01,8.91,4.78,0.01,-0.09,-0.02
98366,133,4095,1.87,8.83,4.86,0.05,-0.17,0.00
98419,121,4095,1.99,8.82,4.75,-0.06,-0.07,-0.05
98472,106,4095,1.90,8.82,4.80,0.06,-0.23,0.04
98525,64,4095,1.81,8.79,4.90,0.02,-0.08,-0.02
98578,0,4095,2.12,8.99,4.74,0.04,-0.12,-0.01
98631,0,0,1.75,8.76,4.77,0.01,-0.17,-0.01
98684,0,0,1.99,8.94,4.87,-0.01,-0.08,-0.03
98737,0,0,1.90,8.77,4.84,0.05,-0.23,0.02
98790,0,0,1.93,8.72,4.81,0.01,-0.06,-0.02
98843,0,0,2.11,8.70,4.71,0.05,-0.18,0.06
98896,0,0,2.04,8.95,4.91,0.04,-0.16,0.11
98949,0,0,1.87,8.79,4.77,0.02,-0.22,0.05
99002,0,0,1.87,9.01,4.79,0.02,-0.12,-0.05
99055,0,0,2.04,8.79,4.82,-0.05,-0.05,-0.10
99108,0,0,2.02,8.90,4.89,-0.01,-0.15,-0.06
99161,0,0,1.92,8.78,4.81,-0.01,-0.12,-0.07
99214,0,0,1.93,8.84,4.78,0.04,-0.10,-0.04
99267,0,0,1.99,8.90,4.74,0.06,-0.14,-0.01
99320,0,0,2.00,8.69,4.84,0.05,-0.14,0.03
99373,0,0,1.81,8.93,4.75,0.03,-0.15,0.01
99426,0,0,1.99,8.94,4.91,0.01,-0.11,-0.02
99479,0,0,1.88,8.74,4.75,-0.00,-0.17,-0.02
99532,0,0,2.07,8.85,4.86,-0.02,-0.09,-0.03
99585,0,0,1.97,8.76,4.86,0.01,-0.22,0.03
99638,0,0,1.93,8.81,4.73,0.01,-0.13,-0.01
99691,0,0,2.13,8.94,4.84,0.02,-0.15,0.01
99744,0,0,1.81,8.64,4.92,0.08,-0.22,0.01
99797,0,0,2.11,8.51,4.83,-0.12,-0.00,-0.04
99850,0,0,2.30,8.57,4.45,-0.19,-0.25,0.01
99903,0,0,2.00,9.21,5.46,-0.14,-0.20,-0.02
99956,0,0,1.92,9.15,5.02,0.04,-0.32,0.08
100009,0,0,1.97,8.52,4.86,0.09,-0.11,0.02
100062,0,0,2.28,8.83,5.00,0.05,-0.13,-0.02
100115,0,0,2.01,8.77,5.03,-0.00,-0.20,-0.03
100168,16,0,1.94,8.61,5.02,-0.02,-0.17,-0.04
100221,87,0,1.95,8.70,5.22,0.05,-0.13,-0.03
100274,105,0,2.23,8.76,4.86,-0.06,-0.02,-0.05
100327,110,0,2.14,8.99,4.90,0.09,-0.24,0.01
100380,115,0,2.13,8.55,5.08,0.01,-0.06,-0.06
100433,150,0,2.15,8.71,4.97,0.03,-0.21,-0.00
100486,4095,0,1.98,8.56,5.08,0.02,-0.12,0.01
100539,4095,0,2.17,8.91,5.03,-0.01,-0.17,0.02
100592,4095,0,1.93,8.71,5.04,0.04,-0.17,-0.01
100645,4095,0,2.15,8.75,4.94,-0.02,-0.08,-0.06
100698,4095,0,2.16,8.62,4.92,-0.01,-0.15,-0.01
100751,176,0,2.26,8.88,5.08,-0.01,-0.16,0.01
100804,179,0,1.97,8.62,4.85,0.07,-0.20,0.03
100857,177,0,2.15,8.75,5.06,0.01,-0.05,-0.03
100910,190,0,2.26,8.63,4.98,0.01,-0.14,-0.01
100963,197,0,2.08,8.75,5.06,-0.02,-0.18,-0.01
101016,192,0,2.19,8.68,5.06,0.02,-0.12,-0.01
101069,4095,0,2.08,8.60,5.07,0.03,-0.13,0.01
101122,4095,0,2.30,9.04,4.94,0.02,-0.21,0.03
101175,209,0,1.84,8.31,4.93,0.02,-0.10,-0.01
101228,199,0,2.57,8.89,4.96,-0.02,-0.10,-0.02
101281,208,0,2.13,8.67,4.97,-0.05,-0.17,-0.04
101334,208,0,2.21,8.94,5.03,0.01,-0.09,-0.03
101387,221,0,2.13,8.68,5.15,0.04,-0.12,0.01
101440,227,0,2.11,8.56,5.13,0.03,-0.09,-0.01
101493,226,0,2.23,8.72,5.11,0.03,-0.15,0.02
101546,233,0,2.14,8.60,5.09,0.02,-0.13,-0.00
101599,196,0,2.23,8.77,5.14,0.04,-0.12,-0.01
101652,252,0,2.14,8.51,5.03,0.02,-0.11,-0.02
101705,239,0,2.27,8.77,5.06,-0.04,-0.09,-0.03
101758,231,0,2.16,8.68,5.07,0.03,-0.21,0.02
101811,224,0,2.09,8.59,5.04,0.02,-0.12,0.01
101864,225,0,2.28,8.66,5.15,0.04,-0.11,-0.01
101917,225,0,2.16,8.66,4.97,0.01,-0.14,-0.02
101970,4095,0,2.13,8.52,5.14,-0.01,-0.10,-0.02
102023,4095,0,2.38,8.74,5.03,-0.09,-0.11,-0.06
102076,4095,0,2.12,8.73,5.18,0.06,-0.28,0.04
102129,4095,0,2.07,8.69,5.15,-0.06,-0.12,-0.01
102182,4095,0,2.30,8.73,5.07,0.07,-0.14,0.03
102235,4095,0,2.18,8.53,4.99,-0.01,-0.11,-0.02
102288,4095,0,2.16,8.75,5.07,-0.05,-0.12,-0.05
102341,4095,0,2.20,8.53,5.15,-0.02,-0.10,-0.04
102394,4095,0,2.16,8.71,5.10,-0.00,-0.17,-0.00
102447,4095,0,2.09,8.53,5.12,-0.01,-0.16,0.03
102500,4095,0,2.22,8.48,5.02,0.01,-0.12,0.01
102553,4095,0,2.35,8.66,5.16,-0.02,-0.22,-0.02
102606,4095,0,1.96,8.60,5.48,0.04,-0.21,0.02
102659,4095,0,2.26,8.60,5.12,0.04,-0.16,0.01
102712,4095,0,2.15,8.52,5.22,-0.04,-0.05,-0.06
102765,4095,0,2.40,8.83,5.08,0.03,-0.17,0.01
102818,4095,0,2.03,8.51,5.22,0.03,-0.16,-0.02
102871,4095,0,2.27,8.64,5.13,-0.01,-0.07,-0.07
102924,4095,0,2.29,8.55,5.21,0.04,-0.18,-0.01
102977,4095,0,2.17,8.59,5.16,-0.03,-0.09,-0.03
103030,4095,0,2.23,8.71,5.11,-0.01,-0.18,-0.03
103083,4095,0,2.29,8.71,5.09,-0.11,-0.09,-0.11
103136,4095,0,2.27,8.67,5.10,0.05,-0.23,0.00
103189,4095,0,1.87,8.19,5.19,0.05,-0.11,-0.01
103242,4095,0,2.33,8.80,5.35,-0.03,-0.06,-0.01
103295,4095,0,2.02,8.55,5.31,0.10,-0.29,0.07
103348,4095,0,1.89,8.33,5.21,-0.01,-0.07,-0.07
103401,4095,0,2.31,8.72,5.30,-0.00,-0.11,-0.04
103454,4095,0,2.26,8.67,5.18,-0.02,-0.16,-0.07
103507,4095,0,2.04,8.57,5.23,0.04,-0.19,-0.04
103560,4095,0,2.16,8.60,5.31,-0.04,-0.04,-0.09
103613,4095,0,2.14,8.54,5.26,0.13,-0.30,0.08
103666,4095,0,1.87,8.37,5.37,0.05,-0.03,-0.01
103719,4095,0,2.48,8.90,5.10,-0.04,-0.16,-0.04
103772,4095,0,2.09,9.21,5.32,0.01,-0.39,-0.12
103825,4095,0,1.85,8.41,5.44,0.11,-0.16,-0.12
103878,4095,0,1.94,8.34,5.14,0.06,-0.19,-0.08
103931,4095,0,2.10,8.67,5.26,-0.05,-0.04,-0.10
103984,4095,0,2.07,8.51,5.28,0.04,-0.26,-0.04
104037,4095,0,2.04,9.00,5.31,-0.02,-0.19,-0.02
104090,4095,0,1.43,8.61,5.31,0.18,-0.28,0.06
104143,4095,0,1.90,8.98,5.37,0.02,-0.03,-0.06
104196,4095,0,1.81,8.69,5.33,0.25,-0.24,-0.03
104249,4095,0,2.15,8.46,4.91,-0.17,0.20,-0.35
104302,4095,0,2.27,9.05,5.04,-0.09,-0.18,-0.17
104355,4095,0,1.30,8.43,4.93,0.03,-0.08,-0.15
104408,4095,0,1.73,9.02,5.08,0.17,-0.26,-0.06
104461,4095,0,1.70,8.83,5.16,0.12,-0.05,-0.06
104514,4095,0,1.60,9.05,5.14,0.27,-0.32,0.07
104567,4095,0,1.40,8.39,4.88,0.09,-0.01,-0.13
104620,4095,0,1.98,8.77,5.02,-0.10,-0.05,-0.19
104673,4095,0,1.70,8.92,4.70,-0.09,-0.13,-0.01
104726,4095,0,1.52,9.11,4.75,0.06,-0.25,0.04
104779,4095,0,1.39,8.61,4.61,0.12,-0.17,-0.00
104832,4095,0,1.81,8.98,4.90,0.26,-0.25,0.06
104885,4095,0,1.54,8.54,4.67,0.01,-0.08,-0.10
104938,4095,0,2.05,9.11,4.80,-0.03,-0.24,-0.05
104991,4095,0,1.29,8.85,4.81,0.07,-0.24,0.01
105044,4095,0,1.35,8.88,4.85,-0.01,-0.21,-0.05
105097,4095,0,1.70,8.74,4.92,0.05,0.03,-0.10
105150,4095,0,1.61,8.89,4.78,0.00,-0.22,-0.00
105203,4095,0,1.57,9.09,4.74,0.00,-0.18,-0.02
105256,4095,0,1.44,8.69,4.79,0.04,-0.16,-0.05
105309,4095,0,1.50,8.69,4.85,0.04,-0.10,-0.09
105362,4095,0,1.59,8.71,4.61,-0.05,-0.10,-0.04
105415,4095,0,1.65,9.28,4.91,0.00,-0.22,0.07
105468,4095,0,1.44,8.76,4.75,-0.05,-0.13,0.07
105521,4095,0,1.61,9.39,5.08,0.09,-0.32,0.10
105574,4095,0,1.50,8.42,4.39,-0.02,-0.13,-0.09
105627,4095,0,1.93,8.75,5.03,-0.08,-0.11,-0.07
105680,4095,0,1.93,9.39,4.85,-0.06,-0.34,0.06
105733,4095,0,1.19,8.94,5.05,0.12,-0.40,0.09
105786,4095,0,1.89,8.74,4.80,0.01,-0.14,0.06
105839,4095,0,1.73,9.18,4.76,-0.08,-0.16,0.05
105892,4095,0,1.36,9.33,4.73,0.10,-0.40,0.11
105945,4095,0,1.30,8.77,5.06,0.00,-0.49,-0.02
105998,4095,0,1.65,8.54,5.04,-0.05,0.07,-0.33
106051,4095,0,2.37,8.68,4.92,-0.02,0.07,-0.30
106104,4095,0,2.38,8.69,4.81,-0.04,0.01,-0.18
106157,4095,0,1.48,8.78,4.83,-0.00,-0.28,0.04
106210,4095,0,1.51,8.80,4.82,0.10,-0.19,0.08
106263,4095,0,1.64,9.18,4.58,0.30,-0.39,0.09
106316,4095,0,1.55,9.29,4.84,0.26,-0.22,-0.02
106369,4095,0,2.11,9.50,5.06,0.20,-0.16,-0.03
106422,4095,0,1.69,8.24,4.45,0.08,-0.18,-0.10
106475,4095,0,1.59,8.66,4.69,-0.19,-0.17,-0.10
106528,4095,0,1.62,9.00,4.47,-0.24,-0.04,-0.21
106581,4095,0,1.52,8.64,4.86,0.13,-0.46,0.18
106634,4095,0,2.20,9.48,4.56,-0.15,0.22,-0.13
106687,4095,0,1.32,9.17,4.93,0.42,-0.58,0.19
106740,4095,0,1.59,9.36,4.11,0.03,0.20,-0.16
106793,4095,0,1.72,9.09,4.06,0.05,-0.39,-0.28
106846,4095,0,1.36,8.20,4.73,0.01,-0.14,-0.28
106899,4095,0,1.75,8.84,4.50,0.01,-0.16,-0.17
106952,4095,0,1.24,8.78,5.01,0.41,-0.37,0.17
107005,4095,0,1.51,9.11,4.34,0.19,0.19,0.07
107058,4095,0,0.96,8.81,4.87,0.55,-0.41,0.15
107111,4095,0,1.97,9.21,3.15,-0.14,0.33,-0.11
107164,4095,0,0.57,9.11,5.30,0.64,-0.47,0.14
107217,4095,0,2.37,8.78,2.47,-0.27,0.57,-0.24
107270,4095,0,0.64,9.44,4.52,0.13,-0.37,0.21
107323,4095,0,1.72,8.86,2.13,-0.45,0.37,0.07
107376,4095,0,1.39,10.27,3.96,-0.05,-0.33,0.10
107429,4095,0,1.85,8.59,4.77,0.51,0.13,0.13
107482,4095,0,1.93,8.55,5.04,0.16,-0.18,0.24
107535,4095,0,1.91,10.17,3.31,-0.30,-0.11,0.31
107588,4095,0,1.18,10.07,3.84,0.01,-0.58,0.24
107641,4095,0,1.35,9.50,4.85,0.13,0.28,-0.05
107694,4095,0,1.47,8.43,3.98,0.20,-0.09,-0.19
107747,4095,0,1.65,8.25,3.14,-0.48,0.73,-0.47
107800,4095,0,2.77,10.06,2.91,-0.56,0.17,-0.34
107853,4095,0,2.60,9.81,3.96,0.14,-0.48,0.13
107906,4095,0,1.09,8.52,4.88,0.47,-0.42,0.40
107959,4095,0,1.27,8.86,4.05,0.30,-0.16,0.22
108012,4095,0,1.78,9.68,4.13,-0.06,0.11,-0.00
108065,4095,0,2.46,9.62,4.40,0.03,-0.23,-0.05
108118,4095,0,1.72,9.01,4.48,-0.08,-0.13,-0.10
108171,4095,0,1.50,9.17,3.54,-0.29,-0.14,-0.18
108224,4095,0,1.36,9.94,3.82,-0.32,-0.19,-0.29
108277,4095,0,1.17,8.36,4.64,0.23,0.07,-0.30
108330,4095,0,2.21,8.88,4.24,0.01,0.13,-0.25
108383,4095,0,1.33,8.54,4.18,0.23,-0.30,0.10
108436,4095,0,1.60,8.66,4.23,-0.06,0.15,0.12
108489,4095,0,1.29,8.97,4.12,0.22,-0.35,0.24
108542,4095,0,1.19,9.24,4.20,0.03,0.31,0.13
108595,4095,0,2.15,10.28,4.49,0.11,-0.04,0.03
108648,4095,0,1.36,9.03,4.59,0.26,-0.47,0.26
108701,4095,0,1.19,9.43,4.42,-0.03,-0.14,0.07
108754,4095,0,1.34,9.14,4.60,0.20,-0.18,0.00
108807,4095,0,1.48,7.98,3.41,-0.19,0.26,-0.22
108860,4095,0,2.06,10.11,3.13,-0.55,0.02,-0.15
108913,4095,0,2.18,10.80,3.39,-0.10,-0.38,0.08
108966,4095,0,0.40,9.30,4.12,0.41,-0.86,-0.17
109019,4095,0,1.80,7.51,4.82,0.18,0.54,-0.40
109072,4095,0,2.44,9.02,3.43,-0.13,-0.27,-0.06
109125,4095,0,1.17,9.01,4.36,0.14,-0.41,0.14
109178,4095,0,2.05,9.39,3.78,-0.23,-0.08,0.03
109231,4095,0,1.80,10.41,3.76,-0.20,-0.88,-0.10
109284,4095,0,0.62,8.93,3.83,0.01,-0.27,-0.40
109337,4095,0,1.59,9.27,4.32,0.03,-0.13,-0.55
109390,4095,0,1.48,8.10,4.62,0.35,-0.07,-0.17
109443,4095,0,1.46,8.12,3.97,0.08,-0.33,0.31
109496,4095,0,1.17,9.57,3.47,-0.13,-0.44,0.58
109549,4095,0,0.92,9.39,4.79,0.08,-0.32,0.35
109602,4095,0,1.73,8.79,4.73,-0.04,0.15,0.09
1694,4095,0,1.66,7.86,4.54,0.16,-0.32,0.12
1747,4095,0,1.75,8.83,4.94,0.15,-0.25,0.28
1800,4095,0,2.14,9.11,4.64,0.36,-0.14,0.44
1853,4095,0,2.06,9.87,4.48,-0.03,-0.33,0.25
1906,4095,0,1.83,9.09,3.83,-0.27,-0.23,-0.21
1959,4095,0,1.85,9.16,4.90,-0.22,-0.13,-0.43
2012,4095,0,2.51,8.24,5.00,0.04,0.04,-0.26
2065,4095,0,2.07,8.15,4.65,-0.09,-0.24,-0.06
2118,4095,0,2.24,8.76,4.06,-0.16,-0.16,0.00
2171,4095,0,1.89,9.10,5.31,0.27,-0.31,0.27
2224,4095,0,1.75,8.54,5.38,0.50,-0.03,0.39
2277,4095,0,2.34,9.12,4.43,0.06,0.04,0.18
2330,4095,0,2.04,9.55,3.59,-0.25,-0.12,-0.14
2383,4095,0,2.07,9.12,4.43,-0.19,-0.18,-0.30
2436,4095,0,2.36,8.46,5.41,0.05,0.15,-0.16
2489,4095,0,2.43,8.62,4.58,0.06,-0.26,0.14
2542,4095,0,1.75,9.00,3.89,-0.00,-0.20,0.12
2595,4095,0,2.11,8.97,4.37,0.04,-0.18,-0.00
2648,4095,0,2.11,8.83,5.15,0.12,-0.21,0.15
2701,4095,0,2.15,8.90,4.87,0.15,-0.11,0.14
2754,4095,0,2.57,9.66,4.51,-0.30,-0.11,-0.14
2807,4095,0,2.38,9.99,4.80,0.13,-0.41,-0.17
2860,4095,0,1.04,7.64,5.22,0.37,-0.10,-0.32
2913,4095,0,2.36,7.41,4.52,0.03,0.47,-0.26
2966,4095,0,2.21,8.48,2.96,-0.26,-0.13,0.06
3019,4095,0,1.81,8.75,3.05,-0.67,-0.36,-0.12
3072,4095,0,3.22,10.18,5.43,-0.09,-0.38,0.13
3125,4095,0,2.20,9.97,6.79,1.05,-0.90,0.83
3178,4095,0,1.55,9.11,6.16,0.89,-0.13,0.81
3231,4095,0,1.80,8.44,3.30,-0.12,-0.25,-0.09
3284,4095,0,1.60,7.97,2.95,-0.81,0.49,-0.91
3337,4095,0,3.50,9.54,3.93,-0.58,0.53,-0.74
3390,4095,0,3.16,8.40,5.35,0.26,-0.47,0.11
3443,4095,0,2.04,8.90,5.29,0.01,-0.22,0.36
3496,4095,0,1.97,9.41,3.81,0.20,-0.37,0.35
3549,4095,0,1.89,9.42,3.65,0.13,0.01,-0.06
3602,4095,0,2.71,9.01,4.94,0.26,-0.07,-0.11
3655,4095,0,2.53,8.45,4.58,0.04,-0.26,-0.01
3708,4095,0,1.87,8.79,4.72,-0.13,-0.24,-0.07
3761,4095,0,2.28,8.67,4.45,-0.11,-0.06,-0.09
3814,4095,0,2.25,9.09,4.34,-0.10,-0.13,-0.09
3867,4095,0,2.35,9.33,4.32,-0.03,-0.07,-0.07
3920,4095,0,2.45,9.06,4.08,0.06,-0.18,-0.03
3973,4095,0,2.33,9.17,4.07,0.02,-0.41,-0.01
4026,4095,0,1.93,8.92,4.24,-0.02,-0.39,-0.12
4079,4095,0,2.09,8.72,4.91,0.05,-0.25,-0.18
4132,4095,0,2.24,8.48,4.98,0.11,-0.23,-0.10
4185,4095,0,2.28,8.54,4.53,0.01,-0.13,0.00
4238,4095,0,2.20,8.99,4.10,-0.13,-0.22,0.00
4291,4095,0,2.13,8.94,3.97,-0.20,-0.22,-0.12
4344,4095,0,1.93,8.46,5.29,0.10,-0.09,-0.07
4397,4095,0,2.71,8.68,5.05,0.17,0.06,0.13
4450,4095,0,2.27,8.87,4.70,0.27,-0.23,0.39
4503,4095,0,2.27,9.11,3.75,-0.10,-0.04,0.15
4556,4095,0,2.26,9.41,4.11,-0.15,-0.16,-0.08
4609,4095,0,2.54,9.21,4.58,-0.07,-0.03,-0.16
4662,4095,0,2.34,8.70,4.37,0.01,-0.23,-0.12
4715,4095,0,2.26,8.54,4.53,-0.01,-0.08,-0.05
4768,4095,0,2.58,8.83,4.46,0.09,-0.17,0.09
4821,4095,0,2.06,8.77,4.60,0.11,-0.26,0.12
4874,4095,0,2.32,8.73,4.63,0.11,-0.09,0.07
4927,4095,0,2.35,8.95,4.61,0.05,-0.07,0.01
4980,4095,0,2.47,9.17,4.35,-0.02,-0.08,-0.03
5033,4095,0,2.30,9.24,4.20,-0.08,-0.08,-0.14
5086,4095,0,2.58,9.21,4.24,0.01,-0.14,-0.14
5139,4095,0,2.25,8.88,4.34,0.05,-0.24,-0.12
5192,4095,0,2.22,8.46,4.30,0.01,-0.14,-0.15
5245,4095,0,2.46,8.85,4.70,-0.01,-0.14,-0.05
5298,4095,0,2.24,8.76,4.75,0.19,-0.29,0.17
5351,4095,0,1.85,8.71,4.61,0.13,-0.16,0.15
5404,4095,0,2.32,9.11,4.30,-0.05,0.01,-0.04
5457,4095,0,2.21,9.12,4.35,-0.01,-0.09,-0.09
5510,4095,0,2.52,9.05,4.13,-0.13,-0.01,-0.15
5563,4095,0,2.16,8.88,4.42,0.03,-0.24,-0.07
5616,4095,0,2.32,9.00,4.68,0.10,-0.22,0.03
5669,4095,0,2.13,8.72,4.56,0.18,-0.11,0.10
5722,4095,0,2.24,8.88,4.40,0.09,-0.18,0.09
5775,4095,0,2.17,8.95,4.37,0.01,-0.08,0.02
5828,4095,0,2.33,9.00,4.49,0.00,-0.06,-0.00
5881,4095,0,2.33,9.10,4.26,-0.05,-0.10,-0.03
5934,4095,0,2.19,8.97,4.21,0.00,-0.14,-0.04
5987,4095,0,2.39,8.88,4.44,0.05,-0.03,-0.02
6040,4095,0,2.49,8.95,4.18,0.08,-0.19,0.06
6093,4095,0,2.24,8.88,4.22,0.03,-0.18,0.04
6146,4095,0,2.29,9.04,4.48,0.02,-0.12,0.01
6199,4095,0,2.21,8.84,4.51,0.08,-0.13,-0.01
6252,4095,0,2.42,9.07,4.21,-0.03,-0.10,-0.05
6305,4095,0,2.13,8.81,4.13,-0.01,-0.19,-0.08
6358,4095,0,2.43,8.99,4.41,-0.07,-0.06,-0.12
6411,4095,0,2.49,8.94,4.53,0.10,-0.16,0.06
6464,4095,0,2.09,8.70,4.30,0.09,-0.23,0.08
6517,4095,0,2.34,9.08,4.39,-0.00,0.00,-0.02
6570,4095,0,2.36,9.02,4.22,0.05,-0.24,-0.00
6623,4095,0,2.13,8.84,4.33,-0.05,-0.06,-0.07
6676,4095,0,2.47,8.94,4.49,0.06,-0.17,0.01
6729,4095,0,2.21,8.72,4.38,0.07,-0.01,0.02
6782,4095,0,2.48,9.05,3.96,-0.02,-0.21,0.01
6835,4095,0,2.27,9.15,4.34,-0.00,-0.11,-0.01
6888,4095,0,2.37,8.81,4.35,0.06,-0.19,0.00
6941,4095,0,2.24,8.86,4.39,0.02,-0.08,-0.01
6994,4095,0,2.38,8.86,4.26,0.02,-0.15,0.01
7047,4095,0,2.52,9.09,4.28,0.02,-0.12,0.04
7100,4095,0,2.24,8.98,4.30,0.04,-0.24,0.04
7153,4095,0,2.24,8.90,4.48,-0.02,-0.06,-0.06
7206,4095,0,2.49,8.95,4.35,0.03,-0.12,-0.04
7259,4095,0,2.38,8.85,4.20,-0.02,-0.12,-0.02
7312,4095,0,2.36,9.05,4.49,0.04,-0.13,0.00
7365,4095,0,2.37,8.90,4.25,0.05,-0.20,0.01
7418,4095,0,2.28,8.86,4.19,-0.01,-0.05,-0.05
7471,4095,0,2.38,8.91,4.36,0.01,-0.16,-0.04
7524,4095,0,2.49,8.99,4.48,0.06,-0.09,0.05
7577,4095,0,2.31,8.98,4.24,0.06,-0.23,0.08
7630,4095,0,2.26,9.01,4.28,-0.01,-0.10,-0.03
7683,4095,0,2.32,8.83,4.24,0.01,-0.12,-0.08
7736,4095,0,2.49,9.01,4.42,-0.00,-0.09,-0.06
7789,4095,0,2.28,8.81,4.45,0.04,-0.19,0.02
7842,4095,0,2.42,8.95,4.34,0.03,-0.12,0.03
7895,4095,0,2.30,8.95,4.12,-0.00,-0.17,-0.01
7948,4095,0,2.38,8.98,4.43,0.02,-0.06,-0.03
8001,4095,0,2.34,8.88,4.40,0.02,-0.20,-0.00
8054,4095,0,2.26,8.89,4.30,-0.02,-0.12,-0.05
8107,4095,0,2.44,8.90,4.44,0.02,-0.06,0.01
8160,4095,0,2.43,8.93,4.25,0.02,-0.20,0.05
8213,4095,0,2.19,8.87,4.36,0.04,-0.12,0.02
8266,4095,0,2.53,9.16,4.43,0.02,-0.10,-0.02
8319,4095,0,2.35,8.80,4.23,0.02,-0.13,0.00
8372,4095,0,2.44,8.95,4.22,-0.05,-0.18,-0.04
8425,4095,0,2.33,9.00,4.57,0.08,-0.13,0.00
8478,4095,0,2.40,8.79,4.32,0.01,-0.14,-0.00
8531,4095,0,2.27,8.89,4.28,0.02,-0.14,-0.02
8584,4095,0,2.47,8.83,4.43,0.03,-0.11,-0.02
8637,4095,0,2.48,8.97,4.49,0.06,-0.10,0.05
8690,4095,0,2.20,8.93,4.18,-0.03,-0.20,-0.02
8743,4095,0,2.38,9.07,4.36,0.03,-0.08,-0.05
8796,4095,0,2.34,8.63,4.32,0.03,-0.12,-0.05
8849,4095,0,2.61,9.07,4.36,-0.01,-0.08,-0.01
8902,4095,0,2.32,8.84,4.16,0.05,-0.30,0.03
8955,4095,0,2.22,8.97,4.40,0.01,-0.05,-0.05
9008,4095,0,2.49,8.95,4.41,0.04,-0.15,-0.02
9061,4095,0,2.32,8.86,4.39,0.02,-0.10,-0.02
9114,4095,0,2.41,9.06,4.36,-0.00,-0.15,-0.04
9167,4095,0,2.44,8.83,4.23,0.03,-0.05,0.01
9220,4095,0,2.25,8.96,4.27,-0.01,-0.21,-0.01
9273,4095,0,2.29,8.88,4.22,0.03,-0.11,-0.04
9326,4095,0,2.36,8.98,4.53,0.01,-0.02,-0.04
9379,4095,0,2.56,8.99,4.32,0.05,-0.21,0.04
9432,4095,0,2.14,8.93,4.31,0.09,-0.19,0.05
9485,4095,0,2.40,9.01,4.32,0.01,-0.07,-0.03
9538,4095,0,2.31,9.00,4.33,0.00,-0.11,-0.05
9591,4095,0,2.29,8.90,4.24,-0.00,-0.13,-0.06
9644,4095,0,2.44,9.01,4.30,-0.00,-0.08,-0.04
9697,4095,0,2.38,8.96,4.26,0.06,-0.17,0.03
9750,4095,0,2.20,8.97,4.33,0.09,-0.21,0.03
9803,4095,0,2.34,8.87,4.44,0.06,-0.01,0.00
9856,4095,0,2.40,8.96,4.10,-0.00,-0.19,-0.01
9909,4095,0,2.28,8.97,4.23,-0.04,-0.09,-0.05
9962,4095,0,2.39,8.97,4.41,0.03,-0.19,-0.01
10015,4095,0,2.27,8.81,4.42,0.04,-0.04,-0.00
10068,4095,0,2.51,9.03,4.08,0.01,-0.16,0.00
10121,4095,0,2.17,8.96,4.15,0.01,-0.13,-0.01
10174,4095,0,2.43,9.10,4.23,-0.02,-0.17,-0.02
10227,4095,0,2.19,8.87,4.35,0.02,-0.18,-0.03
10280,4095,0,2.38,8.87,4.51,0.03,-0.09,-0.04
10333,4095,0,2.34,8.64,4.37,0.06,-0.06,0.01
10386,4095,0,2.54,9.19,3.92,-0.08,-0.23,0.01
10439,4095,0,2.12,9.09,4.38,0.03,-0.18,0.01
10492,4095,0,2.29,8.78,4.93,0.17,-0.02,0.04
10545,4095,0,2.51,8.97,4.02,0.06,-0.07,0.04
10598,4095,0,2.32,9.26,3.70,-0.13,-0.18,-0.08
10651,4095,0,2.27,9.01,4.35,-0.00,-0.17,-0.12
10704,4095,0,2.45,8.56,4.74,0.10,-0.03,-0.02
10757,4095,0,2.35,8.81,4.10,0.01,-0.20,0.06
10810,4095,0,2.40,9.32,4.06,0.01,-0.16,0.03
10863,4095,0,2.21,8.98,4.52,0.12,-0.20,0.03
10916,4095,0,2.30,8.66,4.43,0.04,-0.04,-0.02
10969,4095,0,2.55,9.32,4.15,-0.05,-0.10,-0.02
11022,4095,0,2.22,8.95,3.75,-0.10,-0.26,-0.07
11075,4095,0,2.16,9.10,4.82,0.01,-0.03,-0.09
11128,4095,0,2.54,8.68,4.47,0.10,-0.16,0.06
11181,4095,0,2.21,8.83,3.99,0.05,-0.17,0.01
11234,4095,0,2.51,9.16,4.46,-0.03,0.02,0.02
11287,4095,0,2.50,9.22,4.16,-0.06,-0.29,0.03
11340,4095,0,1.90,8.93,4.51,0.08,-0.20,0.00
11393,4095,0,2.29,8.68,4.46,0.06,0.05,-0.07
11446,4095,0,2.67,8.84,4.29,-0.00,-0.06,-0.01
11499,4095,0,2.31,9.01,4.24,0.02,-0.26,0.05
11552,4095,0,2.08,9.07,4.28,0.01,-0.11,-0.03
11605,4095,0,2.55,8.96,4.17,-0.00,-0.07,-0.06
11658,4095,0,2.30,8.95,4.25,-0.00,-0.19,-0.03
11711,4095,0,2.38,8.99,4.35,0.07,-0.09,-0.03
11764,4095,0,2.39,8.86,4.21,0.04,-0.09,0.01
11817,4095,0,2.44,9.03,4.14,-0.02,-0.19,0.01
11870,4095,0,2.19,8.96,4.46,0.07,-0.22,0.03
11923,4095,0,2.30,8.88,4.46,0.02,-0.04,-0.04
11976,4095,0,2.38,8.90,4.15,-0.02,-0.13,-0.03
12029,4095,0,2.39,9.09,4.26,-0.03,-0.13,-0.04
12082,4095,0,2.23,8.81,4.30,0.04,-0.16,-0.01
12135,4095,0,2.55,9.04,4.33,0.01,-0.07,-0.00
12188,4095,0,2.18,8.91,4.30,0.09,-0.18,0.03
12241,4095,0,2.33,8.77,4.24,0.02,-0.05,-0.04
12294,4095,0,2.45,9.05,4.35,-0.05,-0.10,-0.02
12347,4095,0,2.44,9.08,4.34,0.08,-0.25,0.07
12400,4095,0,2.02,9.02,4.69,-0.05,0.03,-0.03
12453,4095,0,2.50,8.77,2.18,-0.08,-1.09,-0.17
12506,4095,0,2.27,9.73,5.44,-0.01,0.32,-0.13
12559,4095,0,3.08,9.31,4.04,0.01,-0.33,0.14
12612,4095,0,1.48,8.84,4.03,0.11,-0.58,0.05
12665,4095,0,2.38,8.60,4.57,0.10,0.26,-0.05
12718,4095,0,2.64,9.25,4.60,-0.00,-0.19,-0.00
12771,4095,0,2.16,9.13,3.87,0.03,-0.33,0.02
12824,4095,0,2.13,8.87,4.50,0.02,-0.01,-0.12
12877,4095,0,2.71,8.95,4.24,-0.03,-0.06,-0.08
12930,4095,0,2.31,8.95,4.16,0.07,-0.24,0.09
12983,4095,0,2.12,8.92,4.27,-0.03,-0.11,-0.04
13036,4095,0,2.63,9.11,4.30,0.05,-0.11,-0.00
13089,4095,0,2.13,8.67,4.46,0.05,-0.18,0.02
13142,4095,0,2.36,9.00,4.21,-0.02,-0.07,-0.04
13195,4095,0,2.43,9.09,4.24,-0.01,-0.09,-0.05
13248,4095,0,2.32,8.95,4.28,0.03,-0.19,0.01
13301,4095,0,2.28,9.05,4.27,-0.01,-0.11,-0.04
13354,4095,0,2.29,8.79,4.34,0.05,-0.13,-0.03
13407,4095,0,2.51,8.90,4.36,-0.01,-0.11,-0.01
13460,4095,0,2.29,8.99,4.22,-0.00,-0.19,0.02
13513,4095,0,2.32,8.99,4.35,0.00,-0.14,-0.00
13566,4095,0,2.32,8.85,4.35,0.03,-0.17,0.01
13619,4095,0,2.25,8.61,4.59,0.04,-0.19,0.01
13672,4095,0,2.61,8.65,4.62,0.00,-0.16,0.01
13725,4095,0,2.26,8.98,4.27,-0.00,-0.25,-0.04
13778,4095,0,2.32,9.12,4.41,-0.06,-0.12,-0.02
13831,4095,0,2.35,9.07,4.47,-0.01,-0.18,-0.08
13884,4095,0,2.27,8.76,4.69,0.09,-0.02,-0.03
13937,4095,0,2.71,8.73,4.59,0.12,0.01,0.07
13990,4095,0,2.40,9.19,4.02,0.05,-0.15,0.10
14043,4095,0,2.26,9.10,3.79,-0.07,-0.08,-0.07
14096,4095,0,2.38,9.07,4.73,-0.02,-0.15,-0.13
14149,4095,0,2.42,8.77,4.52,0.02,-0.11,-0.07
14202,4095,0,2.39,8.59,4.51,0.10,-0.11,0.01
14255,4095,0,2.58,8.83,3.96,-0.09,-0.04,0.01
14308,4095,0,2.42,9.35,3.73,-0.15,-0.53,0.07
14361,4095,0,1.74,9.13,5.50,0.12,-0.12,0.01
14414,4095,0,2.65,8.63,5.57,0.42,0.04,0.15
14467,4095,0,2.35,8.42,3.59,-0.12,-0.07,0.02
14520,4095,0,2.69,9.37,3.11,-0.55,-0.08,-0.26
14573,4095,0,2.37,9.37,5.01,0.04,-0.26,-0.14
14626,4095,0,2.62,8.05,5.17,0.30,-0.11,0.08
14679,4095,0,2.43,8.83,4.17,-0.01,-0.09,0.08
14732,4095,0,2.35,9.32,4.02,0.01,-0.26,0.06
14785,4095,0,2.39,8.96,4.51,0.11,-0.11,-0.02
14838,4095,0,2.66,8.85,4.44,-0.02,-0.22,-0.02
14891,4095,0,2.03,8.78,4.69,-0.00,-0.23,-0.04
14944,4095,0,2.42,8.68,4.49,-0.07,-0.00,-0.16
14997,4095,0,2.43,8.71,4.53,-0.01,-0.08,-0.06
15050,4095,0,2.59,8.83,4.51,0.10,-0.18,0.11
15103,4095,0,2.34,8.84,4.38,0.12,-0.15,0.12
15156,4095,0,2.39,8.99,4.32,0.00,-0.07,-0.01
15209,4095,0,2.76,9.18,4.29,-0.06,-0.06,-0.04
15262,4095,0,2.25,8.62,4.13,-0.01,-0.25,-0.02
15315,4095,0,2.73,8.98,4.64,0.01,-0.04,-0.03
15368,4095,0,2.29,8.70,4.61,0.11,-0.26,0.08
15421,4095,0,2.42,8.86,4.51,0.04,-0.07,0.04
15474,4095,0,2.46,8.94,4.28,0.01,-0.14,-0.02
15527,4095,0,2.50,8.99,4.29,-0.05,-0.10,-0.12
15580,4095,0,2.35,8.82,4.46,-0.04,-0.11,-0.13
15633,4095,0,2.58,8.77,4.50,0.00,-0.14,-0.04
15686,4095,0,2.41,8.70,4.61,0.16,-0.14,0.10
15739,4095,0,2.49,8.94,4.33,0.04,-0.14,0.09
15792,4095,0,2.40,9.11,4.29,0.01,-0.13,0.01
15845,4095,0,2.46,9.00,4.37,-0.03,-0.20,-0.09
15898,4095,0,2.36,8.64,4.63,0.01,-0.03,-0.12
15951,4095,0,2.73,8.96,4.39,-0.06,-0.11,-0.05
16004,4095,0,2.39,8.90,4.27,0.05,-0.24,0.07
16057,4095,0,2.38,8.94,4.67,0.13,-0.15,0.09
16110,4095,0,2.24,8.74,4.50,0.08,-0.11,0.02
16163,4095,0,2.44,8.94,4.45,0.01,-0.03,-0.05
16216,4095,0,2.67,8.38,3.82,-0.08,0.17,-0.05
16269,4095,0,2.41,9.39,5.12,0.04,-0.42,0.03
16322,4095,0,2.61,9.05,3.90,0.08,-0.09,0.02
16375,4095,0,2.05,8.68,4.54,0.11,-0.17,-0.01
16428,4095,0,2.72,8.99,4.41,0.00,-0.03,-0.08
16481,4095,0,2.31,8.79,4.39,0.04,-0.23,-0.02
16534,4095,0,2.49,8.92,4.52,-0.07,-0.06,-0.10
16587,4095,0,2.59,9.00,4.12,-0.01,-0.16,-0.02
16640,4095,0,2.04,9.06,4.26,-0.06,-0.21,-0.07
16693,4095,0,2.50,8.83,4.36,0.05,-0.11,-0.08
16746,4095,0,2.31,8.80,4.79,0.15,-0.22,0.02
16799,4095,0,2.38,8.49,4.51,0.04,0.04,0.00
16852,4095,0,2.53,8.98,4.31,-0.04,-0.16,0.01
16905,4095,0,2.50,9.24,3.84,-0.09,-0.20,-0.03
16958,4095,0,2.20,9.42,4.11,-0.10,-0.29,-0.11
17011,4095,0,1.92,8.55,5.37,0.26,-0.11,-0.05
17064,4095,0,2.61,8.13,4.66,0.18,0.13,0.06
17117,4095,0,2.54,8.70,4.53,0.15,-0.15,0.29
17170,4095,0,2.39,9.16,3.84,-0.08,-0.01,0.18
17223,4095,0,2.43,9.47,4.11,-0.00,-0.11,0.04
17276,4095,0,2.40,9.00,4.01,-0.10,0.00,-0.18
17329,4095,0,2.66,9.12,4.14,-0.09,-0.05,-0.23
17382,4095,0,2.64,8.59,4.13,0.03,-0.14,-0.08
17435,4095,0,2.60,8.64,4.45,0.11,-0.22,0.12
17488,4095,0,2.41,8.82,4.66,0.25,-0.27,0.30
17541,4095,0,2.23,9.04,4.37,0.13,-0.20,0.20
17594,4095,0,2.32,9.19,3.96,-0.12,-0.03,-0.10
17647,4095,0,2.71,9.44,4.16,-0.14,-0.03,-0.22
17700,4095,0,2.54,8.86,4.29,-0.04,-0.19,-0.15
17753,4095,0,2.50,8.63,4.36,-0.03,-0.09,-0.09
17806,4095,0,2.49,8.74,4.45,0.11,-0.20,0.05
17859,4095,0,2.50,8.72,4.35,0.12,-0.16,0.12
17912,4095,0,2.34,8.98,4.20,-0.00,-0.16,0.05
17965,4095,0,2.50,9.17,4.37,0.02,-0.13,-0.00
18018,4095,0,2.32,8.79,4.43,0.04,-0.12,-0.05
18071,4095,0,2.65,8.85,4.13,-0.08,0.01,-0.12
18124,4095,0,2.60,8.94,4.21,-0.00,-0.17,-0.03
18177,4095,0,2.66,9.00,4.26,0.02,-0.14,0.02
18230,4095,0,2.37,8.89,4.36,0.08,-0.25,0.07
18283,4095,0,2.47,8.99,4.33,0.03,-0.12,-0.01
18336,4095,0,2.28,8.71,4.30,0.04,-0.15,-0.06
18389,4095,0,2.64,8.59,4.25,-0.06,-0.02,-0.10
18442,4095,0,2.74,9.32,4.58,0.02,-0.16,0.04
18495,4095,0,2.30,8.79,4.14,0.04,-0.23,0.07
18548,4095,0,2.45,8.97,4.35,0.01,-0.08,-0.02
18601,4095,0,2.56,8.77,4.50,0.11,-0.10,0.01
18654,4095,0,2.53,8.78,4.24,0.01,-0.07,-0.00
18707,4095,0,2.63,8.94,4.24,0.00,-0.14,0.03
18760,4095,0,2.56,8.99,4.16,-0.02,-0.12,0.00
18813,4095,0,2.56,9.15,4.17,-0.00,-0.14,-0.02
18866,4095,0,2.52,8.95,4.28,0.08,-0.16,0.00
18919,4095,0,2.55,8.92,4.47,0.04,-0.11,-0.02
18972,4095,0,2.47,8.68,4.21,0.04,-0.17,-0.01
19025,4095,0,2.52,8.75,4.35,-0.03,-0.05,-0.06
19078,4095,0,2.59,8.90,4.33,-0.03,-0.13,-0.04
19131,4095,0,2.59,8.81,4.11,0.03,-0.17,0.04
19184,4095,0,2.57,9.12,4.31,0.05,-0.15,0.05
19237,4095,0,2.58,9.00,4.36,0.12,-0.19,0.08
19290,4095,0,2.45,8.78,4.26,0.03,-0.06,-0.02
19343,4095,0,2.72,9.03,4.22,-0.05,-0.17,-0.05
19396,4095,0,2.48,8.92,4.41,-0.01,-0.14,-0.04
19449,4095,0,2.64,8.92,4.25,-0.01,-0.14,-0.05
19502,4095,0,2.52,8.97,4.31,-0.03,-0.07,-0.06
19555,4095,0,2.57,8.83,4.31,0.09,-0.20,0.02
19608,4095,0,2.51,8.67,4.39,0.05,-0.07,0.02
19661,4095,0,2.57,8.89,4.38,0.06,-0.17,0.05
19714,4095,0,2.55,9.00,4.30,-0.01,-0.07,0.01
19767,4095,0,2.54,8.93,4.23,0.03,-0.19,-0.01
19820,4095,0,2.57,8.93,4.28,-0.04,-0.03,-0.08
19873,4095,0,2.65,8.80,4.29,0.01,-0.16,-0.03
19926,4095,0,2.70,8.94,4.37,0.05,-0.13,0.04
19979,4095,0,2.49,8.66,4.07,-0.00,-0.09,0.02
20032,4095,0,2.65,9.08,4.32,0.01,-0.16,0.01
20085,4095,0,2.48,8.82,4.38,0.04,-0.14,-0.00
20138,4095,0,2.66,8.95,4.43,0.01,-0.09,-0.03
20191,4095,0,2.32,8.72,4.22,0.03,-0.19,-0.03
20244,4095,0,2.75,8.92,4.36,-0.05,-0.04,-0.10
20297,4095,0,2.63,8.95,4.45,0.07,-0.21,0.03
20350,4095,0,2.44,8.70,4.23,0.01,-0.11,-0.00
20403,4095,0,2.66,9.06,4.36,0.01,-0.11,-0.02
20456,4095,0,2.59,8.89,4.26,0.05,-0.18,0.01
20509,4095,0,2.50,8.77,4.35,-0.01,-0.08,-0.03
20562,4095,0,2.66,9.00,4.41,0.04,-0.20,0.01
20615,4095,0,2.42,8.81,4.39,0.02,-0.11,-0.02
20668,4095,0,2.58,8.89,4.36,0.00,-0.13,-0.03
20721,4095,0,2.48,8.87,4.35,-0.03,-0.07,-0.06
20774,4095,0,2.65,8.83,4.24,0.01,-0.14,-0.03
20827,4095,0,2.49,8.89,4.35,0.02,-0.12,-0.01
20880,4095,0,2.64,9.00,4.25,0.02,-0.13,-0.00
20933,4095,0,2.51,9.04,4.30,0.06,-0.20,0.02
20986,4095,0,2.42,8.96,4.52,0.06,-0.09,-0.02
21039,4095,0,2.47,8.66,4.28,-0.02,-0.06,-0.06
21092,4095,0,2.67,8.93,4.30,-0.01,-0.15,-0.03
21145,4095,0,2.44,8.88,4.27,-0.03,-0.12,-0.04
21198,4095,0,2.62,8.98,4.29,0.05,-0.15,0.01
21251,4095,0,2.48,8.88,4.20,-0.00,-0.10,-0.03
21304,4095,0,2.65,9.04,4.20,0.03,-0.22,0.01
21357,4095,0,2.33,8.80,4.54,0.07,-0.14,0.00
21410,4095,0,2.54,8.72,4.56,0.04,-0.13,-0.01
21463,4095,0,2.44,8.93,4.29,0.01,-0.12,-0.02
21516,4095,0,2.73,8.74,4.17,0.01,-0.06,0.01
21569,4095,0,2.55,9.01,4.26,0.02,-0.14,0.02
21622,4095,0,2.51,8.86,4.18,-0.02,-0.06,-0.05
21675,4095,0,2.57,8.85,4.27,0.05,-0.06,-0.03
21728,4095,0,2.62,8.73,4.02,0.00,-0.19,0.02
21781,4095,0,2.47,9.10,4.40,0.05,-0.15,0.05
21834,4095,0,2.54,8.90,4.31,-0.01,-0.13,0.00
21887,4095,0,2.93,9.30,4.17,-0.01,-0.20,0.01
21940,4095,0,2.15,9.12,4.10,-0.03,-0.43,-0.07
21993,4095,0,2.23,8.68,5.20,0.13,0.05,-0.10
22046,4095,0,2.57,8.50,4.87,0.17,-0.09,0.04
22099,4095,0,2.60,8.68,3.92,-0.09,-0.04,0.04
22152,4095,0,2.61,9.35,3.84,-0.12,-0.11,-0.01
22205,4095,0,2.79,9.57,3.93,-0.13,-0.17,-0.11
22258,4095,0,2.43,9.45,3.92,-0.16,-0.42,-0.27
22311,4095,0,2.32,8.45,4.41,0.04,-0.13,-0.28
22364,4095,0,2.33,8.47,5.00,0.05,-0.47,-0.15
22417,4095,0,2.45,8.26,5.41,0.35,-0.08,0.20
22470,4095,0,2.14,8.09,4.95,0.22,-0.14,0.36
22523,4095,0,2.16,9.27,4.18,-0.02,-0.09,0.16
22576,4095,0,2.25,9.32,4.17,-0.12,0.06,-0.08
22629,4095,0,2.90,9.33,4.02,-0.15,0.07,-0.26
22682,4095,0,2.66,8.94,3.90,-0.20,-0.03,-0.26
22735,4095,0,2.75,9.06,4.09,0.01,-0.23,-0.07
22788,4095,0,2.17,8.24,4.66,0.24,-0.27,0.11
22841,4095,0,2.54,8.65,4.80,0.28,-0.17,0.26
22894,4095,0,2.22,8.80,4.56,0.21,-0.18,0.28
22947,4095,0,2.26,9.14,4.19,-0.03,-0.07,0.07
23000,4095,0,2.37,9.20,4.21,-0.06,-0.06,-0.11
23053,4095,0,2.41,8.66,4.28,-0.09,0.09,-0.23
23106,4095,0,3.01,9.20,4.15,-0.13,-0.02,-0.17
23159,4095,0,2.47,8.90,4.06,0.06,-0.26,0.01
23212,4095,0,2.49,8.56,4.47,0.15,-0.12,0.07
23265,4095,0,2.55,8.76,4.54,0.22,-0.16,0.17
23318,4095,0,2.38,8.78,4.12,0.06,-0.09,0.12
23371,4095,0,2.77,9.53,4.19,-0.04,-0.14,0.07
23424,4095,0,2.22,9.11,4.21,-0.01,-0.22,-0.03
23477,4095,0,2.58,8.91,4.36,-0.06,0.02,-0.17
23530,4095,0,2.60,8.72,4.40,0.02,-0.09,-0.09
23583,4095,0,2.71,8.84,4.04,-0.04,-0.16,-0.02
23636,4095,0,2.43,8.79,4.14,0.02,-0.19,0.02
23689,4095,0,2.54,8.90,4.42,0.10,-0.20,0.07
23742,4095,0,2.32,8.82,4.43,0.14,-0.14,0.08
23795,4095,0,2.46,8.66,4.28,-0.01,0.02,-0.04
23848,4095,0,2.80,9.11,4.27,0.03,-0.17,0.02
23901,4095,0,2.56,9.06,4.21,-0.03,-0.03,0.00
23954,4095,0,2.60,9.03,4.13,-0.01,-0.19,-0.01
24007,4095,0,2.60,8.99,4.19,-0.01,-0.05,-0.05
24060,4095,0,2.67,8.79,4.19,0.06,-0.16,0.01
24113,4095,0,2.61,8.74,4.03,-0.04,-0.13,-0.03
24166,4095,0,2.72,9.00,4.28,0.06,-0.21,0.05
24219,4095,0,2.43,8.79,4.28,0.05,-0.18,0.02
24272,4095,0,2.61,9.02,4.46,0.04,0.01,0.05
24325,4095,0,3.04,8.84,4.42,0.05,-0.15,0.15
24378,4095,0,2.49,8.85,3.93,-0.10,-0.14,0.03
24431,4095,0,2.84,9.05,4.14,-0.06,-0.10,0.00
24484,4095,0,2.94,9.15,4.19,-0.09,-0.20,-0.00
24537,4095,0,2.62,9.02,4.41,0.08,-0.25,0.04
24590,4095,0,2.43,8.16,4.51,0.11,-0.01,-0.07
24643,4095,0,2.60,8.57,5.10,0.04,-0.05,-0.09
24696,4095,0,3.23,9.06,3.78,0.05,-0.18,0.06
24749,4095,0,2.39,8.53,4.28,0.10,0.03,-0.05
24802,4095,0,3.17,9.43,4.21,0.14,-0.07,0.04
24855,4095,0,2.79,8.20,4.17,0.15,-0.16,0.02
24908,4095,4,2.70,8.71,4.14,-0.12,-0.27,-0.09
24961,4095,0,3.19,9.18,4.22,-0.18,0.00,-0.01
25014,4095,0,2.49,8.57,4.28,0.08,-0.45,0.16
25067,4095,0,2.28,8.98,4.69,-0.15,-0.09,-0.11
25120,4095,0,2.86,8.91,4.72,-0.00,0.24,-0.18
25173,4095,0,3.24,8.54,4.25,0.02,-0.13,0.03
25226,4095,0,2.41,8.47,4.08,-0.04,-0.25,0.06
25279,4095,0,2.94,9.04,4.13,-0.05,-0.02,0.05
25332,4095,0,2.77,9.05,4.44,0.11,-0.34,0.13
25385,4095,0,2.53,9.00,4.55,0.10,-0.06,0.05
25438,4095,0,2.19,9.55,4.09,0.14,-0.19,-0.11
25491,4095,0,3.05,8.87,4.45,0.02,0.07,-0.15
25544,4095,0,2.73,8.99,4.14,-0.02,-0.26,-0.14
25597,4095,0,2.11,9.06,4.05,-0.03,0.02,-0.26
25650,4095,0,2.47,9.44,4.32,0.33,0.13,-0.25
25703,4095,0,2.56,8.49,4.16,0.35,0.03,-0.22
25756,4095,0,2.26,8.73,4.25,0.13,-0.02,-0.15
25809,4095,0,2.31,9.00,3.89,0.11,-0.03,-0.11
25862,4095,0,2.12,9.22,3.70,0.12,-0.11,-0.12
25915,4095,0,1.86,9.07,3.95,-0.07,-0.08,-0.22
25968,4095,0,2.06,9.21,4.34,-0.00,-0.07,-0.11
26021,4095,0,2.28,8.41,3.83,-0.05,-0.29,0.00
26074,4095,0,2.51,8.85,4.22,-0.24,-0.36,0.16
26127,4095,0,1.76,9.60,3.87,0.24,-0.26,0.25
26180,4095,0,1.96,8.83,4.27,0.05,0.05,-0.07
26233,4095,0,2.33,8.77,4.18,-0.03,-0.17,-0.10
26286,4095,0,2.02,8.94,4.14,-0.00,-0.08,-0.10
26339,4095,0,2.09,8.96,3.90,0.01,-0.08,-0.15
26392,4095,0,2.24,9.19,3.80,0.03,0.03,-0.08
26445,4095,0,2.70,8.39,4.21,-0.01,-0.43,0.03
26498,4095,0,2.23,8.68,3.97,0.05,-0.20,0.34
26551,4095,0,2.22,9.31,3.77,-0.07,-0.32,0.25
26604,4095,0,1.72,9.79,4.12,-0.01,-0.28,0.01
26657,4095,0,2.73,8.65,3.95,-0.04,0.10,-0.13
26710,4095,0,2.28,9.35,4.77,-0.02,-0.25,0.15
26763,4095,0,2.02,9.90,3.89,0.02,-0.07,0.11
26816,4095,0,1.85,7.46,3.06,0.00,0.18,-0.28
26869,4095,0,3.20,9.86,4.03,-0.38,0.09,-0.54
26922,4095,0,3.06,9.36,4.46,0.38,-0.48,0.29
26975,4095,0,1.15,8.39,3.76,-0.03,-0.40,0.08
27028,4095,0,2.12,8.84,5.00,-0.03,0.06,-0.12
27081,4095,0,2.78,9.50,4.03,-0.00,-0.18,0.04
27134,4095,0,1.89,8.79,4.41,-0.06,-0.15,-0.15
27187,4095,0,2.10,8.91,4.42,-0.11,-0.07,-0.10
27240,4095,0,2.25,8.96,4.47,-0.00,-0.18,0.07
27293,4095,0,2.24,8.59,4.28,-0.03,0.08,0.07
27346,4095,0,2.94,9.07,3.91,-0.15,-0.33,0.20
27399,4095,0,1.92,8.62,3.93,-0.08,-0.36,0.20
27452,4095,0,2.49,9.57,4.19,-0.15,-0.05,0.09
27505,4095,0,2.35,8.44,4.74,0.21,-0.15,0.12
27558,4095,0,2.33,9.43,4.17,-0.10,-0.05,-0.08
27611,4095,0,2.45,8.97,4.50,0.19,-0.08,0.00
27664,4095,0,3.84,8.35,4.43,0.42,0.08,0.22
27717,4095,0,1.98,8.50,4.24,0.20,-0.38,0.21
27770,4095,0,2.32,9.57,4.10,-0.05,0.08,-0.22
27823,4095,0,2.77,9.36,4.36,-0.01,-0.09,-0.23
27876,4095,0,2.01,8.43,4.04,-0.07,-0.07,-0.37
27929,4095,0,2.53,8.91,4.59,-0.24,0.15,-0.37
27982,4095,0,2.69,9.03,3.96,-0.02,-0.21,-0.08
28035,4095,0,1.81,8.34,4.24,0.06,-0.09,0.01
28088,4095,0,2.69,9.17,4.37,0.16,-0.05,0.22
28141,4095,0,1.60,9.33,4.30,0.21,-0.06,0.22
28194,4095,0,2.32,9.27,4.11,0.31,0.07,-0.01
28247,4095,0,2.11,8.15,4.17,0.00,-0.13,-0.12
28300,4095,0,2.06,9.41,3.70,-0.16,-0.10,-0.21
28353,4095,0,2.09,8.50,4.35,0.22,0.09,-0.09
28406,4095,0,2.50,9.90,4.68,0.02,-0.11,0.09
28459,4095,0,1.95,9.41,3.75,0.33,-0.16,0.19
28512,4095,0,2.14,9.21,3.02,0.53,0.08,-0.00
28565,4095,0,2.32,8.67,3.71,0.09,-0.01,-0.20
28618,4095,0,1.86,9.26,3.27,-0.49,-0.59,-0.16
28671,4095,0,2.09,8.79,3.41,-0.33,-0.28,-0.15
28724,4095,0,2.99,10.87,4.61,-0.16,-0.55,0.09
28777,4095,0,0.58,8.28,4.13,0.60,-0.63,0.05
28830,4095,0,1.82,7.90,2.69,-0.48,0.34,-0.60
28883,4095,0,3.33,9.98,3.94,-0.47,-0.15,-0.27
28936,4095,0,2.07,9.11,3.95,0.09,-1.10,0.17
28989,4095,0,0.80,8.54,3.86,0.21,-0.29,-0.18
29042,4095,0,2.42,8.65,4.29,-0.32,0.02,-0.51
29095,4095,0,2.55,10.74,4.35,-0.30,-0.41,-0.21
29148,4095,0,1.48,9.23,4.23,0.07,-0.69,-0.08
29201,4095,0,1.63,9.43,4.25,-0.15,-0.16,-0.28
29254,4095,0,1.70,9.34,5.18,0.23,-0.65,-0.08
29307,4095,0,0.56,9.18,5.03,0.22,-0.31,-0.25
29360,4095,0,1.18,8.76,4.52,-0.16,-0.04,-0.69
29413,4095,0,2.32,9.37,5.41,-0.29,-0.20,-0.33
29466,4095,0,1.29,8.80,4.76,-0.06,-0.84,0.12
29519,4095,0,0.54,8.81,3.67,-0.42,-0.62,0.06
29572,4095,0,0.84,9.64,4.05,-0.53,-0.52,-0.42
29625,4095,0,1.29,9.03,4.10,-0.38,-0.31,-0.65
29678,4095,0,1.56,8.36,5.27,-0.00,-0.76,-0.36
29731,4095,0,0.63,7.73,5.59,0.16,-0.57,0.09
29784,4095,0,0.95,9.05,5.28,0.55,-0.26,0.27
29837,4095,0,1.09,7.41,4.67,0.15,-0.24,0.13
29890,4095,0,2.08,10.09,4.61,-0.36,-0.24,0.10
29943,4095,0,1.63,9.73,5.98,0.16,-0.99,0.58
29996,4095,0,0.57,8.04,3.55,-0.17,-0.34,0.20
30049,4095,0,1.65,9.49,4.57,-0.63,-0.29,-0.30
30102,4095,0,2.27,9.22,4.78,-0.43,0.01,-0.29
30155,4095,0,2.41,8.94,5.60,0.26,-0.88,0.25
30208,4095,0,1.52,8.31,4.32,-0.09,-0.11,-0.14
30261,4095,0,3.21,9.61,5.71,-0.01,-0.32,-0.17
30314,4095,0,1.21,6.99,5.72,0.61,-0.57,0.11
30367,4095,0,0.95,8.14,4.45,0.11,-0.11,0.08
30420,4095,0,1.28,9.87,4.80,-0.10,-0.34,0.26
30473,4095,0,0.96,8.66,4.52,0.23,-0.51,0.21
30526,4095,0,2.52,8.71,6.04,-0.05,0.32,-0.23
30579,4095,0,2.21,7.14,4.55,-0.07,-0.24,-0.03
30632,4095,0,3.56,10.07,4.36,-0.40,0.19,-0.15
30685,4095,0,3.43,9.98,3.41,-0.20,-0.96,-0.30
30738,4095,0,1.94,7.21,3.96,-0.50,0.16,-0.80
30791,4095,0,3.11,8.54,7.21,0.07,-0.10,-0.13
30844,4095,0,2.24,10.56,4.98,0.47,-0.43,0.39
30897,4095,0,0.30,8.82,4.74,0.86,-1.04,0.37
30950,4095,0,1.38,8.41,5.63,0.10,0.50,-0.14
31003,4095,0,1.91,8.22,4.84,0.26,-0.19,-0.13
31056,4095,0,2.05,8.34,5.23,-0.04,0.54,-0.26
31109,4095,0,3.78,11.40,4.34,-0.35,0.64,0.08
31162,4095,0,0.86,9.34,2.32,-0.07,-1.37,0.30
31215,4095,0,0.35,7.43,4.88,-0.41,0.37,-0.23
31268,4095,0,2.45,8.53,4.19,-0.47,0.42,-0.44
31321,4095,0,2.53,9.12,5.16,0.15,-0.63,0.00
31374,4095,0,1.91,7.45,6.77,0.67,0.06,0.15
31427,4095,0,3.30,8.34,5.91,0.66,0.05,0.49
31480,4095,0,1.39,10.24,3.69,0.39,-0.79,0.64
31533,4095,0,1.07,8.20,4.60,-0.04,0.41,0.06
31586,4095,0,2.87,9.63,4.51,-0.61,-0.07,-0.29
31639,4095,0,1.77,8.80,5.52,-0.47,0.04,-0.28
31692,4095,0,3.26,7.69,5.13,-0.20,0.06,0.05
31745,4095,0,1.51,8.44,4.66,-0.23,0.20,-0.16
31798,4095,0,2.87,8.76,5.22,0.23,0.34,-0.06
31851,4095,0,2.99,10.34,4.48,0.02,-0.28,0.44
31904,4095,0,1.34,9.61,4.96,0.14,-0.82,0.55
31957,4095,0,0.88,7.57,5.19,0.38,0.04,0.10
32010,4095,0,2.42,7.81,3.91,-0.34,0.20,-0.46
32063,4095,0,2.35,8.10,4.85,-0.42,-0.04,-0.63
32116,4095,0,2.99,9.19,5.40,-0.43,-0.14,-0.34
32169,4095,0,3.01,9.65,6.11,-0.35,-0.87,0.06
32222,4095,0,0.63,8.62,6.28,0.30,-0.79,0.20
32275,4095,0,1.70,7.83,4.55,0.16,0.28,-0.13
32328,4095,0,1.48,8.73,5.13,0.33,-0.34,-0.27
32381,4095,0,2.74,8.55,4.37,0.29,-0.41,-0.11
32434,4095,0,2.63,8.14,5.82,-0.05,-0.02,0.13
32487,0,0,2.60,9.42,6.42,0.42,-0.62,0.69
32540,0,0,1.36,9.36,4.74,0.04,-0.38,0.60
32593,0,0,1.18,9.19,3.90,-0.34,0.21,-0.29
32646,0,0,3.12,9.65,5.69,0.10,0.28,-0.42
32699,4095,0,1.80,7.18,5.32,0.51,0.41,-0.27
32752,4095,0,2.68,8.24,4.19,-0.21,0.63,-0.27
32805,4095,0,2.85,8.41,4.87,-0.24,-0.15,0.13
32858,4095,0,3.07,9.26,4.46,0.19,-0.50,0.42
32911,4095,0,1.13,7.78,4.97,0.20,-0.10,0.22
32964,4095,0,3.19,9.90,4.04,-0.31,-0.01,-0.12
33017,4095,0,1.75,8.82,5.05,0.02,-0.61,-0.07
33070,4095,0,2.02,9.09,4.48,0.00,-0.28,-0.28
33123,4095,0,2.28,7.74,5.22,-0.13,0.06,-0.09
33176,4095,0,2.52,9.51,5.88,-0.18,-0.40,0.07
33229,4095,0,2.77,9.02,5.57,0.25,-0.28,0.10
33282,4095,0,1.49,8.07,5.68,0.46,-0.61,0.02
33335,4095,0,1.06,7.44,5.35,0.11,-0.11,-0.37
33388,4095,0,2.29,8.39,5.48,0.17,0.22,-0.25
33441,4095,0,2.57,9.51,3.98,0.04,-0.15,0.06
33494,4095,0,1.41,8.96,4.02,-0.20,-0.22,-0.12
33547,4095,0,2.65,9.30,4.30,-0.31,0.20,-0.29
33600,4095,0,1.95,8.39,4.92,-0.18,-0.75,-0.27
33653,4095,0,1.69,8.11,5.20,0.05,-0.11,-0.12
33706,4095,0,3.99,8.02,4.20,-0.46,0.11,-0.02
33759,4095,0,0.35,8.93,4.99,0.20,-0.84,0.38
33812,4095,0,2.60,10.23,4.85,-0.36,0.04,0.09
33865,4095,0,0.74,8.13,5.06,0.08,-0.91,-0.12
33918,4095,0,0.81,8.79,5.20,-0.35,0.46,-0.65
33971,4095,0,3.12,9.17,5.78,0.08,0.16,-0.24
34024,4095,0,2.01,8.87,5.84,0.14,-0.22,0.16
34077,4095,0,2.20,9.83,5.54,0.64,-0.32,0.43
34130,4095,0,0.04,7.48,3.98,0.71,-0.26,0.20
34183,4095,0,2.24,7.58,5.49,-0.36,0.99,-0.35
34236,4095,0,3.83,10.12,4.69,-0.16,-0.13,0.23
34289,4095,0,0.34,8.21,4.58,0.18,-0.52,0.46
34342,4095,0,1.72,9.13,5.12,-0.12,0.35,0.05
34395,4095,0,2.57,8.39,3.75,-0.23,0.10,-0.13
34448,4095,0,2.73,9.73,5.48,0.10,-0.23,-0.02
34501,4095,0,1.26,8.17,4.70,-0.02,-0.10,0.03
34554,4095,0,2.37,8.72,5.27,-0.07,0.07,-0.03
34607,4095,0,1.92,8.77,4.58,0.12,-0.28,0.08
34660,4095,0,2.05,9.10,5.05,0.15,0.01,0.05
34713,4095,0,2.10,8.90,5.12,0.12,-0.23,-0.01
34766,4095,0,1.40,8.31,5.26,0.15,-0.20,0.01
34819,4095,0,2.19,8.52,4.38,-0.17,-0.10,-0.19
34872,4095,0,1.95,8.81,5.01,-0.09,0.04,-0.15
34925,4095,0,1.89,8.61,5.06,0.02,-0.02,-0.07
34978,4095,0,2.09,8.92,4.24,-0.05,-0.11,-0.13
35031,4095,0,1.47,8.04,4.38,0.20,-0.30,-0.09
35084,4095,0,1.85,8.44,4.93,0.06,0.34,-0.10
35137,4095,0,2.34,8.91,5.72,0.05,0.25,0.20
35190,4095,0,1.86,9.71,4.49,-0.04,-0.27,0.14
35243,4095,0,1.17,8.59,5.14,0.31,0.28,0.09
35296,4095,0,1.87,8.12,4.34,-0.10,0.14,-0.41
35349,4095,0,1.45,8.18,5.22,-0.11,-0.17,-0.22
35402,4095,0,2.41,8.44,4.44,-0.28,0.01,0.02
35455,4095,0,1.79,9.63,4.91,0.18,-0.72,0.47
35508,4095,0,1.11,9.00,4.76,0.11,-0.14,0.22
35561,4095,0,1.85,9.13,5.07,0.25,-0.05,0.03
35614,4095,0,1.65,8.83,4.85,0.06,-0.02,-0.23
35667,4095,0,1.43,9.12,4.94,0.07,-0.05,-0.31
35720,4095,0,1.60,8.48,4.78,-0.07,0.09,-0.39
35773,4095,0,1.84,8.58,4.73,0.07,-0.01,-0.21
35826,4095,0,1.21,8.82,4.87,-0.13,-0.17,-0.10
35879,4095,0,1.28,8.94,4.92,0.08,-0.13,-0.00
35932,4095,0,1.51,8.50,5.01,0.13,-0.20,0.14
35985,4095,0,1.11,9.06,4.75,0.06,-0.25,0.12
36038,4095,0,1.04,9.13,4.92,0.10,-0.05,-0.03
36091,4095,0,1.57,8.45,4.84,0.04,0.06,-0.10
36144,4095,0,1.27,9.53,4.91,-0.06,-0.26,-0.09
36197,4095,0,0.16,9.35,4.72,0.04,0.02,-0.36
36250,4095,0,1.31,8.76,4.77,0.36,0.53,-0.46
36303,4095,0,1.85,8.29,4.86,-0.11,-0.24,-0.16
36356,4095,0,0.26,9.32,4.49,0.02,-0.26,-0.04
36409,4095,0,1.94,8.05,4.99,-0.25,-0.04,0.16
36462,4095,0,0.93,9.60,4.40,-0.07,-0.66,0.53
36515,4095,0,0.32,8.89,5.05,-0.04,-0.26,0.21
36568,4095,0,0.45,9.53,4.94,0.18,0.11,-0.19
36621,4095,0,1.51,8.66,4.78,0.14,0.35,-0.39
36674,4095,0,2.04,8.09,4.46,0.08,-0.12,0.09
36727,4095,0,1.70,8.78,4.61,-0.19,-0.49,0.47
36780,4095,0,1.00,9.06,4.75,-0.04,-0.56,0.57
36833,4095,0,1.66,8.78,5.08,-0.08,-0.29,0.44
36886,4095,0,1.26,9.80,4.97,-0.09,-0.46,0.22
36939,4095,0,1.28,8.80,4.90,0.12,0.06,-0.07
36992,4095,0,2.38,8.94,4.94,-0.04,0.09,-0.14
37045,4095,0,2.43,8.46,4.84,0.09,-0.26,0.15
37098,4095,0,1.86,8.71,4.98,0.03,-0.29,0.27
37151,4095,0,2.07,8.77,4.90,-0.15,-0.23,0.18
37204,4095,0,1.66,9.19,4.75,-0.13,-0.11,-0.00
37257,4095,0,2.11,9.12,5.05,-0.10,-0.04,-0.16
37310,4095,0,2.02,8.26,4.76,-0.10,0.02,-0.22
37363,4095,0,2.56,8.58,5.02,-0.05,-0.13,-0.08
37416,4095,0,1.92,8.43,4.97,0.07,-0.28,0.14
37469,4095,0,2.17,8.95,5.18,0.05,-0.21,0.13
37522,4095,0,2.07,8.86,4.88,0.01,-0.28,0.06
37575,4095,0,1.99,8.58,5.09,0.02,-0.12,-0.03
37628,4095,0,2.36,8.96,5.07,0.00,-0.16,-0.11
37681,4095,0,2.16,8.55,4.83,-0.06,-0.13,-0.14
37734,4095,0,2.19,8.55,5.60,-0.01,-0.13,-0.01
37787,4095,0,2.26,8.83,4.86,-0.30,-0.31,-0.06
37840,4095,0,1.30,8.38,6.19,0.04,-0.31,-0.09
37893,4095,0,1.89,8.86,5.22,-0.13,-0.36,-0.07
37946,4095,0,2.12,8.55,5.29,-0.21,-0.11,-0.10
37999,4095,0,2.52,8.76,5.30,-0.19,-0.38,-0.10
38052,4095,0,1.55,8.83,4.05,-0.04,-0.52,-0.02
38105,4095,0,3.20,9.00,5.94,0.15,-0.05,0.07
38158,4095,0,1.83,8.73,5.11,0.34,-0.76,0.18
38211,4095,0,1.77,8.44,5.04,-0.02,0.04,-0.12
38264,4095,0,2.55,8.51,5.47,0.12,-0.21,-0.15
38317,4095,0,1.95,8.10,5.55,0.10,-0.13,-0.17
38370,4095,0,2.49,8.34,6.00,0.23,0.03,-0.01
38423,4095,0,2.07,8.33,5.43,0.35,0.00,-0.01
38476,4095,0,2.28,8.47,4.68,0.09,0.25,-0.01
38529,4095,0,2.39,8.89,4.09,-0.23,0.20,0.07
38582,4095,0,1.92,9.02,5.18,-0.10,-0.09,0.06
38635,4095,0,2.34,8.94,5.17,0.05,0.37,0.00
38688,4095,0,2.08,8.56,5.20,0.25,-0.25,0.30
38741,4095,0,2.16,8.45,4.93,0.13,0.49,0.14
38794,4095,0,2.41,9.25,4.84,0.04,0.02,0.12
38847,4095,0,1.69,8.38,4.87,0.01,0.07,0.02
38900,4095,0,2.52,8.84,4.88,-0.07,0.26,-0.07
38953,4095,0,2.04,9.16,5.24,0.18,0.05,0.07
39006,4095,0,1.80,8.10,4.86,0.19,0.07,0.08
39059,4095,0,2.40,9.20,5.23,0.09,0.22,0.06
39112,4095,0,1.71,8.41,4.79,0.25,-0.04,0.11
39165,4095,0,1.11,8.79,4.73,-0.18,0.18,-0.13
39218,4095,0,3.21,9.54,4.76,0.10,0.21,0.06
39271,4095,0,1.57,8.94,5.12,0.26,-0.01,0.08
39324,4095,0,2.31,8.69,4.84,0.13,0.32,0.13
39377,4095,0,1.66,8.75,3.36,0.22,-0.12,0.29
39430,4095,0,2.23,8.67,4.70,0.05,0.21,0.07
39483,4095,0,2.31,8.98,4.80,0.05,0.05,-0.14
39536,4095,0,2.00,9.43,4.56,-0.26,0.05,-0.04
39589,4095,0,1.61,8.96,4.79,0.07,-0.40,-0.00
39642,4095,0,2.36,8.62,5.35,0.29,0.19,-0.10
39695,4095,0,2.77,9.01,5.67,0.70,-0.31,0.28
39748,4095,0,0.65,8.30,3.04,-0.40,-0.57,-0.36
39801,4095,0,2.98,9.45,4.67,-0.02,0.17,0.01
39854,4095,0,2.12,9.45,4.36,0.35,0.21,0.01
39907,4095,0,2.31,8.88,4.30,0.17,-0.10,-0.00
39960,4095,0,2.22,9.10,3.88,0.04,-0.02,0.06
40013,4095,0,2.37,8.91,4.16,0.10,-0.04,-0.09
40066,4095,0,2.22,9.07,4.31,0.02,-0.34,0.00
40119,4095,0,2.04,8.77,4.37,0.10,-0.10,0.04
40172,4095,0,2.01,8.99,4.40,-0.00,-0.18,-0.04
40225,4095,0,2.14,9.02,4.39,-0.09,0.08,-0.03
40278,4095,0,2.12,9.32,4.35,-0.00,-0.30,0.06
40331,4095,0,1.92,8.86,4.40,0.00,0.04,0.02
40384,4095,0,2.41,9.26,4.32,0.06,-0.06,0.04
40437,4095,0,1.71,9.86,5.25,0.42,0.01,0.11
40490,4095,0,1.98,8.73,4.15,-0.26,-0.20,-0.06
40543,4095,0,1.31,9.13,3.54,0.38,-0.73,0.22
40596,4095,0,0.55,9.61,5.23,-0.42,0.54,-0.55
40649,4095,0,4.25,9.99,4.04,0.04,-0.66,-0.40
40702,4095,0,1.54,7.20,2.93,-0.59,-0.63,-0.65
40755,4095,0,3.83,10.70,3.86,-1.05,0.12,-0.44
40808,4095,0,1.07,7.26,4.43,0.09,-1.40,-0.25
40861,4095,0,2.96,9.14,4.62,-0.09,-0.44,0.00
40914,4095,0,1.90,8.91,4.96,0.12,-1.10,0.26
40967,4095,0,1.57,9.05,5.37,0.13,-0.66,0.14
41020,4095,0,2.23,9.29,5.11,0.17,-0.34,-0.09
41073,4095,0,2.00,8.63,5.47,0.13,-0.32,-0.10
41126,0,0,2.32,8.70,4.66,-0.11,-0.32,-0.12
41179,0,0,1.76,9.11,5.07,-0.14,-0.35,-0.19
41232,0,0,2.10,8.61,4.87,-0.11,-0.05,-0.22
41285,0,0,1.59,8.19,4.04,-0.09,-0.18,-0.08
41338,0,0,2.43,10.24,2.44,2.46,2.32,2.96
41391,0,0,5.63,6.78,4.20,0.32,-1.11,0.21
41444,4095,0,-0.76,11.14,4.34,-1.38,-0.61,-0.48
41497,4095,0,4.93,8.52,5.15,-0.00,-0.46,-0.33
41550,4095,0,1.30,8.54,3.98,-0.54,-0.92,-0.07
41603,4095,0,2.50,9.17,5.06,-0.52,-0.07,-0.24
41656,4095,0,1.68,8.96,3.94,-0.38,-0.68,-0.37
41709,4095,0,2.18,8.71,5.28,-0.30,-0.23,-0.51
41762,4095,0,2.66,8.55,4.74,-0.07,-0.31,-0.15
41815,4095,0,2.06,8.60,5.12,0.19,-0.55,0.20
41868,4095,0,1.85,8.47,5.02,0.27,-0.29,0.22
41921,4095,0,2.38,8.81,5.13,0.12,-0.39,0.09
41974,4095,0,2.18,8.14,5.19,-0.09,-0.35,0.06
42027,4095,0,2.88,9.51,4.93,-0.15,0.00,-0.10
42080,4095,0,1.79,8.83,5.60,0.05,-0.37,-0.09
42133,4095,0,2.50,8.53,4.39,-0.26,0.19,-0.43
42186,4095,0,2.51,8.26,4.98,0.04,0.08,-0.18
42239,4095,0,2.55,8.92,4.80,0.01,-0.02,0.06
42292,4095,0,2.29,9.17,5.12,0.03,-0.32,0.24
42345,4095,0,1.85,8.82,4.51,0.00,-0.41,0.05
42398,4095,0,2.00,8.85,4.95,0.13,-0.01,-0.09
42451,4095,0,2.47,8.36,5.34,0.04,-0.13,-0.08
42504,4095,0,2.24,8.93,4.82,-0.06,-0.13,-0.05
42557,4095,0,2.71,8.42,4.81,-0.00,-0.08,0.06
42610,4095,0,1.84,8.60,5.54,0.07,0.07,0.02
42663,4095,0,2.08,8.76,4.82,-0.11,-0.09,-0.14
42716,4095,0,1.97,8.70,5.29,-0.11,0.12,-0.24
42769,0,0,2.08,7.99,5.28,0.10,-0.18,-0.04
42822,4095,0,2.57,8.53,4.67,-0.11,0.08,0.09
42875,4095,0,1.95,9.38,4.55,0.03,-0.45,0.16
42928,4095,0,2.39,8.04,5.71,0.53,0.30,0.17
42981,4095,0,2.82,9.60,5.44,0.13,-0.21,0.13
43034,4095,0,1.88,8.36,4.38,0.00,-0.24,0.13
43087,4095,0,2.45,8.73,5.83,0.19,0.31,0.06
43140,4095,0,1.52,8.44,4.54,-0.08,-0.16,-0.11
43193,4095,0,2.55,7.95,5.08,-0.40,0.39,-0.18
43246,4095,0,2.21,9.55,5.00,-0.06,-0.47,0.18
43299,4095,0,1.52,8.91,4.84,-0.06,-0.09,-0.05
43352,4095,0,2.56,8.69,5.45,0.13,-0.16,-0.02
43405,4095,0,1.85,8.38,5.06,0.07,-0.10,-0.06
43458,4095,0,2.27,8.81,5.46,0.01,-0.12,-0.07
43511,4095,0,2.59,8.63,4.91,0.01,-0.39,0.06
43564,4095,0,1.65,8.39,5.07,-0.15,-0.27,-0.03
43617,4095,0,2.28,8.73,5.39,-0.15,-0.27,-0.06
43670,4095,0,2.24,8.46,5.15,-0.15,-0.15,0.06
43723,4095,0,2.00,8.35,5.33,-0.04,-0.48,0.11
43776,4095,0,2.48,8.46,4.85,-0.15,-0.03,-0.09
43829,4095,0,2.61,8.75,5.70,0.08,-0.26,0.16
43882,4095,0,2.23,8.23,5.36,0.01,-0.13,0.10
43935,4095,0,2.42,8.74,5.52,-0.08,-0.03,-0.04
43988,4095,0,2.29,8.60,5.18,0.02,-0.21,-0.06
44041,4095,0,2.43,8.26,5.21,0.00,-0.12,-0.10
44094,4095,0,2.58,8.78,5.43,0.03,-0.11,-0.09
44147,4095,0,2.42,8.32,5.69,0.15,-0.19,0.06
44200,4095,0,2.29,8.27,5.30,0.03,-0.11,0.05
44253,4095,0,2.21,8.77,5.40,-0.01,-0.08,-0.05
44306,4095,0,2.39,8.58,5.53,0.05,-0.10,-0.10
44359,4095,0,2.00,8.37,5.07,-0.14,-0.22,-0.15
44412,4095,0,2.48,8.81,5.43,-0.14,-0.18,-0.10
44465,4095,0,2.22,8.45,5.13,-0.03,-0.14,-0.08
44518,4095,0,2.34,8.44,5.51,0.00,-0.15,-0.03
44571,4095,0,2.36,8.23,5.47,-0.01,-0.02,-0.04
44624,4095,0,2.35,8.66,5.59,-0.02,-0.14,-0.01
44677,4095,0,2.26,8.44,5.51,0.03,-0.15,0.08
44730,4095,0,2.19,8.35,5.43,0.01,-0.25,0.10
44783,4095,0,2.04,8.53,5.14,-0.10,-0.04,-0.13
44836,4095,0,2.45,8.68,5.63,-0.07,0.02,-0.07
44889,4095,0,2.29,8.23,5.51,0.09,-0.21,0.09
44942,4095,0,2.37,8.57,5.55,0.01,-0.14,0.07
44995,4095,0,2.17,8.19,5.54,0.00,-0.12,0.06
45048,4095,0,2.70,8.27,5.41,-0.02,-0.04,0.02
45101,4095,0,1.95,8.51,5.55,0.03,-0.14,-0.04
45154,4095,0,2.44,8.53,5.83,-0.00,-0.02,-0.03
45207,4095,0,2.30,8.22,5.70,0.00,-0.14,0.05
45260,4095,0,2.30,8.54,5.70,0.00,-0.15,0.06
45313,4095,0,2.23,8.36,5.74,-0.02,0.00,-0.05
45366,4095,0,2.32,8.53,5.70,-0.06,-0.13,-0.08
45419,4095,0,2.29,8.42,5.57,-0.00,-0.15,-0.08
45472,4095,0,2.22,8.07,5.88,0.02,-0.09,-0.04
45525,4095,0,2.42,8.22,5.71,-0.02,-0.11,0.04
45578,4095,0,2.33,8.47,5.54,-0.07,-0.18,0.02
45631,4095,0,2.22,8.24,5.84,0.07,-0.19,0.06
45684,4095,0,2.38,8.26,5.78,-0.02,-0.15,-0.00
45737,4095,0,2.26,8.42,5.72,-0.01,-0.16,-0.03
45790,4095,0,2.43,8.34,5.76,0.02,-0.13,-0.01
45843,4095,0,2.38,8.14,5.80,0.06,-0.17,0.05
45896,4095,0,2.31,8.25,5.76,0.02,-0.17,0.06
45949,4095,0,2.38,8.42,5.82,0.03,-0.11,0.00
46002,4095,0,2.43,8.22,5.64,-0.02,-0.11,-0.06
46055,4095,0,2.49,8.33,5.55,-0.06,-0.11,-0.08
46108,4095,0,2.52,8.27,5.54,-0.03,-0.18,-0.03
46161,4095,0,2.48,8.06,5.94,0.02,-0.12,0.00
46214,4095,0,2.46,8.36,5.65,0.01,-0.20,0.02
46267,4095,0,2.36,8.29,5.82,0.03,-0.13,-0.01
46320,4095,0,2.49,8.14,5.81,0.00,-0.11,-0.02
46373,4095,0,2.46,8.35,5.71,-0.03,-0.18,-0.03
46426,4095,0,2.48,8.12,5.80,-0.03,-0.08,-0.05
46479,4095,0,2.56,8.30,5.83,-0.05,-0.21,-0.01
46532,4095,0,2.27,8.03,5.94,0.09,-0.10,0.03
46585,4095,0,2.33,8.34,5.94,0.03,-0.16,-0.01
46638,4095,0,2.47,8.21,5.80,-0.00,-0.07,-0.03
46691,4095,0,2.35,8.28,5.86,-0.02,-0.16,-0.04
46744,4095,0,2.43,8.14,5.99,-0.03,-0.13,-0.03
46797,4095,0,2.31,8.02,5.92,0.09,-0.14,0.02
46850,4095,0,2.34,8.36,5.92,0.02,-0.12,-0.01
46903,4095,0,2.42,8.26,5.98,0.11,-0.09,0.08
46956,4095,0,2.27,8.35,5.98,0.05,-0.18,0.12
47009,4095,0,2.29,7.86,5.89,0.01,-0.02,0.03
47062,4095,0,2.61,8.49,5.74,-0.08,-0.06,-0.06
47115,4095,0,2.63,8.14,5.76,-0.06,-0.04,-0.04
47168,4095,0,2.60,8.14,5.60,-0.04,-0.12,0.00
47221,4095,0,2.58,8.29,5.76,-0.06,-0.05,-0.02
47274,4095,0,2.66,8.38,5.77,0.04,-0.18,0.08
47327,4095,0,2.28,8.12,5.94,0.06,-0.16,0.08
47380,4095,0,2.47,8.12,6.03,0.05,-0.11,0.05
47433,4095,0,2.53,8.02,6.02,0.01,-0.07,0.02
47486,4095,0,2.48,8.08,6.02,0.01,-0.15,0.04
47539,4095,0,2.55,8.23,5.69,-0.08,-0.05,-0.08
47592,4095,0,2.78,8.12,5.88,-0.00,-0.12,-0.05
47645,4095,0,2.52,8.33,5.88,-0.03,-0.17,-0.03
47698,4095,0,2.57,8.23,6.05,0.08,-0.17,0.05
47751,4095,0,2.52,7.99,5.97,0.05,-0.16,0.01
47804,4095,0,2.49,8.23,5.79,-0.01,-0.13,-0.07
47857,4095,0,2.69,7.98,6.11,-0.00,-0.13,-0.02
47910,4095,0,2.39,8.15,6.06,0.03,-0.20,0.01
47963,4095,0,2.81,7.90,6.09,-0.04,-0.08,-0.01
48016,4095,0,2.42,8.23,5.98,0.00,-0.25,0.02
48069,4095,0,2.62,8.09,6.02,-0.04,-0.04,-0.04
48122,4095,0,2.53,8.06,6.07,-0.01,-0.19,-0.00
48175,4095,0,2.55,8.18,5.85,0.05,-0.07,-0.03
48228,4095,0,2.79,8.06,6.03,-0.03,-0.19,-0.02
48281,4095,0,2.44,7.97,6.12,0.04,-0.16,0.04
48334,4095,0,2.46,8.24,5.89,0.01,-0.06,-0.01
48387,4095,0,2.59,8.09,6.07,-0.00,-0.16,-0.03
48440,4095,0,2.10,8.12,5.89,-0.04,-0.02,-0.17
48493,4095,0,2.47,8.65,6.01,-0.03,0.08,-0.26
48546,4095,0,1.90,8.09,6.17,0.08,-0.06,-0.33
48599,4095,0,1.54,8.69,5.82,-0.07,0.22,-0.73
48652,4095,0,1.97,8.35,5.55,0.21,0.28,-0.58
48705,4095,0,2.71,7.10,5.95,-0.18,-0.25,-0.40
48758,4095,0,1.64,8.00,6.06,-0.07,-0.38,0.15
48811,4095,0,1.09,8.88,6.30,0.31,-0.41,0.24
48864,4095,0,0.76,8.32,5.99,0.07,-0.10,-0.04
48917,4095,0,1.63,8.00,6.54,0.18,-0.13,0.10
48970,4095,0,1.51,7.54,6.17,0.18,-0.33,0.33
49023,4095,0,1.75,7.90,6.14,0.03,-0.17,0.39
49076,4095,0,2.13,8.23,6.21,0.16,-0.49,0.58
49129,4095,0,1.57,8.24,5.86,0.12,-0.39,0.34
49182,4095,0,1.67,8.66,6.28,-0.07,-0.05,-0.11
49235,4095,0,2.72,7.94,5.53,0.01,0.06,-0.13
49288,4095,0,2.51,8.76,5.67,-0.12,0.04,-0.20
49341,4095,0,2.73,8.29,5.63,-0.09,-0.26,-0.12
49394,4095,0,1.98,8.56,6.24,0.02,-0.33,0.05
49447,4095,0,1.60,8.33,6.32,0.24,-0.23,0.09
49500,4095,0,1.92,7.79,6.08,0.17,0.02,-0.00
49553,4095,0,1.86,8.06,5.83,0.08,-0.00,-0.13
49606,4095,0,2.46,8.12,5.92,-0.13,0.02,-0.13
49659,4095,0,2.43,8.16,5.80,-0.09,-0.17,0.08
49712,4095,0,2.22,8.50,5.88,-0.06,-0.26,0.18
49765,4095,0,1.86,8.33,6.01,0.05,-0.18,0.14
49818,4095,0,2.17,8.29,5.81,-0.01,-0.06,-0.03
49871,4095,0,2.43,8.20,5.72,0.02,-0.01,-0.05
49924,4095,0,2.57,8.19,5.84,0.05,-0.19,0.05
49977,4095,0,2.21,8.22,5.84,0.05,-0.24,0.12
50030,4095,0,2.21,8.21,6.01,-0.02,-0.20,0.05
50083,4095,0,2.25,8.32,5.94,-0.01,-0.13,-0.01
50136,4095,0,2.22,8.19,5.87,0.01,-0.17,-0.11
50189,4095,0,2.33,8.06,5.89,-0.03,-0.04,-0.18
50242,4095,0,2.59,8.30,6.01,-0.09,-0.21,-0.06
50295,4095,0,2.25,7.96,5.91,0.06,-0.24,0.07
50348,4095,0,2.28,8.17,5.98,0.03,-0.19,0.08
50401,4095,0,2.25,8.31,6.00,0.06,-0.17,0.01
50454,4095,0,2.35,7.99,6.04,0.06,-0.13,0.01
50507,4095,0,2.26,8.09,5.92,0.03,-0.14,-0.01
50560,4095,0,2.55,8.10,5.90,-0.01,-0.08,-0.04
50613,4095,0,2.29,8.22,6.03,-0.02,-0.23,-0.02
50666,4095,0,2.37,8.27,5.83,-0.05,-0.12,-0.10
50719,4095,0,2.30,8.18,5.97,-0.02,-0.13,-0.08
50772,4095,0,2.36,8.15,6.06,-0.00,-0.13,-0.07
50825,4095,0,2.27,8.19,6.06,0.05,-0.12,-0.01
50878,4095,0,2.12,8.06,6.04,0.05,-0.16,-0.03
50931,4095,0,2.26,8.20,6.05,-0.00,-0.08,-0.07
50984,4095,0,2.14,8.18,6.05,0.02,-0.13,-0.07
51037,4095,0,2.02,8.48,5.93,0.03,-0.05,-0.15
51090,4095,0,2.26,7.94,5.89,0.02,-0.03,-0.06
51143,4095,0,2.37,8.05,6.04,-0.03,-0.15,0.06
51196,4095,0,2.12,8.47,5.71,0.10,-0.16,0.14
51249,4095,0,2.42,8.18,6.04,0.02,-0.16,0.10
51302,4095,0,1.96,8.22,5.94,-0.00,-0.18,0.04
51355,4095,0,2.38,8.28,6.00,0.03,-0.09,-0.01
51408,4095,0,2.33,7.97,6.00,-0.01,-0.14,0.01
51461,4095,0,2.41,8.27,6.02,-0.01,-0.17,0.03
51514,4095,0,2.16,8.03,5.99,0.03,-0.16,0.04
51567,4095,0,2.39,8.28,5.97,-0.03,-0.13,-0.04
51620,4095,0,2.32,8.27,6.01,0.01,-0.12,-0.09
51673,4095,0,2.29,8.14,5.76,0.03,-0.13,-0.08
51726,4095,0,2.35,7.97,6.08,0.04,-0.12,-0.03
51779,4095,0,2.35,8.32,6.05,0.07,-0.16,0.04
51832,4095,0,2.22,7.94,6.12,0.04,-0.15,0.06
51885,4095,0,2.40,8.12,6.00,-0.02,-0.12,0.03
51938,4095,0,2.28,8.18,5.85,0.01,-0.14,-0.02
51991,4095,0,2.43,8.17,6.03,-0.02,-0.08,-0.03
52044,4095,0,2.30,8.09,5.88,0.01,-0.12,0.01
52097,4095,0,2.55,8.30,5.89,0.00,-0.14,0.04
52150,4095,0,2.28,8.17,5.94,0.04,-0.21,0.07
52203,4095,0,2.47,8.24,5.99,-0.00,-0.11,0.00
52256,4095,0,2.44,8.23,6.05,0.00,-0.17,0.02
52309,4095,0,2.31,8.04,6.05,-0.00,-0.14,-0.03
52362,4095,0,2.47,8.16,5.95,-0.01,-0.08,-0.06
52415,4095,0,2.47,8.00,6.00,-0.04,-0.12,-0.04
52468,4095,0,2.34,8.44,5.99,-0.07,-0.17,-0.08
52521,4095,0,2.37,7.92,6.20,-0.05,-0.15,-0.07
52574,4095,0,2.53,7.81,6.19,0.08,-0.12,-0.03
52627,4095,0,1.76,8.24,6.05,0.17,-0.15,-0.19
52680,4095,0,1.80,8.72,6.15,-0.08,0.05,-0.40
52733,4095,0,1.94,8.48,5.94,0.25,0.17,-0.47
52786,4095,0,1.85,7.96,6.29,0.01,0.03,-0.48
52839,4095,0,1.92,7.77,5.83,0.02,0.17,-0.35
52892,4095,0,2.23,7.67,5.92,0.03,-0.18,0.21
52945,4095,0,1.02,8.70,6.02,-0.02,-0.43,0.09
52998,4095,0,1.40,8.20,5.74,-0.00,0.07,-0.04
53051,4095,0,2.43,7.02,5.82,0.21,-0.02,0.34
53104,4095,0,2.14,8.75,6.12,-0.38,-0.52,0.51
53157,4095,0,1.37,9.18,5.94,0.01,-0.66,0.50
53210,4095,0,2.11,7.63,6.42,0.06,-0.15,0.33
53263,4095,0,2.37,8.55,5.83,-0.15,-0.14,0.01
53316,4095,0,2.40,7.92,6.07,0.02,-0.12,-0.04
53369,4095,0,2.46,8.12,6.05,-0.04,-0.06,-0.09
53422,4095,0,2.83,7.84,6.16,-0.01,-0.10,-0.01
53475,4095,0,2.39,8.09,6.11,-0.03,-0.34,0.08
53528,4095,0,2.30,8.14,6.21,0.05,-0.11,0.00
53581,4095,0,2.27,8.14,6.28,0.01,-0.10,-0.11
53634,4095,0,2.22,8.13,6.22,0.02,0.02,-0.16
53687,4095,0,2.81,8.05,5.98,0.02,-0.05,-0.17
53740,4095,0,2.15,7.75,5.97,-0.02,-0.09,-0.09
53793,4095,0,2.74,8.07,6.07,0.05,-0.10,0.04
53846,4095,0,2.32,7.89,6.14,0.07,-0.22,0.15
53899,4095,0,2.39,8.18,6.20,-0.01,-0.21,0.09
53952,4095,0,2.30,8.01,6.12,0.05,-0.16,0.07
54005,4095,0,2.51,8.03,6.28,0.01,-0.14,0.05
54058,4095,0,2.59,8.06,6.11,-0.06,-0.18,0.00
54111,4095,0,2.72,8.08,6.07,0.09,-0.13,0.10
54164,4095,0,2.33,7.99,6.26,0.02,-0.13,0.06
54217,4095,0,2.57,8.16,6.05,0.03,-0.09,-0.02
54270,4095,0,2.57,7.98,6.17,0.01,-0.12,-0.07
54323,4095,0,2.45,7.99,6.14,-0.00,-0.07,-0.10
54376,4095,0,2.58,7.95,6.21,-0.03,-0.09,-0.10
54429,4095,0,2.59,8.01,6.08,0.03,-0.16,-0.01
54482,4095,0,2.34,7.98,6.16,0.06,-0.14,0.03
54535,4095,0,2.55,7.97,5.85,0.03,-0.21,-0.02
54588,4095,0,2.17,7.86,6.38,0.08,-0.11,-0.08
54641,4095,0,2.77,8.02,6.23,0.05,-0.15,0.00
54694,4095,0,2.64,8.20,6.16,-0.01,-0.11,0.07
54747,4095,0,2.46,8.14,6.18,0.06,-0.26,0.11
54800,4095,0,2.21,7.86,6.17,-0.04,-0.09,-0.05
54853,4095,0,2.53,8.08,6.27,-0.01,-0.08,-0.09
54906,4095,0,2.61,7.94,6.13,-0.03,-0.08,-0.04
54959,4095,0,2.58,8.11,6.11,-0.00,-0.17,0.00
55012,4095,0,2.37,8.01,6.02,0.03,-0.20,0.01
55065,4095,0,2.44,7.83,6.36,0.05,-0.06,0.01
55118,4095,0,2.79,8.20,6.12,0.01,-0.20,0.06
55171,4095,0,2.23,8.01,6.15,0.06,-0.20,0.05
55224,4095,0,2.46,7.90,6.29,0.02,-0.05,-0.07
55277,4095,0,2.72,8.14,6.09,-0.00,-0.12,-0.04
55330,4095,0,2.48,8.01,6.18,0.07,-0.17,0.04
55383,4095,0,2.51,7.83,6.23,0.03,-0.15,-0.01
55436,4095,0,2.53,8.09,6.07,0.01,-0.07,-0.08
55489,4095,0,2.53,8.02,6.17,0.03,-0.16,-0.04
55542,4095,0,2.46,7.95,6.20,0.00,-0.06,-0.08
55595,4095,0,2.54,8.02,6.09,0.00,-0.17,-0.04
55648,4095,0,2.40,7.96,6.28,0.00,-0.11,-0.04
55701,4095,0,2.51,7.97,6.13,0.01,-0.18,-0.00
55754,4095,0,2.40,8.01,6.22,0.04,-0.14,0.06
55807,4095,0,2.60,8.00,6.17,-0.05,-0.20,0.03
55860,4095,0,2.49,7.95,6.19,-0.08,-0.20,0.01
55913,4095,0,2.55,7.86,6.35,-0.00,-0.13,0.02
55966,4095,0,2.55,8.07,6.15,-0.08,-0.14,-0.01
56019,4095,0,2.82,8.00,6.21,-0.06,-0.07,0.03
56072,4095,0,2.39,7.92,6.40,0.06,-0.19,0.06
56125,4095,0,2.51,7.80,6.30,0.01,-0.07,-0.01
56178,4095,0,2.39,7.93,6.08,0.05,-0.18,-0.03
56231,4095,0,2.70,7.85,6.34,0.02,-0.04,-0.08
56284,4095,0,2.45,8.07,6.22,0.08,-0.17,0.00
56337,4095,0,2.60,7.92,6.36,0.06,-0.16,-0.03
56390,4095,0,2.53,7.89,6.29,0.00,-0.12,-0.07
56443,4095,0,2.47,7.83,6.37,-0.02,-0.14,-0.06
56496,4095,0,2.52,7.98,6.22,-0.02,-0.18,-0.03
56549,4095,0,2.45,7.91,6.24,0.04,-0.18,0.03
56602,4095,0,2.36,8.07,5.99,0.08,-0.23,-0.06
56655,4095,0,2.49,7.85,6.23,0.02,-0.01,-0.12
56708,4095,0,2.77,7.88,6.39,0.01,-0.20,-0.02
56761,4095,0,2.62,8.05,6.42,0.04,-0.24,0.08
56814,4095,0,2.26,8.01,6.12,0.09,-0.36,0.01
56867,4095,0,2.12,7.84,6.12,0.04,-0.11,-0.23
56920,4095,0,2.75,8.07,6.30,-0.04,-0.02,-0.24
56973,4095,0,2.77,8.22,6.19,-0.01,-0.08,-0.10
57026,4095,0,2.54,7.59,6.09,0.14,-0.30,0.14
57079,4095,0,2.18,8.31,6.01,0.01,-0.16,0.02
57132,4095,0,2.47,8.10,6.28,-0.01,-0.09,0.02
57185,4095,0,2.47,8.29,6.22,0.01,-0.10,0.01
57238,4095,0,2.29,7.90,6.04,0.03,-0.16,-0.03
57291,4095,0,2.66,7.84,6.17,-0.06,-0.04,-0.02
57344,4095,0,2.61,8.16,6.08,-0.01,-0.19,0.04
57397,4095,0,2.38,7.99,6.24,0.02,-0.18,0.07
57450,4095,0,2.15,8.58,6.04,0.02,-0.13,-0.03
57503,4095,0,2.51,7.77,6.41,0.05,-0.03,-0.09
57556,4095,0,2.51,7.72,6.18,0.03,-0.08,-0.06
57609,4095,0,2.44,8.45,6.15,-0.07,-0.17,-0.08
57662,4095,0,2.28,7.75,6.28,0.02,-0.06,-0.09
57715,4095,0,2.49,7.98,6.07,-0.05,-0.10,-0.13
57768,4095,0,2.52,7.99,6.05,0.06,-0.13,0.01
57821,4095,0,2.39,7.87,6.37,0.02,-0.19,0.09
57874,4095,0,2.33,8.23,6.05,0.01,-0.15,0.06
57927,4095,0,2.47,8.00,6.32,0.02,-0.24,0.06
57980,4095,0,2.16,8.21,6.26,-0.03,-0.14,-0.06
58033,4095,0,2.40,8.09,6.30,0.01,-0.06,-0.16
58086,4095,0,2.24,8.20,6.16,0.06,-0.09,-0.19
58139,4095,0,2.31,7.73,6.16,0.08,0.01,-0.16
58192,4095,0,2.57,7.89,6.10,0.00,-0.06,-0.07
58245,4095,0,2.36,7.96,6.29,0.00,-0.21,0.12
58298,4095,0,2.11,8.05,6.21,-0.00,-0.20,0.10
58351,4095,0,1.86,8.98,6.26,-0.20,-0.18,-0.12
58404,4095,0,2.21,7.37,6.51,0.01,0.03,-0.15
58457,4095,0,2.26,8.27,6.07,0.05,-0.13,-0.10
58510,4095,0,2.38,7.84,6.21,0.09,-0.11,-0.02
58563,4095,0,2.19,7.92,6.20,0.07,-0.12,0.06
58616,4095,0,2.13,8.27,6.24,0.05,-0.22,0.06
58669,4095,0,0.66,9.85,5.94,-0.19,-0.35,-0.58
58722,4095,0,3.10,6.17,6.92,0.28,0.39,-0.14
58775,4095,0,2.03,7.77,5.43,0.04,-0.37,0.04
58828,4095,0,2.22,8.75,5.83,0.00,-0.14,0.04
58881,4095,0,1.92,7.83,6.21,0.03,-0.23,0.07
58934,4095,0,2.23,8.02,6.34,-0.10,-0.14,0.06
58987,4095,0,1.77,8.21,6.09,-0.08,-0.26,-0.01
59040,4095,0,2.01,8.17,6.11,0.00,-0.03,-0.10
59093,4095,0,2.23,8.18,6.17,0.10,-0.12,-0.01
59146,4095,0,2.11,7.84,6.09,0.09,-0.12,0.06
59199,4095,0,2.17,8.08,6.18,0.06,-0.14,0.12
59252,4095,0,2.09,8.15,6.15,0.05,-0.21,0.08
59305,4095,0,1.87,8.10,6.26,-0.02,-0.11,-0.05
59358,4095,0,2.18,8.24,6.13,-0.07,-0.09,-0.15
59411,4095,0,1.99,8.22,6.22,-0.02,-0.09,-0.14
59464,4095,0,2.04,8.15,6.16,0.03,-0.08,-0.12
59517,4095,0,2.20,7.81,6.12,0.09,-0.04,-0.04
59570,4095,0,1.97,8.12,6.20,0.09,-0.17,0.05
59623,4095,0,1.69,8.31,6.02,0.05,-0.12,-0.04
59676,4095,0,2.11,7.97,6.11,0.06,0.01,-0.07
59729,4095,0,2.12,7.98,6.20,-0.14,-0.25,0.03
59782,4095,0,1.68,8.51,6.01,-0.04,-0.21,0.01
59835,4095,0,1.76,8.16,6.25,0.10,-0.04,-0.07
59888,4095,0,2.16,7.96,6.09,0.01,-0.05,-0.08
59941,4095,0,1.89,8.43,6.05,0.02,-0.17,-0.02
59994,4095,0,1.84,7.89,6.28,0.11,-0.12,0.01
60047,4095,0,1.93,8.15,6.18,-0.01,-0.18,0.06
60100,4095,0,2.03,7.91,6.31,0.05,-0.20,0.12
60153,4095,0,1.73,8.49,6.01,-0.09,-0.12,-0.00
60206,4095,0,1.92,8.30,6.11,0.01,-0.10,-0.09
60259,4095,0,2.16,7.73,6.03,0.07,-0.05,0.06
60312,4095,0,2.75,7.69,6.39,-0.14,-0.32,0.36
60365,4095,0,1.70,8.53,5.98,-0.03,-0.44,0.27
60418,4095,0,2.02,8.16,6.31,-0.01,-0.11,0.04
60471,4095,0,2.28,8.01,6.13,0.01,-0.01,-0.12
60524,4095,0,2.52,8.11,6.17,-0.03,-0.12,-0.09
60577,4095,0,2.16,7.92,6.21,0.11,-0.16,0.03
60630,4095,0,2.48,7.98,6.20,0.06,-0.15,0.13
60683,4095,0,2.08,8.05,6.32,0.04,-0.26,0.12
60736,4095,0,1.98,8.16,6.25,0.02,-0.11,-0.04
60789,4095,0,2.30,8.11,6.13,-0.04,-0.02,-0.16
60842,4095,0,2.43,8.03,5.91,-0.05,-0.06,-0.21
60895,4095,0,2.62,7.92,5.91,-0.08,-0.04,-0.14
60948,4095,0,2.62,8.16,5.98,-0.10,-0.27,0.05
61001,4095,0,2.21,8.33,6.23,-0.01,-0.24,0.09
61054,4095,0,2.22,8.17,6.00,0.01,-0.37,0.01
61107,4095,0,2.20,7.71,5.99,-0.01,-0.16,-0.15
61160,4095,0,2.57,8.18,6.48,-0.04,-0.30,-0.08
61213,4095,0,2.63,8.40,6.30,0.01,-0.24,0.08
61266,4095,0,1.79,7.83,6.36,0.08,-0.46,0.07
61319,4095,0,1.86,7.87,6.62,0.05,-0.07,-0.08
61372,4095,0,2.37,8.20,6.38,-0.07,-0.01,-0.25
61425,4095,0,1.98,7.90,6.45,0.12,-0.11,-0.23
61478,4095,0,2.56,7.98,6.14,-0.05,-0.01,-0.21
61531,4095,0,2.04,7.77,6.46,0.05,-0.13,-0.06
61584,4095,0,2.30,8.17,6.68,0.01,-0.14,0.05
61637,4095,0,1.62,7.66,6.75,-0.10,0.02,0.02
61690,4095,0,1.91,8.32,6.79,0.01,-0.04,0.05
61743,4095,0,2.05,7.78,6.09,-0.23,0.06,-0.16
61796,4095,0,2.07,7.83,6.66,-0.11,-0.02,-0.18
61849,4095,0,2.85,8.52,5.99,-0.11,0.03,0.02
61902,4095,0,1.34,7.47,5.90,0.38,-0.38,0.12
61955,4095,0,1.92,7.86,5.85,0.11,0.12,-0.07
62008,4095,0,1.90,7.44,5.72,0.04,-0.43,-0.25
62061,4095,0,2.43,8.22,6.48,0.07,0.03,0.04
62114,4095,0,1.88,8.15,6.37,0.25,-0.33,0.26
62167,4095,0,1.82,8.04,6.51,0.14,-0.09,0.17
62220,4095,0,1.54,8.18,6.34,0.11,-0.22,0.02
62273,4095,0,1.80,7.89,6.14,0.01,0.04,-0.18
62326,4095,0,2.21,8.04,6.36,0.05,0.03,-0.06
62379,4095,0,2.32,8.22,5.97,0.01,-0.20,0.11
62432,4095,0,1.69,8.12,5.90,-0.03,-0.19,0.03
62485,4095,0,1.97,8.31,5.92,0.03,-0.09,-0.11
62538,4095,0,2.18,8.10,6.02,0.03,-0.06,-0.13
62591,4095,0,2.07,8.14,5.83,0.04,-0.17,-0.03
62644,4095,0,1.96,8.41,5.90,0.06,-0.19,0.04
62697,4095,0,2.02,8.22,6.21,0.02,-0.14,0.06
62750,4095,0,1.90,8.13,6.32,0.03,-0.19,0.11
62803,4095,0,1.73,8.17,6.33,-0.03,-0.12,-0.01
62856,4095,0,1.96,8.12,6.16,0.04,-0.11,0.01
62909,4095,0,2.18,7.97,6.05,-0.09,-0.05,-0.05
62962,4095,0,2.17,8.51,6.13,-0.09,-0.22,-0.00
63015,4095,0,2.04,8.06,5.97,-0.03,-0.19,0.00
63068,4095,0,2.06,7.72,5.96,-0.06,-0.20,-0.07
63121,4095,0,2.20,8.08,5.99,-0.07,-0.13,-0.04
63174,4095,0,2.28,7.94,6.48,0.03,-0.33,0.14
63227,4095,0,2.15,8.00,5.61,-0.14,-0.61,0.11
63280,4095,0,1.92,7.52,7.35,0.02,-0.09,0.08
63333,4095,0,2.25,7.65,6.17,-0.17,-0.34,0.04
63386,4095,0,3.12,8.54,5.48,-0.58,-0.70,0.02
63439,4095,0,2.59,7.43,6.57,-0.21,-0.21,-0.01
63492,4095,0,2.16,6.85,6.92,-0.14,-0.05,-0.05
63545,4095,0,3.42,8.65,6.43,-0.04,-0.48,-0.16
63598,4095,0,1.99,7.79,6.58,0.11,-0.34,-0.16
63651,4095,0,2.61,7.98,6.98,0.22,-0.30,0.03
63704,4095,0,2.35,7.81,6.53,0.04,-0.17,-0.04
63757,4095,0,2.70,8.21,6.47,0.04,-0.43,-0.15
63810,4095,0,2.10,7.36,6.58,-0.01,-0.10,-0.28
63863,4095,0,2.98,7.45,6.75,-0.00,-0.15,-0.18
63916,4095,0,2.64,7.87,7.02,-0.01,-0.13,0.08
63969,4095,0,2.07,7.39,6.47,0.13,-0.23,0.21
64022,4095,0,2.49,8.45,6.60,-0.27,-0.00,-0.10
64075,4095,0,1.77,7.64,6.54,-0.17,-0.08,-0.07
64128,4095,0,2.97,8.64,6.39,-0.45,0.09,-0.24
64181,4095,0,1.64,6.82,6.79,0.01,-0.21,-0.13
64234,4095,0,2.56,6.88,7.02,0.05,-0.05,-0.11
64287,4095,0,2.40,6.59,7.42,0.15,0.07,0.04
64340,4095,0,2.33,7.36,6.90,0.29,-0.26,0.19
64393,4095,0,2.45,8.15,6.90,0.00,-0.10,0.08
64446,4095,0,2.10,8.66,6.72,0.04,-0.24,0.00
64499,4095,0,1.76,7.81,6.48,0.08,-0.09,-0.35
64552,4095,0,1.90,7.38,6.56,-0.01,0.12,-0.54
64605,4095,0,2.33,7.60,6.62,-0.06,0.12,-0.43
64658,4095,0,2.08,7.81,6.77,0.20,-0.31,0.04
64711,4095,0,1.33,7.91,6.13,0.16,-0.34,0.23
64764,4095,0,1.44,8.34,6.93,-0.13,-0.20,-0.06
64817,4095,0,1.64,7.65,7.35,0.15,-0.16,-0.00
64870,4095,0,2.05,7.44,6.75,0.10,0.06,-0.03
64923,4095,0,1.75,7.42,6.57,0.00,-0.18,-0.04
64976,4095,0,1.79,7.74,6.32,-0.04,-0.10,-0.12
65029,4095,0,2.19,7.87,6.75,-0.05,-0.21,-0.05
65082,4095,0,1.97,7.67,6.75,0.06,-0.20,0.17
65135,4095,0,1.81,8.16,6.53,0.11,-0.19,0.22
65188,4095,0,1.31,7.92,5.86,-0.03,-0.15,-0.00
65241,4095,0,1.91,7.94,6.50,-0.15,-0.10,-0.12
65294,4095,0,2.29,7.81,7.38,0.02,-0.22,0.01
65347,4095,0,2.11,7.34,7.71,0.18,-0.10,0.23
65400,4095,0,1.78,7.74,6.89,0.09,-0.18,0.21
65453,4095,0,1.89,7.89,5.85,-0.13,-0.08,-0.11
65506,4095,0,2.26,7.85,6.42,-0.25,-0.00,-0.26
65559,4095,0,2.50,7.96,6.62,-0.14,-0.30,-0.07
65612,4095,0,2.00,7.64,6.83,0.07,-0.18,0.09
65665,4095,0,2.21,7.58,6.92,0.10,-0.04,0.17
65718,4095,0,1.98,7.52,6.67,0.09,-0.06,0.09
65771,4095,0,2.15,8.04,6.83,0.08,-0.14,0.13
65824,4095,0,1.98,7.52,6.89,0.11,-0.19,0.02
65877,4095,0,2.17,7.32,6.99,-0.03,-0.07,-0.04
65930,4095,0,2.20,7.67,6.67,0.07,-0.20,0.03
65983,4095,0,2.22,7.97,6.56,0.00,-0.03,-0.05
66036,4095,0,2.20,7.73,6.67,0.07,-0.20,-0.00
66089,4095,0,2.31,7.92,6.77,0.01,-0.14,-0.01
66142,4095,0,1.89,7.78,6.72,-0.01,-0.23,-0.05
66195,4095,0,1.60,7.80,6.79,0.05,0.09,-0.28
66248,4095,0,2.45,7.29,6.48,0.09,-0.01,-0.22
66301,4095,0,2.09,7.87,6.97,0.06,-0.20,-0.10
66354,4095,0,2.14,7.72,6.79,0.20,-0.07,0.03
66407,4095,0,1.85,8.09,6.60,0.20,-0.15,0.03
66460,4095,0,1.93,7.81,6.54,0.12,-0.10,0.02
66513,4095,0,1.61,8.10,6.14,-0.01,-0.15,-0.11
66566,4095,0,1.84,8.21,5.94,-0.03,-0.01,-0.21
66619,4095,0,2.26,7.53,6.48,0.05,-0.24,-0.05
66672,4095,0,2.22,8.16,6.87,0.05,-0.18,0.11
66725,4095,0,1.66,7.95,6.26,0.19,-0.29,0.16
66778,4095,0,1.85,7.93,6.35,0.12,-0.10,0.10
66831,4095,0,2.09,8.34,6.30,-0.04,-0.14,0.01
66884,4095,0,2.14,8.47,6.86,-0.17,-0.11,-0.15
66937,4095,0,2.33,7.97,6.88,-0.03,-0.22,0.00
66990,4095,0,1.77,8.24,6.63,-0.18,-0.07,0.05
67043,4095,0,1.69,8.09,6.16,0.13,-0.24,-0.04
67096,4095,0,1.64,6.87,5.91,0.13,0.02,-0.03
67149,4095,0,1.12,7.06,4.78,-0.23,-0.67,-0.42
67202,4095,0,2.33,8.04,6.73,-0.44,0.03,-0.48
67255,4095,0,3.07,8.01,8.19,0.42,-0.40,0.23
67308,4095,0,1.90,7.95,7.57,0.62,0.01,0.65
67361,4095,0,2.11,8.84,6.44,0.27,-0.45,0.32
67414,4095,0,0.66,7.74,5.96,0.19,0.14,-0.10
67467,4095,0,2.77,7.92,6.08,-0.21,0.34,-0.47
67520,4095,0,2.04,7.48,6.47,-0.25,0.00,-0.31
67573,4095,0,2.21,7.86,6.28,-0.14,-0.01,-0.05
67626,4095,0,1.75,8.09,6.23,0.01,0.09,-0.01
67679,4095,0,1.94,8.96,6.01,0.34,0.06,0.33
67732,4095,0,0.66,8.41,5.29,0.49,-0.19,0.40
67785,4095,0,1.67,9.04,5.85,-0.13,0.16,-0.13
67838,4095,0,2.17,8.00,7.54,0.22,0.20,-0.04
67891,4095,0,2.41,7.60,7.28,0.12,-0.12,0.12
67944,4095,0,1.73,8.06,6.99,0.14,0.02,0.35
67997,4095,0,0.84,8.36,4.69,-0.21,-0.13,-0.27
68050,4095,0,1.55,8.14,5.12,-0.48,0.10,-0.77
68103,4095,0,2.26,8.18,7.11,-0.14,-0.10,-0.53
68156,4095,0,1.87,7.13,6.94,0.07,-0.02,-0.05
68209,4095,0,0.85,8.47,6.34,0.24,-0.37,0.19
68262,4095,0,0.50,8.37,6.12,0.41,0.08,-0.02
68315,4095,0,2.07,8.48,6.54,0.25,0.10,-0.16
68368,4095,0,0.86,8.26,6.37,0.21,-0.26,-0.07
68421,4095,0,1.41,8.94,6.56,0.24,0.33,-0.10
68474,4095,0,0.27,8.21,5.05,-0.02,-0.27,-0.49
68527,4095,0,0.73,8.17,5.81,-0.23,0.06,-0.54
68580,4095,0,1.04,8.94,5.26,-0.24,-0.37,-0.38
68633,4095,0,0.48,9.53,6.46,-0.02,-0.48,-0.51
68686,4095,0,0.47,6.83,6.59,0.54,-0.40,-0.19
68739,4095,0,-0.28,7.28,5.75,0.22,0.06,-0.34
68792,4095,0,-0.01,8.05,5.22,0.44,-0.16,-0.29
68845,4095,0,-0.00,6.87,4.98,0.53,0.05,-0.16
68898,4095,0,-0.59,7.03,4.44,-0.15,-0.12,-0.06
68951,4095,0,-1.12,12.70,6.98,-0.67,0.01,0.14
69004,4095,0,0.65,8.74,6.63,1.62,-0.51,0.87
69057,4095,0,-1.95,7.09,5.57,-0.30,0.27,-0.17
69110,4095,0,0.58,9.44,5.29,-0.07,0.27,-0.20
69163,4095,0,0.49,6.38,4.53,-0.07,-0.12,0.06
69216,4095,0,-0.15,9.69,5.10,-0.74,-0.63,0.18
69269,4095,0,-0.36,9.49,5.36,0.24,-0.38,0.25
69322,4095,0,0.45,8.28,6.11,0.06,-0.13,0.15
69375,4095,0,0.18,9.41,6.24,-0.34,-0.02,0.09
69428,4095,0,0.47,8.14,5.88,0.30,-0.19,0.07
69481,4095,0,0.28,7.72,5.05,-0.07,-0.12,-0.19
69534,4095,0,0.24,7.03,4.87,-0.13,-0.04,-0.46
69587,4095,0,0.22,7.99,5.84,-0.18,-0.22,-0.06
69640,4095,0,-0.61,9.89,5.54,0.07,-0.22,0.55
69693,4095,0,-0.36,10.54,6.32,0.50,0.02,0.20
69746,4095,0,0.69,7.41,4.92,0.52,-0.15,-0.12
69799,4095,0,1.46,8.19,6.34,-0.59,-0.08,0.06
69852,4095,0,0.51,11.09,6.02,0.40,-0.45,0.40
69905,4095,0,-1.09,7.59,5.79,0.35,0.04,0.12
69958,4095,0,0.73,8.58,5.61,0.10,0.03,0.03
70011,4095,0,0.53,7.76,4.46,-0.43,-0.10,0.05
70064,4095,0,1.23,9.37,6.36,-0.18,-0.09,0.41
70117,4095,0,1.44,7.72,4.10,0.06,-0.64,0.26
70170,4095,0,-0.06,7.16,6.35,-0.06,-0.42,0.25
70223,4095,0,1.37,7.31,5.47,-0.09,-0.06,0.17
70276,4095,0,1.34,8.15,6.00,-0.07,0.02,0.16
70329,4095,0,2.11,9.02,6.06,0.04,-0.11,0.66
70382,4095,0,1.90,9.22,6.24,0.24,-0.46,0.77
70435,4095,0,1.01,9.41,5.87,0.18,-0.63,0.54
70488,4095,0,1.45,8.61,7.01,-0.07,-0.07,0.21
70541,4095,0,1.72,8.31,6.11,-0.05,-0.16,-0.03
70594,4095,0,2.41,7.96,6.36,-0.15,0.21,-0.15
70647,4095,0,2.36,7.34,5.71,-0.07,0.03,-0.11
70700,4095,0,3.20,8.27,6.31,-0.40,0.29,-0.21
70753,4095,0,2.87,8.86,5.41,-0.10,-0.05,0.07
70806,4095,0,2.06,8.47,5.57,-0.21,0.04,-0.02
70859,4095,0,1.43,8.42,5.68,0.12,-0.47,-0.03
70912,0,0,2.80,9.74,5.41,-0.11,-0.20,-0.00
70965,0,0,2.23,7.98,5.64,0.06,-0.19,-0.12
71018,0,0,1.40,6.78,5.60,0.07,-0.17,0.01
71071,0,0,2.32,8.42,6.25,-0.25,-0.09,0.05
71124,4095,0,2.25,8.45,6.45,-0.04,-0.45,0.08
71177,0,0,1.36,8.18,6.00,-0.05,-0.20,-0.21
71230,0,0,2.44,7.51,6.47,-0.27,0.08,-0.19
71283,0,0,2.34,7.97,6.35,-0.20,-0.13,0.16
71336,0,0,2.11,7.62,6.55,0.06,-0.20,0.23
71389,0,0,1.80,7.63,6.73,0.31,-0.38,0.19
71442,0,0,2.26,8.13,6.61,-0.06,0.05,-0.04
71495,4095,0,1.38,8.27,5.79,-0.03,-0.41,-0.46
71548,4095,0,2.67,7.29,6.62,-0.21,0.10,-0.50
71601,0,0,2.97,7.48,6.02,-0.01,-0.10,0.10
71654,0,0,1.98,7.94,5.99,-0.12,-0.59,0.27
71707,0,0,2.20,7.24,6.16,0.00,-0.22,0.23
71760,0,0,2.70,8.06,7.38,0.34,-0.17,0.50
71813,0,0,3.15,7.98,5.90,-0.03,0.12,0.64
71866,0,0,1.92,8.89,7.25,0.14,-0.58,0.53
71919,0,0,1.76,8.69,6.62,0.21,-0.43,-0.29
71972,0,0,2.94,6.64,5.68,0.12,-0.04,-0.41
72025,0,0,2.87,7.03,6.14,-0.79,0.41,-0.46
72078,0,0,3.26,9.18,6.26,0.05,-0.47,-0.06
72131,0,0,2.42,7.30,6.15,0.41,-0.09,-0.02
72184,0,0,2.79,7.37,6.50,0.49,-0.17,0.16
72237,0,0,2.09,7.97,5.76,0.08,0.03,-0.10
72290,0,0,2.70,8.05,6.57,0.43,0.18,0.34
72343,0,0,2.65,8.84,5.64,0.03,0.13,0.11
72396,0,0,2.62,9.97,6.58,0.33,-0.47,-0.09
72449,0,0,1.43,7.08,5.71,0.23,0.02,-0.23
72502,0,0,3.14,7.73,5.43,-0.28,0.15,-0.42
72555,0,0,2.44,7.26,5.61,-0.06,-0.09,0.05
72608,0,0,2.86,8.98,6.11,-0.21,-0.05,0.28
72661,0,0,1.99,7.89,6.19,0.12,-0.40,0.32
72714,0,0,2.47,8.42,5.57,-0.35,-0.07,-0.10
72767,0,0,2.49,7.78,5.96,0.04,-0.27,0.01
72820,0,0,2.59,8.07,5.87,-0.08,-0.00,-0.10
72873,0,0,2.23,7.32,6.09,0.18,-0.19,0.06
72926,0,0,3.34,8.01,6.07,-0.17,0.02,0.16
72979,0,0,2.91,8.84,6.04,-0.06,-0.26,0.26
73032,0,0,2.50,9.50,6.80,0.38,-0.24,0.19
73085,0,0,2.47,8.58,6.19,0.33,-0.02,-0.06
73138,0,0,2.62,8.25,5.59,0.09,-0.03,-0.35
73191,0,0,2.17,6.83,5.57,-0.09,-0.10,-0.52
73244,0,0,2.94,7.67,5.97,-0.01,0.11,-0.20
73297,0,0,2.87,8.52,5.79,0.33,-0.15,0.24
73350,0,0,2.43,8.60,5.73,0.30,-0.22,0.21
73403,0,0,2.19,7.95,5.55,0.21,-0.23,0.00
73456,0,0,2.46,8.43,5.52,-0.17,0.01,-0.23
73509,0,0,2.66,8.64,5.79,0.15,-0.12,-0.11
73562,0,0,2.20,8.16,5.39,-0.19,-0.19,-0.10
73615,0,0,2.41,8.11,5.88,0.27,-0.33,0.05
73668,0,0,2.19,7.69,5.53,-0.29,-0.05,-0.06
73721,0,0,2.91,8.63,5.82,-0.01,-0.16,0.06
73774,0,0,2.51,8.44,5.60,-0.06,-0.21,0.12
73827,0,0,2.53,8.57,5.83,-0.07,-0.30,0.06
73880,0,0,2.38,7.75,5.89,-0.00,-0.24,0.02
73933,0,0,2.68,8.34,5.93,-0.15,-0.11,-0.10
73986,0,0,2.30,8.51,5.76,-0.36,-0.18,-0.14
74039,0,0,2.72,8.42,5.96,-0.05,-0.17,-0.04
74092,4095,0,2.33,7.91,6.13,-0.07,-0.14,-0.10
74145,4095,0,2.61,8.18,5.97,0.05,-0.13,-0.08
74198,4095,0,2.43,7.73,6.00,0.06,-0.06,-0.01
74251,4095,0,2.54,8.27,6.04,0.04,-0.15,0.07
74304,4095,0,2.35,8.09,5.93,0.15,-0.12,0.03
74357,4095,0,2.62,7.90,5.91,0.14,-0.13,0.05
74410,4095,0,2.60,7.92,5.87,0.02,-0.18,0.04
74463,4095,0,2.58,8.06,6.00,-0.08,-0.21,0.01
74516,4095,0,2.63,8.39,5.86,-0.09,-0.20,0.01
74569,4095,0,2.40,8.16,6.05,-0.01,-0.21,0.01
74622,4095,0,2.69,8.67,6.17,-0.06,-0.03,-0.06
74675,4095,0,2.47,7.89,5.89,0.04,-0.10,-0.07
74728,4095,0,2.71,7.46,5.98,-0.01,-0.11,-0.07
74781,4095,0,2.59,8.17,5.93,-0.03,-0.30,-0.05
74834,4095,0,2.45,7.88,6.08,-0.02,-0.25,-0.03
74887,4095,0,2.66,8.15,5.96,-0.07,-0.13,-0.05
74940,4095,0,2.71,8.09,5.98,-0.10,-0.19,-0.02
74993,4095,0,2.69,8.06,6.36,0.09,-0.18,0.13
75046,4095,0,2.46,8.07,6.17,-0.05,-0.25,-0.00
75099,4095,0,2.70,8.02,6.34,-0.05,-0.17,-0.01
75152,4095,0,2.34,7.96,6.38,0.04,-0.17,0.03
75205,4095,0,2.53,7.63,6.18,-0.01,-0.05,-0.06
75258,4095,0,2.88,7.65,6.04,-0.07,-0.04,-0.04
75311,4095,0,2.79,7.98,5.89,-0.15,-0.24,-0.01
75364,4095,0,2.79,8.22,6.13,-0.05,-0.25,0.04
75417,4095,0,2.55,8.12,6.21,-0.04,-0.15,-0.01
75470,4095,0,2.86,8.22,6.30,0.12,-0.13,-0.01
75523,4095,0,2.69,7.65,6.24,0.04,-0.08,-0.10
75576,4095,0,2.85,7.77,6.35,0.07,-0.21,-0.01
75629,4095,0,2.27,7.88,6.63,-0.02,-0.17,-0.01
75682,4095,0,2.80,7.96,5.88,0.37,0.18,0.12
75735,4095,0,2.83,7.31,6.75,0.30,-0.17,0.32
75788,4095,0,2.08,8.57,5.94,-0.06,0.02,-0.11
75841,4095,0,2.53,7.91,6.32,0.18,0.21,-0.17
75894,4095,0,2.41,8.01,5.87,-0.12,-0.01,-0.21
75947,4095,0,3.23,9.73,5.32,0.66,0.27,0.13
76000,4095,0,2.40,6.81,5.91,1.02,-0.57,0.26
76053,4095,0,2.08,8.34,5.30,-0.07,0.14,-0.08
76106,4095,0,3.16,9.04,5.63,0.26,-0.02,-0.02
76159,4095,0,1.83,8.54,5.85,0.27,-0.14,-0.09
76212,4095,0,2.09,8.91,5.35,0.30,-0.16,-0.29
76265,4095,0,2.27,8.11,5.13,0.08,0.15,-0.28
76318,0,0,2.11,8.39,4.95,0.22,-0.16,-0.09
76371,0,0,2.10,8.88,5.23,0.18,-0.08,-0.09
76424,0,0,1.97,8.76,4.70,0.46,-0.08,0.16
76477,0,0,1.56,9.15,4.81,0.22,0.24,-0.16
76530,4095,0,1.96,8.86,4.81,0.22,-0.08,-0.16
76583,4095,0,1.67,9.03,4.29,0.11,-0.04,-0.03
76636,4095,0,2.23,8.73,3.99,0.48,-0.07,0.38
76689,4095,0,2.15,8.25,4.71,0.31,-0.33,0.05
76742,4095,0,1.15,10.04,4.43,-0.01,-0.09,-0.31
76795,4095,0,1.66,8.67,4.32,0.10,-0.14,-0.33
76848,4095,0,2.09,8.80,4.29,0.03,-0.03,-0.08
76901,4095,0,1.87,9.45,4.42,0.25,-0.30,0.22
76954,4095,0,0.66,9.05,4.75,0.10,-0.37,0.12
77007,4095,0,1.86,9.33,4.13,0.01,-0.14,-0.05
77060,4095,0,1.58,8.91,4.05,0.02,-0.17,0.01
77113,4095,0,1.79,9.40,4.00,0.11,-0.17,0.12
77166,4095,0,1.25,9.20,4.21,-0.04,-0.18,-0.04
77219,4095,0,1.68,9.23,4.00,0.16,-0.30,-0.13
77272,4095,0,2.14,8.76,3.88,0.11,-0.08,-0.07
77325,4095,0,1.85,10.05,4.32,0.23,-0.13,0.17
77378,4095,0,0.53,7.24,5.41,-0.00,-0.25,-0.01
77431,4095,0,2.68,11.21,3.70,-0.87,0.28,-0.16
77484,4095,0,1.50,9.31,4.58,0.45,-0.36,0.21
77537,4095,0,1.32,9.26,4.17,-0.39,-0.14,-0.42
77590,4095,0,2.34,9.06,3.39,-0.50,0.04,-0.27
77643,4095,0,1.88,8.96,4.58,0.17,-0.13,0.55
77696,0,0,1.77,9.02,5.85,-0.64,-0.30,0.09
77749,0,0,0.74,7.00,5.11,-0.50,-0.05,-0.24
77802,0,0,4.00,6.13,5.65,-1.65,-0.21,-0.45
77855,0,0,2.04,14.35,3.93,-1.11,-0.27,-0.39
77908,57,0,1.16,5.82,6.70,1.99,-0.48,1.07
77961,4095,0,1.14,8.07,6.60,-0.87,-0.27,0.05
78014,4095,0,1.07,10.07,5.51,-0.47,0.21,-0.41
78067,4095,0,2.23,6.27,5.80,-0.41,-0.23,-0.21
78120,4095,0,3.41,7.83,6.71,-0.09,-0.43,0.10
78173,4095,0,1.52,6.78,6.57,0.48,-0.39,0.41
78226,125,0,2.52,9.20,5.86,-1.00,-0.10,-0.26
78279,0,0,1.89,8.68,5.95,0.03,-0.69,-0.10
78332,4095,0,2.04,5.78,6.76,0.49,-0.42,-0.16
78385,4095,0,3.79,7.37,7.47,0.55,1.35,0.46
78438,4095,0,1.73,12.11,5.34,-0.10,-1.34,0.39
78491,0,0,1.09,7.37,6.34,0.01,-0.09,-0.45
78544,4095,0,3.03,8.68,6.56,0.07,-0.23,-0.33
78597,4095,0,2.53,7.61,5.51,0.03,0.09,-0.20
78650,4095,0,1.85,7.69,5.32,-0.06,-0.58,0.15
78703,4095,0,1.18,7.45,5.34,-0.40,-0.49,0.24
78756,0,0,2.78,9.64,6.39,-1.25,-0.07,-0.36
78809,0,0,3.35,9.46,6.58,0.06,-0.90,-0.54
78862,0,0,3.86,5.87,7.27,0.60,0.41,-0.16
78915,0,0,2.46,6.54,6.50,0.12,-0.07,0.08
78968,0,0,1.58,8.86,5.84,-0.04,-0.17,-0.03
79021,0,0,2.55,7.28,6.80,0.06,-0.05,-0.03
79074,0,0,2.52,8.94,6.55,0.01,-0.14,0.11
79127,0,0,1.98,8.60,6.93,0.45,-0.14,0.20
79180,0,0,1.72,7.75,6.74,0.31,-0.02,-0.02
79233,0,0,1.61,7.72,5.51,-0.23,0.06,-0.48
79286,0,0,2.48,7.72,5.56,-0.16,-0.09,-0.50
79339,0,0,2.70,7.82,5.51,-0.11,-0.25,0.02
79392,0,0,1.67,9.26,6.21,0.14,-0.24,0.24
79445,0,0,1.67,8.88,6.50,0.01,-0.19,-0.03
79498,0,0,2.09,7.08,6.34,0.13,-0.14,-0.18
79551,0,0,2.50,7.81,6.02,-0.11,-0.08,-0.06
79604,0,0,1.68,8.05,6.41,0.13,-0.29,0.08
79657,0,0,2.06,8.29,6.57,-0.04,-0.05,-0.09
79710,0,0,2.07,8.19,6.17,0.22,-0.12,0.04
79763,0,0,1.96,7.49,6.37,0.14,-0.08,0.06
79816,0,0,1.78,8.07,6.27,-0.13,-0.09,-0.07
79869,0,0,1.98,8.25,6.02,0.17,-0.11,-0.03
79922,0,0,2.43,8.46,6.16,0.20,-0.09,0.03
79975,0,0,1.86,7.73,6.23,0.45,-0.07,0.16
80028,0,0,2.83,8.21,6.29,0.33,-0.33,0.14
80081,0,0,1.60,8.06,5.34,-0.38,-0.02,-0.33
80134,4095,0,2.38,8.05,5.86,-0.09,-0.49,0.33
80187,4095,0,1.99,9.57,5.23,-0.37,-0.20,-0.32
80240,4095,0,2.83,8.30,5.85,0.38,-0.38,-0.06
80293,4095,0,2.22,7.95,5.21,0.20,-0.21,0.02
80346,4095,0,2.65,8.65,4.89,-0.13,-0.00,-0.21
80399,4095,0,2.87,8.49,5.59,0.17,-0.35,0.08
80452,4095,0,2.30,8.43,5.66,0.02,-0.25,-0.04
80505,4095,0,2.38,8.20,5.41,-0.09,-0.15,-0.15
80558,0,0,2.51,8.69,5.22,-0.08,-0.19,-0.17
80611,0,0,2.46,8.57,5.37,0.12,-0.23,-0.08
80664,0,0,2.49,7.95,5.62,-0.23,-0.22,-0.06
80717,0,0,2.51,8.17,5.73,-0.22,-0.24,0.01
80770,0,0,2.66,7.21,6.02,-0.31,-0.18,-0.18
80823,0,0,2.23,6.57,6.95,-1.24,-0.60,0.11
80876,0,0,2.88,10.32,6.60,-0.91,0.13,0.15
80929,0,0,2.09,8.17,6.86,1.00,-0.20,0.78
80982,0,0,1.91,6.79,6.54,-0.18,0.31,-0.02
81035,0,0,3.24,9.06,6.62,0.08,0.02,0.04
81088,0,0,2.52,6.86,6.24,0.01,0.16,-0.12
81141,0,0,3.73,8.17,6.48,0.06,-0.06,0.14
81194,0,0,2.40,7.75,6.58,0.22,-0.35,0.26
81247,0,0,2.33,7.48,6.94,-0.00,-0.12,-0.07
81300,0,0,2.67,7.87,6.51,-0.16,-0.02,-0.24
81353,0,0,3.00,7.73,6.35,-0.07,0.03,-0.15
81406,0,0,2.91,7.72,6.37,0.02,-0.09,0.01
81459,0,0,2.62,7.66,6.43,0.12,-0.18,0.10
81512,0,0,2.67,7.86,6.69,0.08,-0.17,0.04
81565,0,0,2.78,7.22,6.48,0.00,0.13,-0.09
81618,0,0,2.41,7.60,6.68,0.09,-0.26,0.08
81671,0,0,2.97,7.91,6.52,-0.10,-0.16,-0.11
81724,0,0,2.55,7.42,6.73,0.07,-0.24,0.08
81777,0,0,2.53,7.63,6.73,-0.01,-0.15,-0.08
81830,0,0,2.72,7.86,6.68,-0.07,-0.14,-0.10
81883,0,0,2.71,7.48,6.65,-0.08,-0.09,-0.09
81936,0,0,2.76,7.72,6.57,-0.05,-0.17,-0.09
81989,0,0,2.65,7.41,6.77,0.04,-0.19,0.01
82042,0,0,2.67,7.46,6.84,0.08,-0.11,-0.01
82095,0,0,2.56,7.53,6.59,-0.02,-0.11,-0.03
82148,0,0,2.68,7.78,6.57,-0.05,-0.17,-0.02
82201,0,0,2.68,7.76,6.56,0.01,-0.15,-0.01
82254,0,0,2.56,7.42,6.71,0.10,-0.10,0.04
82307,0,0,2.81,7.70,6.61,-0.02,-0.07,0.03
82360,0,0,2.71,7.46,6.68,0.04,-0.09,0.03
82413,0,0,2.63,7.59,6.72,0.00,-0.21,0.03
82466,0,0,2.75,7.79,6.80,-0.08,-0.19,-0.03
82519,0,0,2.59,7.44,6.80,-0.05,-0.18,-0.05
82572,0,0,2.63,7.55,6.73,-0.08,-0.12,-0.08
82625,0,0,2.69,7.55,6.77,-0.12,-0.05,-0.05
82678,0,0,2.70,7.58,6.60,0.05,-0.13,0.03
82731,0,0,2.69,7.62,6.83,0.10,-0.12,0.04
82784,0,0,2.58,7.53,6.89,0.08,-0.11,0.01
82837,0,0,2.65,7.29,6.83,0.02,-0.13,-0.03
82890,0,0,2.75,7.71,6.77,-0.06,-0.14,-0.05
82943,0,0,2.60,7.48,6.77,0.05,-0.15,-0.02
82996,0,0,2.57,7.49,6.82,0.04,-0.11,-0.01
83049,0,0,2.61,7.69,6.82,0.04,-0.12,0.00
83102,0,0,2.60,7.57,6.86,0.09,-0.11,-0.01
83155,0,0,2.68,7.50,6.79,0.03,-0.11,-0.03
83208,0,0,2.58,7.41,6.77,0.00,-0.13,-0.04
83261,0,0,2.65,7.61,6.67,-0.02,-0.12,-0.03
83314,0,0,2.61,7.50,6.74,0.04,-0.09,0.01
83367,0,0,2.62,7.51,6.69,0.05,-0.13,0.03
83420,0,0,2.61,7.42,6.85,0.02,-0.14,0.04
83473,0,0,2.69,7.79,6.82,-0.02,-0.18,0.00
83526,0,0,2.54,7.36,6.82,-0.04,-0.14,-0.02
83579,0,0,2.77,7.46,6.89,-0.10,-0.19,-0.06
83632,0,0,2.72,7.50,6.85,-0.06,-0.18,-0.00
83685,0,0,2.67,7.48,6.89,-0.06,-0.19,0.01
83738,0,0,2.63,7.54,6.98,-0.06,-0.18,-0.02
83791,0,0,2.60,7.39,6.93,0.00,-0.12,-0.01
83844,0,0,2.77,7.62,6.89,0.03,-0.10,-0.02
83897,0,0,2.68,7.23,6.95,0.06,-0.12,-0.01
83950,0,0,2.83,7.59,6.89,-0.04,-0.11,-0.01
84003,0,0,2.63,7.18,7.02,0.05,-0.12,0.03
84056,0,0,2.77,7.48,7.01,-0.01,-0.16,-0.02
84109,0,0,2.55,7.42,6.93,-0.01,-0.14,-0.06
84162,0,0,2.80,7.49,6.87,0.02,-0.10,-0.03
84215,0,0,2.74,7.37,6.95,0.06,-0.11,0.01
84268,0,0,2.69,7.38,6.92,0.03,-0.12,0.04
84321,0,0,2.64,7.53,7.02,0.13,-0.15,0.05
84374,0,0,2.63,7.48,7.01,0.04,-0.11,-0.03
84427,0,0,2.64,7.27,6.91,-0.00,-0.11,-0.06
84480,0,0,2.84,7.54,6.82,-0.06,-0.11,-0.07
84533,0,0,2.64,7.31,6.82,0.07,-0.17,0.05
84586,0,0,2.77,7.60,6.96,0.08,-0.13,0.02
84639,0,0,2.56,7.52,6.90,0.10,-0.15,0.00
84692,0,0,2.66,7.34,6.87,0.01,-0.07,-0.06
84745,0,0,2.82,7.49,6.81,-0.01,-0.13,-0.05
84798,0,0,2.62,7.50,6.85,0.04,-0.17,0.03
84851,0,0,2.63,7.44,6.93,0.04,-0.14,-0.01
84904,0,0,2.63,7.51,6.86,0.01,-0.10,-0.04
84957,0,0,2.65,7.45,6.80,0.02,-0.10,-0.04
85010,0,0,2.71,7.66,6.84,0.05,-0.15,-0.02
85063,0,0,2.52,7.27,6.83,0.04,-0.12,-0.01
85116,0,0,2.72,7.53,6.88,-0.01,-0.16,-0.01
85169,0,0,2.58,7.43,6.89,0.02,-0.11,-0.02
85222,0,0,2.64,7.52,6.85,0.03,-0.16,-0.00
85275,0,0,2.72,7.59,6.79,-0.10,-0.11,-0.07
85328,0,0,2.45,7.41,7.02,0.01,-0.18,-0.05
85381,0,0,2.60,7.30,7.02,-0.00,-0.09,-0.03
85434,0,0,2.70,7.74,6.83,-0.10,-0.16,-0.11
85487,0,0,2.47,6.88,6.96,-0.02,-0.08,-0.09
85540,0,0,2.92,7.16,6.94,0.02,-0.05,0.03
85593,0,0,2.53,7.56,6.94,0.07,-0.23,0.06
85646,0,0,2.40,7.44,6.97,-0.01,-0.14,-0.01
85699,0,0,2.57,7.45,6.92,-0.00,-0.15,-0.03
85752,0,0,2.61,7.36,6.90,0.02,-0.10,-0.03
85805,0,0,2.51,7.46,6.93,0.04,-0.16,0.02
85858,0,0,2.63,7.58,6.94,0.02,-0.16,-0.01
85911,0,0,2.56,7.30,6.95,0.02,-0.14,-0.01
85964,0,0,2.52,7.24,6.98,0.06,-0.14,0.02
86017,0,0,2.66,7.63,6.89,0.03,-0.11,-0.01
86070,0,0,2.57,7.32,6.96,0.09,-0.16,0.02
86123,0,0,2.69,7.29,6.94,-0.04,-0.09,-0.05
86176,0,0,2.66,7.54,6.84,0.02,-0.14,0.01
86229,0,0,2.53,7.47,6.96,0.08,-0.14,0.04
86282,0,0,2.64,7.49,6.97,-0.05,-0.09,-0.03
86335,0,0,2.52,7.40,6.89,0.03,-0.15,0.01
86388,0,0,2.65,7.41,6.96,0.03,-0.14,-0.01
86441,0,0,2.68,7.59,6.78,0.00,-0.12,-0.03
86494,0,0,2.61,7.39,6.84,0.01,-0.11,-0.02
86547,0,0,2.43,7.52,6.90,0.06,-0.15,0.02
86600,0,0,2.65,7.63,6.97,-0.01,-0.10,-0.05
86653,0,0,2.51,7.36,6.85,0.00,-0.13,-0.05
86706,0,0,2.71,7.41,6.87,0.04,-0.13,-0.02
86759,0,0,2.64,7.39,6.90,-0.01,-0.12,-0.02
86812,0,0,2.68,7.39,7.01,0.02,-0.16,0.03
86865,0,0,2.51,7.54,6.87,-0.03,-0.15,0.00
86918,0,0,2.48,7.51,6.98,0.01,-0.15,-0.02
86971,0,0,2.69,7.52,6.92,-0.02,-0.09,-0.07
87024,0,0,2.55,7.16,6.90,0.08,-0.11,0.03
87077,0,0,2.60,7.68,6.88,0.05,-0.14,0.02
87130,0,0,2.71,7.34,7.03,0.05,-0.13,0.00
87183,0,0,2.49,7.52,6.92,0.02,-0.19,0.00
87236,0,0,2.60,7.37,6.99,-0.03,-0.09,-0.07
87289,0,0,2.65,7.57,6.72,-0.09,-0.16,-0.11
87342,0,0,2.64,7.33,6.94,0.01,-0.14,-0.02
87395,0,0,2.64,7.50,6.89,0.01,-0.18,-0.01
87448,0,0,2.55,7.35,6.90,0.00,-0.14,-0.01
87501,0,0,2.68,7.39,7.09,-0.00,-0.13,-0.01
87554,0,0,2.48,7.38,6.99,0.08,-0.14,0.02
87607,0,0,2.64,7.43,6.95,-0.01,-0.11,-0.02
1694,0,0,2.73,7.55,6.90,0.02,-0.15,0.05
1747,0,0,2.60,7.31,6.87,0.02,-0.15,0.02
1800,0,0,2.72,7.54,6.79,-0.00,-0.20,-0.01
1853,0,0,2.81,7.62,6.78,0.03,-0.09,-0.01
1906,0,0,2.69,7.28,6.91,0.09,-0.14,0.04
1959,0,0,2.85,7.42,6.77,-0.04,-0.08,-0.00
2012,0,0,2.82,7.37,6.93,0.04,-0.14,0.01
2065,0,0,2.81,7.59,6.88,0.01,-0.17,0.01
2118,0,0,2.69,7.37,6.80,-0.01,-0.14,-0.01
2171,0,0,2.92,7.42,6.85,0.02,-0.13,0.02
2224,0,0,2.75,7.58,6.77,0.05,-0.14,0.05
2277,0,0,2.83,7.56,6.87,0.05,-0.13,0.01
2330,0,0,2.83,7.35,6.87,0.05,-0.10,-0.01
2383,0,0,2.88,7.53,6.85,0.04,-0.12,0.01
2436,0,0,2.84,7.46,6.88,0.09,-0.17,0.03
2489,0,0,2.78,7.37,6.83,0.02,-0.10,-0.04
2542,0,0,2.84,7.33,6.85,-0.08,-0.14,-0.09
2595,0,0,2.88,7.56,6.74,-0.06,-0.15,-0.05
2648,0,0,2.76,7.47,6.81,0.04,-0.16,0.01
2701,0,0,2.78,7.39,6.82,0.02,-0.12,-0.01
2754,0,0,2.87,7.57,6.84,0.03,-0.08,-0.01
2807,0,0,2.86,7.31,6.90,0.09,-0.10,0.05
2860,0,0,2.82,7.42,6.85,0.03,-0.15,0.02
2913,0,0,2.75,7.45,6.85,-0.02,-0.15,-0.02
2966,0,0,2.83,7.46,6.83,-0.01,-0.15,-0.03
3019,0,0,2.79,7.59,6.84,0.03,-0.12,-0.02
3072,0,0,2.68,7.43,6.81,0.09,-0.08,-0.02
3125,0,0,2.79,7.62,6.79,0.12,-0.04,-0.03
3178,0,0,2.80,7.41,6.78,0.14,-0.07,-0.01
3231,0,0,3.00,7.09,6.79,0.01,-0.15,0.01
3284,0,0,2.74,7.71,6.80,-0.18,-0.21,-0.05
3337,0,0,2.49,7.52,6.89,-0.02,-0.22,-0.03
3390,0,0,2.70,7.52,6.93,0.01,-0.11,-0.10
3443,0,0,2.76,7.29,6.69,-0.04,0.01,-0.08
3496,0,0,2.99,7.60,6.74,0.04,-0.08,0.03
3549,0,0,2.81,7.36,6.79,0.13,-0.18,0.14
3602,0,0,2.52,7.52,7.05,0.04,-0.21,0.09
3655,0,0,2.50,7.62,6.98,-0.06,-0.11,-0.10
3708,0,0,2.75,7.25,6.79,-0.02,-0.09,-0.10
3761,0,0,2.92,7.61,6.77,-0.03,-0.13,-0.06
3814,0,0,2.68,7.35,6.83,0.04,-0.17,0.03
3867,0,0,2.78,7.55,6.89,0.06,-0.14,0.04
3920,0,0,2.48,7.38,6.89,0.03,-0.13,0.01
3973,0,0,2.75,7.54,6.95,0.00,-0.11,-0.05
4026,0,0,2.72,7.30,6.77,-0.05,-0.12,-0.08
4079,0,0,2.86,7.51,6.88,-0.01,-0.16,-0.00
4132,0,0,2.64,7.42,6.85,0.02,-0.18,0.02
4185,0,0,2.68,7.45,6.93,0.01,-0.13,-0.00
4238,0,0,2.77,7.60,6.88,0.02,-0.15,-0.01
4291,0,0,2.64,7.22,6.91,0.01,-0.12,-0.03
4344,0,0,2.83,7.48,6.88,0.01,-0.14,-0.02
4397,0,0,2.70,7.47,6.89,-0.00,-0.16,-0.03
4450,0,0,2.64,7.41,6.97,0.01,-0.09,-0.02
4503,0,0,2.73,7.51,6.87,0.01,-0.12,-0.05
4556,0,0,2.63,7.32,6.99,0.05,-0.07,-0.01
4609,0,0,2.93,7.58,7.16,0.06,-0.04,0.01
4662,0,0,2.36,7.17,6.77,-0.03,-0.12,-0.04
4715,0,0,2.69,7.44,6.86,0.01,-0.16,-0.03
4768,0,0,2.64,7.61,6.83,0.03,-0.11,-0.02
4821,0,0,2.56,7.29,6.95,0.06,-0.15,0.02
4874,0,0,2.51,7.59,7.06,0.02,-0.13,-0.00
4927,0,0,2.64,7.30,6.97,0.04,-0.11,-0.05
4980,0,0,2.65,7.44,6.84,-0.03,-0.13,-0.05
5033,0,0,2.67,7.36,6.95,-0.01,-0.15,-0.02
5086,0,0,2.53,7.62,6.85,0.05,-0.12,-0.01
5139,0,0,2.68,7.25,6.99,0.09,-0.13,0.05
5192,0,0,2.51,7.51,6.88,-0.02,-0.14,0.00
5245,0,0,2.58,7.54,6.96,0.01,-0.16,-0.01
5298,0,0,2.73,7.37,6.99,-0.03,-0.12,-0.02
5351,0,0,2.53,7.53,6.97,-0.02,-0.17,-0.02
5404,0,0,2.58,7.29,6.83,0.00,-0.12,-0.04
5457,0,0,2.76,7.51,6.88,0.07,-0.12,0.03
5510,0,0,2.54,7.54,6.99,0.10,-0.13,0.04
5563,0,0,2.62,7.37,6.96,0.00,-0.10,-0.02
5616,0,0,2.58,7.43,6.95,-0.04,-0.15,-0.03
5669,0,0,2.60,7.47,6.96,0.01,-0.13,-0.05
5722,0,0,2.60,7.41,6.86,0.01,-0.14,-0.02
5775,0,0,2.61,7.30,6.88,0.04,-0.13,0.01
5828,0,0,2.67,7.55,6.92,0.05,-0.16,0.03
5881,0,0,2.60,7.40,6.99,0.05,-0.14,0.02
5934,0,0,2.62,7.34,6.95,0.01,-0.15,-0.01
5987,0,0,2.62,7.49,6.92,-0.05,-0.13,-0.05
6040,0,0,2.64,7.40,7.00,0.03,-0.16,-0.00
6093,0,0,2.81,7.54,6.94,0.04,-0.11,-0.00
6146,0,0,2.41,7.33,6.92,0.04,-0.12,0.02
6199,0,0,2.71,7.57,6.98,0.03,-0.10,-0.02
6252,0,0,2.52,7.38,6.95,0.04,-0.15,0.01
6305,0,0,2.59,7.44,6.96,-0.02,-0.13,-0.06
6358,0,0,2.65,7.40,6.90,0.00,-0.13,-0.04
6411,0,0,2.72,7.50,6.89,0.05,-0.13,-0.00
6464,0,0,2.60,7.25,6.93,0.04,-0.12,0.02
6517,0,0,2.63,7.51,6.91,0.05,-0.14,0.01
6570,0,0,2.59,7.43,7.00,0.04,-0.15,-0.00
6623,0,0,2.59,7.48,6.92,-0.03,-0.11,-0.06
6676,0,0,2.62,7.42,6.88,-0.01,-0.15,-0.04
6729,0,0,2.73,7.48,6.91,0.01,-0.15,-0.01
6782,0,0,2.57,7.42,6.92,0.05,-0.14,0.02
6835,0,0,2.50,7.57,6.99,0.07,-0.10,0.00
6888,0,0,2.61,7.41,6.90,0.06,-0.09,-0.02
6941,0,0,2.59,7.41,6.92,-0.00,-0.14,-0.04
6994,0,0,2.64,7.44,6.95,-0.02,-0.11,-0.05
7047,0,0,2.58,7.34,6.93,0.02,-0.15,-0.01
7100,0,0,2.63,7.59,6.94,-0.01,-0.14,-0.04
7153,0,0,2.58,7.29,6.83,0.06,-0.12,0.01
7206,0,0,2.62,7.64,6.86,0.04,-0.13,0.00
7259,0,0,2.57,7.40,7.03,0.06,-0.13,0.01
7312,0,0,2.44,7.62,6.85,-0.07,-0.09,-0.08
7365,0,0,2.59,7.28,6.91,0.03,-0.17,-0.02
7418,0,0,2.61,7.53,6.89,0.05,-0.12,-0.01
7471,0,0,2.61,7.30,6.87,0.06,-0.13,0.03
7524,0,0,2.60,7.52,7.02,0.03,-0.12,0.02
7577,0,0,2.32,7.52,6.87,0.04,-0.12,-0.05
7630,0,0,2.55,7.29,7.01,0.01,-0.09,-0.08
7683,0,0,2.64,7.59,6.71,-0.05,-0.03,-0.12
7736,0,0,2.57,7.39,6.89,0.04,-0.11,-0.01
7789,0,0,2.53,7.53,6.91,0.12,-0.15,0.04
7842,0,0,2.37,7.28,6.90,-0.01,-0.14,-0.00
7895,0,0,2.55,7.58,6.89,-0.07,-0.14,-0.03
7948,0,0,2.58,7.47,6.82,-0.06,-0.21,0.01
8001,0,0,2.50,7.42,6.88,0.00,-0.23,0.07
8054,0,0,2.54,7.53,6.99,0.02,-0.18,0.05
8107,0,0,2.49,7.51,7.00,0.05,-0.12,0.04
8160,0,0,2.65,7.54,7.00,0.07,-0.09,0.03
8213,0,0,2.68,7.46,6.97,0.01,-0.14,0.00
8266,0,0,2.43,7.23,6.87,0.02,-0.20,0.00
8319,0,0,2.89,7.52,7.10,-0.03,-0.14,-0.02
8372,0,0,2.43,7.49,6.83,0.01,-0.15,-0.03
8425,0,0,2.61,7.42,6.85,0.03,-0.10,-0.03
8478,0,0,2.75,7.47,6.93,0.12,-0.10,0.01
8531,0,0,2.50,7.48,6.93,0.02,-0.12,-0.03
8584,0,0,2.55,7.39,6.95,0.03,-0.10,-0.06
8637,0,0,2.51,7.41,6.98,-0.05,-0.12,-0.09
8690,0,0,2.60,7.47,6.80,0.04,-0.13,-0.01
8743,0,0,2.68,7.47,6.83,0.02,-0.13,0.02
8796,0,0,2.48,7.48,7.00,0.04,-0.13,0.04
8849,0,0,2.61,7.46,7.07,0.01,-0.08,-0.02
8902,0,0,2.43,7.38,6.90,0.03,-0.14,0.03
8955,0,0,2.59,7.49,6.99,0.07,-0.04,0.05
9008,0,0,2.67,7.12,6.92,-0.02,-0.13,0.02
9061,0,0,2.71,7.78,6.79,0.07,-0.10,0.08
9114,0,0,2.48,7.20,7.08,-0.14,-0.17,-0.03
9167,0,0,2.67,7.72,6.64,0.09,-0.02,-0.04
9220,0,0,2.72,7.23,7.06,-0.11,-0.09,-0.03
9273,0,0,2.46,7.63,6.92,0.11,-0.19,0.09
9326,0,0,2.48,7.17,7.01,0.09,-0.10,0.06
9379,0,0,2.82,7.44,7.12,0.05,-0.12,0.12
9432,0,0,2.33,7.49,7.00,0.03,-0.14,0.02
9485,0,0,2.63,7.38,7.00,-0.04,-0.10,-0.07
9538,0,0,2.70,7.39,6.78,-0.03,-0.17,-0.05
9591,0,0,2.67,7.48,6.86,0.04,-0.14,-0.01
9644,0,0,2.60,7.43,6.92,0.03,-0.13,-0.02
9697,0,0,2.75,7.36,7.03,0.02,-0.18,-0.02
9750,0,0,2.51,7.41,6.97,0.07,-0.17,0.01
9803,0,0,2.69,7.43,7.09,-0.05,-0.08,-0.10
9856,0,0,2.69,7.25,6.95,0.04,-0.13,-0.01
9909,0,0,2.59,7.49,7.01,0.02,-0.15,0.01
9962,0,0,2.51,7.37,6.98,0.05,-0.12,0.00
10015,0,0,2.77,7.27,7.01,0.02,-0.11,0.01
10068,0,0,2.54,7.49,7.03,0.03,-0.13,0.02
10121,0,0,2.60,7.70,6.91,0.03,-0.14,-0.02
10174,0,0,2.60,7.12,7.02,0.01,-0.08,-0.05
10227,0,0,2.60,7.44,6.87,0.01,-0.17,-0.03
10280,0,0,2.57,7.52,6.92,0.01,-0.11,-0.06
10333,0,0,2.76,7.37,6.99,0.04,-0.15,-0.02
10386,0,0,2.53,7.38,6.96,0.03,-0.13,-0.00
10439,0,0,2.48,7.36,7.06,0.04,-0.12,-0.00
10492,0,0,2.61,7.39,7.00,0.02,-0.13,-0.03
10545,0,0,2.66,7.43,6.97,-0.03,-0.17,-0.01
10598,0,0,2.57,7.56,6.88,0.02,-0.13,-0.03
10651,0,0,2.57,7.05,6.98,0.05,-0.14,0.03
10704,0,0,2.50,7.76,7.04,-0.01,-0.13,-0.03
10757,0,0,2.53,7.46,6.99,0.03,-0.11,-0.06
10810,0,0,2.67,7.41,6.92,0.01,-0.13,-0.05
10863,0,0,2.44,7.39,6.86,0.02,-0.11,-0.01
10916,0,0,2.50,7.45,6.95,0.07,-0.18,-0.02
10969,0,0,2.71,7.42,6.99,-0.06,-0.10,-0.06
11022,0,0,2.60,7.57,6.90,0.00,-0.18,0.01
11075,0,0,2.45,7.20,7.06,0.06,-0.15,0.04
11128,0,0,2.63,7.51,6.99,-0.03,-0.13,-0.03
11181,0,0,2.55,7.41,7.01,-0.03,-0.17,-0.02
11234,0,0,2.58,7.53,6.99,0.02,-0.15,-0.02
11287,0,0,2.66,7.40,6.90,0.00,-0.14,-0.02
11340,0,0,2.58,7.37,6.95,0.05,-0.11,0.02
11393,0,0,2.72,7.25,7.01,0.09,-0.14,0.05
11446,0,0,2.57,7.46,7.06,0.03,-0.14,0.02
11499,0,0,2.63,7.22,7.06,0.03,-0.11,0.00
11552,0,0,2.65,7.61,6.95,-0.06,-0.11,-0.06
11605,0,0,2.54,7.35,7.00,-0.02,-0.13,-0.06
11658,0,0,2.69,7.39,6.91,0.04,-0.10,-0.02
11711,0,0,2.76,7.34,6.81,0.00,-0.11,-0.00
11764,0,0,2.50,7.42,7.06,0.05,-0.17,0.03
11817,0,0,2.67,7.50,6.99,0.00,-0.06,-0.00
11870,0,0,2.54,7.21,7.02,0.07,-0.16,0.04
11923,0,0,2.67,7.64,6.90,-0.00,-0.13,-0.01
11976,0,0,2.65,7.21,7.05,0.02,-0.11,0.00
12029,0,0,2.62,7.47,7.01,0.03,-0.18,0.01
12082,0,0,2.47,7.48,6.97,-0.01,-0.10,-0.06
12135,0,0,2.69,7.15,7.02,-0.02,-0.13,-0.05
12188,0,0,2.61,7.24,6.91,0.02,-0.16,0.05
12241,0,0,2.66,7.60,6.89,0.02,-0.14,0.03
12294,0,0,2.65,7.25,7.08,0.07,-0.14,0.05
12347,0,0,2.65,7.57,6.99,0.03,-0.13,0.03
12400,0,0,2.59,7.33,7.04,0.04,-0.12,-0.01
12453,0,0,2.74,7.41,6.93,0.01,-0.13,-0.03
12506,0,0,2.74,7.42,6.97,0.02,-0.13,-0.01
12559,0,0,2.65,7.42,7.00,0.03,-0.11,-0.01
12612,0,0,2.64,7.38,7.02,0.05,-0.10,-0.01
12665,0,0,2.70,7.19,7.06,-0.06,-0.16,-0.05
12718,0,0,2.53,7.65,6.81,-0.01,-0.15,-0.01
12771,0,0,2.84,7.14,7.03,0.03,-0.19,0.03
12824,0,0,2.60,7.49,6.94,-0.05,-0.15,-0.00
12877,0,0,2.66,7.35,7.02,0.06,-0.10,0.01
12930,0,0,2.74,7.38,7.01,0.02,-0.13,-0.01
12983,0,0,2.68,7.51,6.96,0.06,-0.13,-0.00
13036,0,0,2.47,7.17,6.95,0.10,-0.10,-0.02
13089,0,0,2.83,7.59,7.04,-0.00,-0.09,-0.06
13142,0,0,2.56,7.38,7.06,0.07,-0.12,-0.01
13195,0,0,2.67,7.38,7.11,0.09,-0.07,-0.05
13248,0,0,2.68,7.14,6.96,-0.13,-0.07,-0.11
13301,0,0,2.68,7.58,6.87,0.04,-0.18,0.01
13354,0,0,2.51,7.21,6.97,-0.06,-0.16,-0.03
13407,0,0,2.44,7.71,6.93,-0.00,-0.20,-0.06
13460,0,0,2.63,7.40,6.97,0.11,-0.12,-0.05
13513,0,0,2.66,7.39,6.94,-0.01,-0.13,-0.03
13566,0,0,2.59,7.18,7.02,0.09,-0.10,0.04
13619,0,0,2.53,7.62,6.98,0.08,-0.15,0.05
13672,0,0,2.51,7.35,7.14,0.04,-0.12,-0.02
13725,0,0,2.39,7.52,6.89,-0.05,-0.10,-0.08
13778,0,0,2.70,7.34,6.90,-0.02,-0.13,-0.09
13831,0,0,2.65,7.47,6.84,-0.01,-0.14,0.00
13884,0,0,2.54,7.36,6.96,-0.03,-0.18,0.03
13937,0,0,2.58,7.43,6.99,-0.01,-0.19,0.04
13990,0,0,2.50,7.38,6.98,0.01,-0.16,0.05
14043,0,0,2.53,7.58,7.01,0.03,-0.11,0.02
14096,0,0,2.54,7.33,7.09,0.08,-0.11,0.00
14149,0,0,2.67,7.34,7.00,-0.02,-0.16,-0.03
14202,0,0,2.52,7.50,7.01,0.00,-0.12,-0.05
14255,0,0,2.69,7.43,7.03,-0.00,-0.13,-0.04
14308,0,0,2.40,7.62,6.90,0.10,-0.09,-0.01
14361,0,0,2.51,7.19,6.98,0.16,-0.01,0.02
14414,0,0,2.55,7.40,7.05,-0.11,-0.10,-0.08
14467,0,0,2.58,7.45,6.95,0.13,-0.03,-0.01
14520,0,0,2.60,7.32,7.12,-0.13,-0.18,-0.01
14573,0,0,2.49,7.42,6.86,0.07,-0.10,0.03
14626,0,0,2.63,7.11,7.03,-0.00,-0.04,0.14
14679,0,0,2.63,7.77,6.79,0.05,-0.10,0.09
14732,0,0,2.58,7.22,6.81,0.02,-0.12,0.02
14785,0,0,2.15,7.40,6.86,0.15,-0.13,0.07
14838,0,0,2.72,7.26,7.04,-0.14,-0.20,-0.07
14891,0,0,2.67,7.89,7.05,0.01,-0.18,-0.00
14944,0,0,2.51,7.22,7.40,0.07,-0.13,0.04
14997,0,0,2.33,7.18,7.11,0.03,-0.14,-0.06
15050,0,0,2.71,7.24,7.06,-0.05,-0.12,-0.08
15103,0,0,2.55,7.30,6.96,-0.00,-0.16,0.00
15156,0,0,2.70,7.56,7.09,0.02,-0.13,0.01
15209,0,0,2.47,7.25,6.85,-0.01,-0.16,-0.00
15262,0,0,2.73,7.51,7.01,0.03,-0.15,-0.01
15315,0,0,2.61,7.35,7.06,0.03,-0.07,-0.02
15368,0,0,2.47,7.39,7.06,0.06,-0.11,-0.02
15421,0,0,2.66,7.23,7.12,0.00,-0.12,-0.02
15474,0,0,2.46,7.39,6.96,0.06,-0.11,-0.01
15527,0,0,2.75,7.28,7.06,0.03,-0.16,0.00
15580,0,0,2.51,7.55,7.06,-0.01,-0.16,-0.04
15633,0,0,2.64,7.19,7.06,0.01,-0.11,-0.03
15686,0,0,2.47,7.40,7.03,0.04,-0.16,0.00
15739,0,0,2.74,7.29,7.08,-0.00,-0.13,-0.02
15792,0,0,2.49,7.37,6.97,-0.04,-0.17,0.01
15845,0,0,2.64,7.33,7.12,0.02,-0.19,0.02
15898,0,0,2.58,7.27,6.95,-0.05,-0.17,0.00
15951,0,0,2.65,7.51,7.10,0.05,-0.14,0.01
16004,0,0,2.61,7.32,7.13,0.08,-0.12,0.01
16057,0,0,2.41,7.32,7.15,0.07,-0.10,-0.03
16110,0,0,2.44,7.56,7.15,0.11,-0.04,-0.08
16163,0,0,2.15,7.77,7.17,0.13,0.02,-0.17
16216,0,0,2.00,8.04,6.96,0.43,0.18,-0.23
16269,0,0,2.38,7.42,6.51,0.63,0.31,-0.37
16322,0,0,2.86,5.34,6.69,-0.14,0.15,0.11
16375,0,0,2.32,9.18,6.82,-0.89,-0.40,0.02
16428,0,0,1.03,8.67,6.90,0.66,-0.39,0.26
16481,0,0,2.51,7.05,6.81,0.65,0.23,0.06
16534,0,0,2.28,6.97,6.66,-0.40,-0.05,-0.12
16587,0,0,2.48,8.33,6.64,-0.27,-0.20,-0.03
16640,0,0,2.05,7.58,6.84,0.03,-0.25,0.16
16693,0,0,1.96,7.78,7.09,0.17,-0.25,0.16
16746,0,0,2.49,7.27,7.11,-0.09,-0.23,0.06
16799,0,0,1.70,8.16,7.09,-0.09,-0.02,-0.07
16852,0,0,2.36,7.43,7.20,-0.05,0.08,-0.16
16905,0,0,2.92,8.47,5.99,0.43,0.15,0.07
16958,0,0,2.31,7.90,6.47,1.06,-0.31,0.50
17011,0,0,1.22,6.48,6.33,0.26,-0.22,-0.05
17064,0,0,2.88,8.45,6.59,-0.31,-0.01,-0.29
17117,0,0,1.86,9.15,5.93,0.40,-0.07,-0.06
17170,0,0,3.02,7.95,5.97,0.52,-0.19,-0.13
17223,0,0,1.92,7.98,6.24,-0.12,0.01,-0.18
17276,0,0,2.12,7.93,6.03,0.21,-0.16,-0.01
17329,0,0,1.97,7.05,6.72,-0.36,-0.14,-0.14
17382,0,0,1.69,8.45,5.47,-0.60,-0.16,-0.29
17435,0,0,4.12,6.66,6.63,-0.01,-0.47,0.22
17488,0,0,2.11,5.79,7.35,-1.98,-0.80,0.08
17541,0,0,1.78,12.12,6.95,-0.56,-0.75,-0.01
17594,0,0,1.75,5.57,7.46,1.10,-0.01,0.14
17647,0,0,3.09,6.72,7.33,-0.63,0.12,-0.30
17700,0,0,2.86,8.51,6.58,-0.10,-0.10,-0.02
17753,0,0,2.66,6.68,7.36,0.26,-0.29,0.24
17806,0,0,2.34,7.90,7.28,0.05,-0.30,0.15
17859,0,0,2.11,7.13,7.29,0.04,-0.08,-0.10
17912,0,0,2.81,7.25,7.13,-0.05,-0.11,-0.17
17965,0,0,2.38,7.59,6.97,-0.03,-0.05,-0.17
18018,0,0,2.63,7.15,6.93,0.16,0.01,-0.09
18071,0,0,2.96,6.92,6.96,-0.01,-0.10,0.01
18124,0,0,2.41,7.55,6.91,0.07,-0.20,0.17
18177,0,0,2.06,7.30,7.33,0.01,-0.00,0.05
18230,0,0,2.61,7.49,7.32,0.04,-0.21,-0.00
18283,0,0,2.60,7.39,7.09,-0.01,-0.13,-0.01
18336,0,0,2.47,7.20,7.00,-0.01,-0.22,0.02
18389,0,0,2.56,7.40,7.10,0.04,-0.17,0.06
18442,0,0,2.67,7.43,7.10,0.04,-0.16,0.06
18495,0,0,2.39,7.27,7.14,0.07,-0.20,0.08
18548,0,0,2.38,7.49,7.25,-0.03,-0.12,-0.09
18601,0,0,2.60,7.42,7.06,-0.04,-0.11,-0.14
18654,0,0,2.70,7.13,6.94,0.03,-0.07,-0.08
18707,0,0,2.67,7.30,7.07,-0.04,-0.17,-0.00
18760,0,0,2.46,7.39,7.13,0.06,-0.16,0.06
18813,0,0,2.30,7.33,7.13,-0.02,-0.14,-0.04
18866,0,0,2.49,7.61,7.24,0.12,-0.06,-0.06
18919,0,0,2.25,7.27,6.92,0.24,0.02,-0.05
18972,0,0,2.96,7.20,7.06,0.18,-0.03,-0.04
19025,0,0,2.53,7.98,6.98,-0.07,-0.23,-0.03
19078,0,0,2.08,6.77,7.18,0.31,-0.32,0.11
19131,0,0,2.84,7.49,6.81,-0.34,-0.11,-0.29
19184,0,0,2.04,6.74,6.88,0.09,-0.16,0.06
19237,0,0,1.87,6.67,6.69,-0.35,0.12,-0.06
19290,0,0,3.35,11.21,7.48,-0.00,-0.24,-0.17
19343,0,0,1.27,4.03,7.08,0.77,-0.03,0.27
19396,0,0,2.74,9.31,7.07,-0.10,0.16,-0.13
19449,0,0,1.80,7.11,6.75,0.20,-0.29,-0.09
19502,0,0,3.46,6.89,7.44,-0.19,0.01,0.11
19555,0,0,2.08,9.39,6.79,-0.02,-0.31,0.09
19608,0,0,1.22,6.51,6.32,0.76,-0.16,-0.04
19661,0,0,3.98,5.57,7.35,0.05,0.04,-0.01
19714,0,0,1.76,7.45,6.52,-0.71,-0.56,-0.36
19767,0,0,3.49,9.84,7.30,-0.00,-0.65,0.63
19820,0,0,1.22,6.84,7.05,0.45,-0.32,0.12
19873,0,0,2.52,6.13,7.54,-0.50,-0.20,-0.09
19926,0,0,2.06,7.95,6.84,-0.30,-0.15,-0.20
19979,0,0,2.64,7.63,7.05,-0.15,-0.26,-0.07
20032,0,0,2.66,7.21,7.15,0.12,-0.12,0.08
20085,0,0,8.72,6.28,6.22,0.01,0.59,-0.72
20138,0,0,-0.10,6.28,8.07,-0.09,-3.07,1.00
20191,0,0,3.39,8.06,7.83,-0.10,0.05,0.10
20244,0,0,7.77,5.27,4.86,-0.13,1.26,-0.70
20297,0,0,1.78,5.87,6.85,0.92,-2.60,1.23
20350,0,0,5.47,6.37,7.04,-0.54,-0.07,0.15
20403,0,0,5.54,8.05,5.92,-0.17,-0.92,0.38
20456,0,0,6.30,7.49,7.08,0.14,-1.40,0.58
20509,0,0,2.89,6.04,7.27,0.37,-0.48,0.60
20562,0,0,5.21,6.85,7.10,-0.25,-0.08,-0.20
20615,0,0,5.08,6.19,6.30,-0.17,0.19,-0.26
20668,0,0,6.00,6.21,6.05,-0.25,0.23,-0.40
20721,0,0,4.72,6.49,6.28,0.12,0.14,-0.27
20774,0,0,5.38,6.74,6.70,0.05,0.50,-0.20
20827,0,0,4.07,6.46,6.95,0.04,0.37,-0.35
20880,0,0,4.58,7.06,6.67,-0.17,0.70,-0.41
20933,0,0,3.62,7.80,7.76,0.21,0.08,-0.38
20986,0,0,5.34,5.38,5.30,0.13,1.55,-0.29
21039,0,0,8.02,6.55,5.93,-0.26,-1.18,0.72
21092,0,0,3.24,6.52,7.54,-0.19,-2.35,0.64
21145,0,0,2.48,9.32,8.57,0.69,-1.32,0.52
21198,0,0,3.20,5.01,7.79,0.29,0.39,-0.27
21251,0,0,4.94,7.36,7.07,-0.70,0.87,-1.46
21304,0,0,5.12,7.27,6.25,0.04,1.29,-0.52
21357,0,0,4.24,6.36,6.21,-0.34,0.55,-0.60
21410,0,0,3.51,7.54,6.66,0.13,0.72,-0.13
21463,0,0,7.80,7.39,5.67,-0.20,0.79,-0.80
21516,0,0,0.78,7.18,7.22,0.28,-0.80,0.41
21569,0,0,3.88,6.90,7.66,0.27,0.14,0.06
21622,0,0,3.58,7.40,7.19,-0.55,0.06,-0.29
21675,0,0,4.09,7.14,7.10,0.04,-0.55,0.30
21728,0,0,3.65,6.89,6.44,-0.16,-0.18,0.04
21781,0,0,5.83,7.04,6.26,-0.10,-0.74,0.37
21834,0,0,2.38,7.46,7.21,0.32,-1.32,0.35
21887,0,0,3.77,6.25,7.38,0.22,-0.18,0.26
21940,0,0,3.42,7.39,7.16,-0.02,-0.04,-0.20
21993,0,0,4.65,6.69,6.86,-0.32,0.07,-0.41
22046,0,0,3.22,7.28,6.99,-0.10,0.04,-0.43
22099,0,0,5.63,6.62,6.13,0.15,0.83,-0.21
22152,0,0,3.11,7.92,7.06,0.03,-0.79,0.15
22205,0,0,2.92,6.70,8.31,0.09,0.39,-0.38
22258,0,0,3.43,6.71,6.79,-0.34,0.40,-0.42
22311,0,0,4.15,7.12,6.68,-0.75,0.56,-0.52
22364,0,0,3.13,7.80,7.07,0.19,-0.01,0.02
22417,0,0,3.03,7.09,6.76,0.37,0.32,0.03
22470,0,0,2.39,7.57,6.98,0.45,0.16,-0.00
22523,0,0,2.24,6.48,6.85,2.85,-1.08,2.47
22576,0,0,4.90,7.47,8.10,-0.68,-0.11,-0.42
22629,0,0,1.36,6.76,7.02,-0.53,-0.22,-0.10
22682,0,0,3.45,8.03,6.88,-0.46,-0.13,-0.18
22735,0,0,3.59,6.86,7.13,-0.39,-0.40,0.02
22788,0,0,3.17,7.14,7.00,-0.50,-0.30,-0.16
22841,0,0,2.28,7.50,7.49,-0.08,0.01,0.07
22894,0,0,2.79,7.08,7.42,0.23,0.11,-0.09
22947,0,0,4.03,6.50,7.29,-0.03,0.06,-0.16
23000,0,0,3.22,6.75,7.26,-0.05,-0.20,0.07
23053,0,0,2.79,7.02,7.42,-0.09,-0.20,0.09
23106,0,0,2.77,6.67,7.51,-0.07,-0.16,-0.03
23159,0,0,3.22,6.96,7.14,-0.07,-0.07,-0.03
23212,0,0,2.92,6.88,7.21,0.01,-0.04,-0.02
23265,0,0,3.05,7.65,7.39,0.10,0.01,-0.13
23318,0,0,3.07,6.88,7.03,0.51,0.15,0.10
23371,0,0,3.92,6.20,7.64,0.10,-0.07,0.14
23424,0,0,2.25,7.41,7.27,-0.03,-0.27,0.04
23477,0,0,3.08,6.84,7.74,0.05,-0.14,-0.02
23530,0,0,2.96,6.86,7.45,-0.16,-0.22,-0.08
23583,0,0,2.94,6.95,7.46,-0.13,-0.15,-0.08
23636,0,0,3.04,6.91,7.24,0.01,-0.11,-0.06
23689,0,0,3.26,7.02,7.26,-0.03,-0.16,-0.02
23742,0,0,2.93,7.29,7.43,0.11,-0.18,0.03
23795,0,0,2.70,6.94,7.46,0.17,-0.02,-0.01
23848,0,0,3.02,7.29,7.13,0.21,0.05,-0.06
23901,0,0,2.95,7.27,7.12,0.40,0.02,0.06
23954,0,0,2.87,7.01,7.09,0.45,0.11,0.07
24007,0,0,3.26,6.79,7.33,-0.11,-0.06,-0.11
24060,0,0,2.61,7.66,6.91,-0.03,-0.17,-0.04
24113,0,0,2.99,7.04,7.15,0.08,-0.12,-0.00
24166,0,0,2.53,7.51,6.90,0.05,-0.06,-0.04
24219,0,0,2.69,8.01,6.55,0.45,0.11,0.05
24272,0,0,3.10,6.85,6.96,0.59,-0.05,0.18
24325,0,0,3.02,6.76,7.13,-0.26,-0.15,-0.09
24378,0,0,1.99,8.19,6.45,0.10,-0.15,0.02
24431,0,0,3.73,6.58,7.20,-0.02,-0.15,0.07
24484,0,0,2.17,7.85,6.75,-0.27,-0.28,0.01
24537,0,0,2.68,7.75,7.00,0.04,-0.05,-0.03
24590,0,0,2.79,7.16,6.66,0.21,0.02,0.02
24643,0,0,3.19,7.47,6.84,0.07,-0.06,0.01
24696,0,0,2.51,7.65,6.92,0.15,-0.09,0.07
24749,0,0,2.80,7.33,7.04,-0.00,-0.15,-0.03
24802,0,0,2.85,7.23,6.91,-0.26,-0.14,-0.09
24855,0,0,2.57,7.62,6.84,-0.17,-0.23,-0.06
24908,0,0,2.90,7.15,6.92,-0.04,-0.11,-0.04
24961,0,0,2.84,8.47,6.49,0.29,-0.04,0.09
25014,0,0,2.81,6.86,6.92,0.46,0.02,0.16
25067,0,0,3.09,6.07,7.30,-0.37,-0.29,-0.07
25120,0,0,3.06,7.29,7.30,-0.83,-0.59,-0.14
25173,0,0,2.09,8.26,7.14,-0.57,-0.43,-0.05
25226,0,0,1.11,8.30,7.47,0.31,0.26,-0.22
25279,0,0,3.66,6.76,7.43,0.88,0.43,-0.07
25332,0,0,2.79,7.90,7.16,0.44,-0.50,0.31
25385,0,0,3.88,7.20,7.21,0.41,0.01,0.05
25438,0,0,2.34,6.17,7.08,-0.38,-0.47,0.05
25491,0,0,2.62,7.38,7.13,-0.59,-0.49,0.04
25544,0,0,2.23,8.75,7.27,-0.43,-0.32,-0.11
25597,0,0,1.92,7.82,6.99,0.23,0.25,-0.07
25650,0,0,1.63,9.46,6.35,1.28,0.76,-0.03
25703,0,0,2.32,10.32,5.48,2.95,1.17,-0.15
25756,4095,0,-0.20,2.00,6.35,1.64,0.27,-1.50
25809,4095,0,6.48,7.06,5.50,-2.08,0.51,-1.06
25862,4095,0,0.84,9.55,8.65,-1.68,-1.64,0.50
25915,4095,0,-1.05,9.90,4.19,-1.37,-0.50,0.00
25968,4095,0,3.45,8.29,7.40,0.31,-0.44,0.39
26021,4095,0,0.07,6.31,7.30,-0.44,-0.74,-0.04
26074,4095,0,1.40,8.92,6.67,-0.14,0.42,-0.36
26127,4095,0,3.46,7.41,6.76,0.30,0.42,-0.15
26180,4095,0,1.52,7.70,7.13,0.39,-0.29,0.14
26233,4095,0,1.28,6.80,7.69,-0.19,0.09,-0.21
26286,4095,0,2.49,8.43,6.27,-0.18,-0.15,-0.14
26339,4095,0,1.47,7.16,6.89,0.23,-0.40,0.20
26392,4095,0,2.20,7.49,6.77,-0.30,0.02,-0.18
26445,4095,0,1.87,8.43,7.17,-0.17,-0.30,-0.13
26498,4095,0,1.89,6.60,7.47,0.09,-0.14,-0.02
26551,4095,0,2.39,7.68,6.83,-0.15,-0.45,0.16
26604,4095,0,0.31,8.17,7.27,0.06,-0.01,-0.05
26657,4095,0,3.10,6.63,6.73,0.00,0.35,-0.37
26710,4095,0,1.25,8.25,6.29,-0.27,-0.83,0.19
26763,4095,0,1.33,7.11,7.42,0.64,0.09,0.18
26816,4095,0,2.90,7.20,7.12,-0.33,-0.01,-0.27
26869,4095,0,1.60,8.13,6.55,-0.03,-0.33,0.09
26922,4095,0,1.62,7.04,7.27,0.00,-0.40,0.06
26975,4095,0,1.52,7.80,7.13,-0.13,-0.14,-0.09
27028,4095,0,2.22,7.38,6.94,-0.04,-0.18,-0.01
27081,4095,0,1.32,7.75,6.87,0.08,-0.12,-0.02
27134,4095,0,2.29,7.18,7.34,0.20,0.10,-0.07
27187,4095,0,2.16,7.90,6.52,-0.04,-0.10,-0.12
27240,4095,0,1.50,7.32,7.18,0.24,-0.24,0.08
27293,4095,0,2.42,6.98,7.32,-0.09,-0.11,-0.03
27346,4095,0,1.31,8.45,6.88,-0.05,-0.21,-0.07
27399,4095,0,1.59,6.96,7.20,0.13,-0.23,-0.09
27452,4095,0,1.41,7.41,6.96,-0.11,-0.13,-0.11
27505,4095,0,1.91,7.76,6.79,0.12,-0.13,0.02
27558,4095,0,1.41,7.02,6.64,-0.07,-0.19,0.12
27611,4095,0,0.93,8.59,6.57,-0.39,-0.23,0.03
27664,4095,0,3.41,6.96,7.28,0.10,0.15,0.06
27717,4095,0,1.92,7.10,7.13,-0.33,-0.04,0.06
27770,4095,0,1.96,7.88,7.38,-0.33,-0.45,-0.03
27823,4095,0,1.83,7.25,7.35,-0.03,-0.12,-0.07
27876,4095,0,1.84,7.29,6.99,-0.10,-0.18,-0.10
27929,4095,0,2.30,6.91,7.80,-0.04,-0.10,0.00
27982,4095,0,1.98,7.00,7.69,-0.08,-0.34,0.04
28035,4095,0,1.91,6.85,7.39,-0.17,-0.29,-0.03
28088,4095,0,2.33,7.14,7.78,-0.06,-0.02,-0.05
28141,4095,0,1.37,7.79,7.58,0.12,0.19,-0.16
28194,4095,0,2.95,6.57,7.31,0.21,0.18,-0.08
28247,4095,0,2.36,7.09,7.33,-0.47,-0.16,-0.12
28300,4095,0,1.81,7.14,7.42,-0.03,-0.40,0.12
28353,4095,0,1.68,7.02,7.92,-0.06,-0.27,0.08
28406,4095,0,2.41,6.81,7.73,-0.13,-0.07,0.15
28459,4095,0,1.84,7.38,7.75,-0.07,-0.31,0.04
28512,4095,0,2.25,6.61,7.58,-0.05,-0.22,-0.04
28565,4095,0,2.74,6.63,7.72,0.02,-0.11,0.19
28618,4095,0,2.35,6.81,7.65,-0.04,-0.26,0.16
28671,4095,0,1.60,6.88,7.57,0.02,-0.19,-0.01
28724,4095,0,2.22,7.12,7.70,0.09,0.04,0.16
28777,4095,0,2.26,7.22,7.79,0.21,0.05,-0.14
28830,4095,0,2.64,6.56,7.94,0.15,0.06,0.03
28883,4095,0,2.25,6.88,7.72,-0.07,0.04,-0.10
28936,4095,0,2.04,6.63,7.72,0.20,-0.01,0.11
28989,4095,0,2.32,6.91,7.82,-0.25,0.04,-0.10
29042,4095,0,2.15,6.79,7.21,-0.16,0.06,-0.12
29095,0,0,1.93,5.92,8.20,0.11,0.27,0.08
29148,0,0,1.77,5.09,8.05,0.04,0.30,1.02
29201,0,0,2.39,6.36,7.74,-1.40,0.54,0.30
29254,0,0,0.76,6.82,5.69,-0.98,-1.13,0.32
29307,0,0,2.84,6.03,9.80,0.23,2.02,0.95
29360,0,0,4.22,5.32,8.33,-0.66,-0.89,0.63
29413,0,0,-0.14,5.96,9.69,0.53,-0.05,-0.51
29466,0,0,4.16,5.64,10.68,1.12,-0.66,1.35
29519,0,0,1.88,5.94,7.29,0.94,-0.89,0.58
29572,0,0,0.10,6.22,5.41,-0.82,-1.37,-1.78
29625,0,0,5.11,8.59,10.28,0.67,2.42,-0.19
29678,0,0,3.62,6.32,7.27,0.56,1.03,-0.47
29731,0,0,1.93,5.91,5.53,0.22,1.21,-0.38
29784,0,0,2.41,6.50,7.24,0.51,0.55,-0.17
29837,0,0,2.85,7.22,8.75,0.13,0.07,-0.03
29890,0,0,1.77,9.78,11.28,1.59,-1.24,1.15
29943,0,0,3.60,6.41,9.71,0.56,-2.07,-0.80
29996,0,0,0.53,6.77,8.16,0.62,-0.22,-0.27
30049,0,0,0.64,6.65,7.68,0.75,1.18,-0.41
30102,0,0,0.36,7.78,6.33,-1.30,1.24,-0.78
30155,0,0,0.99,8.18,6.09,-1.77,1.28,-0.77
30208,0,0,0.32,9.17,6.90,-1.38,0.99,-0.48
30261,0,0,-1.10,9.43,7.02,-0.58,-0.96,-0.54
30314,0,0,0.56,7.53,8.60,0.83,-0.03,0.06
30367,0,0,0.61,6.64,8.19,0.79,-0.43,-0.08
30420,0,0,-0.28,7.19,7.98,1.18,-0.80,-0.16
30473,0,0,0.17,4.51,8.18,0.79,-0.47,-0.33
30526,0,0,-0.25,6.48,8.37,0.75,0.07,0.06
30579,0,0,-0.08,6.66,7.47,-0.27,-0.50,-0.22
30632,0,0,-0.44,7.02,7.28,-0.62,-0.37,-0.45
30685,0,0,-0.59,6.96,8.33,0.25,-0.12,0.03
30738,0,0,0.22,7.86,7.54,-0.76,-0.60,-0.42
30791,0,0,-1.11,7.41,7.45,-0.03,-0.56,-0.21
30844,0,0,0.45,7.61,7.91,-0.80,-0.69,-0.34
30897,0,0,0.46,8.30,8.04,-0.43,-0.66,-0.43
30950,0,0,0.31,6.04,8.31,0.33,-0.60,0.14
31003,0,0,1.15,6.56,7.93,-0.13,-0.59,-0.08
31056,0,0,0.83,5.71,7.52,0.70,-0.72,0.35
31109,0,0,0.64,6.75,8.01,0.14,-0.17,0.03
31162,0,0,0.98,6.31,7.87,0.28,-0.26,0.10
31215,0,0,0.45,6.31,8.24,0.29,-0.04,0.06
31268,0,0,1.03,6.69,8.32,0.13,0.36,-0.11
31321,0,0,1.31,7.49,8.06,-0.43,0.42,-0.30
31374,0,0,0.71,6.90,7.39,-0.24,0.16,0.05
31427,0,0,-0.26,7.53,7.53,-1.14,-0.55,-0.19
31480,0,0,-0.14,7.41,8.12,-0.12,-0.49,0.11
31533,0,0,0.17,6.70,8.82,-0.09,0.01,-0.01
31586,0,0,0.86,6.41,8.29,0.45,0.05,0.17
31639,0,0,-0.43,6.90,7.72,0.13,-0.40,-0.30
31692,0,0,0.09,6.10,9.10,-0.06,-0.15,-0.34
31745,0,0,0.25,7.06,9.09,0.20,-0.07,-0.18
31798,0,0,-0.23,5.93,8.30,0.21,-0.01,-0.04
31851,0,0,-0.04,6.09,9.42,-0.10,-0.01,0.30
31904,0,0,-0.34,7.09,7.85,-0.62,-0.73,-0.14
31957,0,0,-0.50,7.36,8.35,-0.29,-0.87,-0.17
32010,0,0,-0.27,6.85,8.49,-0.09,-0.30,-0.02
32063,0,0,0.58,6.52,9.00,0.19,-0.02,0.01
32116,0,0,0.68,5.39,8.62,0.44,0.34,0.01
32169,0,0,1.24,5.22,7.51,0.17,0.71,-0.01
32222,0,0,1.71,5.16,7.95,0.09,0.10,0.54
32275,0,0,-0.58,7.43,7.15,0.14,-0.50,0.73
32328,0,0,-1.69,7.92,8.15,0.07,0.11,0.20
32381,0,0,-1.34,7.72,9.59,0.51,-0.21,0.20
32434,0,0,0.84,6.92,9.61,-0.42,0.27,-0.20
32487,0,0,-1.34,5.43,8.33,0.58,0.04,0.54
32540,0,0,-0.03,5.34,8.49,0.54,1.73,-0.04
32593,4095,0,1.16,5.66,8.06,1.86,2.29,1.01
32646,4095,0,2.13,4.05,5.45,1.41,2.20,1.18
32699,4095,0,1.93,7.24,3.56,-1.02,0.46,1.31
32752,4095,0,-1.39,9.06,4.31,-0.94,-0.33,1.67
32805,4095,0,-0.90,6.34,5.50,-0.86,-0.37,1.46
32858,4095,0,0.97,9.05,7.40,-1.10,-0.88,0.99
32911,4095,0,-0.34,9.88,9.02,-0.71,-2.79,0.52
32964,4095,0,-0.43,9.23,10.78,0.17,-1.09,-0.38
33017,0,0,1.82,7.80,10.48,0.79,0.59,-1.03
33070,4095,163,4.06,7.26,8.82,0.32,0.89,-1.00
33123,0,359,1.27,4.89,7.71,-0.11,0.23,-0.77
33176,0,321,0.38,5.97,7.06,-0.41,0.87,-0.47
33229,0,307,1.64,6.74,7.35,-0.80,1.29,0.02
33282,0,287,0.18,7.74,6.54,-0.30,-0.20,0.22
33335,0,278,0.40,5.96,6.70,0.58,0.01,0.47
33388,0,288,1.34,7.35,8.26,-0.12,-0.48,0.35
33441,0,287,-0.13,6.95,8.37,-0.16,-1.16,0.30
33494,0,281,-0.03,8.95,7.90,0.30,-0.02,-0.02
33547,0,291,0.05,6.24,7.93,0.01,0.09,-0.19
33600,0,294,-0.07,6.77,7.85,0.24,0.26,-0.11
33653,0,304,1.46,5.86,6.94,-0.23,-0.15,-0.43
33706,0,288,1.55,7.78,8.20,0.08,-0.75,0.05
33759,0,284,0.26,5.81,8.07,0.01,-0.44,0.27
33812,0,262,0.20,7.68,7.69,-0.12,-0.14,-0.05
33865,0,227,0.66,6.72,7.90,0.24,0.22,0.11
33918,0,150,0.93,6.85,7.93,-0.59,-0.50,-0.19
33971,0,95,0.38,6.77,7.93,-0.32,-0.51,0.00
34024,0,48,0.55,6.62,7.67,-0.20,-0.22,0.13
34077,0,0,1.20,7.18,8.76,0.01,-0.09,0.12
34130,0,0,0.95,6.61,8.72,0.26,-0.06,0.19
34183,0,0,1.29,6.82,7.86,0.24,-0.05,0.11
34236,0,0,1.13,6.17,7.51,-0.38,-0.23,-0.12
34289,0,0,1.15,6.44,7.92,-0.15,0.00,-0.04
34342,0,0,1.40,6.90,8.06,-0.07,-0.07,0.07
34395,0,0,1.07,6.86,8.03,0.00,-0.25,0.12
34448,0,0,0.68,6.84,8.37,0.13,-0.26,0.12
34501,0,0,0.93,6.81,8.52,0.26,-0.17,0.09
34554,0,0,0.87,6.46,8.40,0.08,-0.11,-0.00
34607,4095,0,0.89,6.67,8.24,-0.07,-0.07,-0.12
34660,0,0,1.22,6.60,7.91,-0.14,0.09,-0.15
34713,0,0,1.19,6.65,7.96,-0.10,-0.10,-0.12
34766,0,0,1.20,6.58,8.17,0.09,-0.16,0.01
34819,0,0,1.12,6.44,8.16,0.15,-0.12,0.10
34872,0,0,1.03,6.78,8.20,0.08,-0.26,0.09
34925,0,0,0.75,6.48,8.21,0.06,-0.12,0.03
34978,0,0,1.20,6.79,8.14,-0.08,-0.07,-0.08
35031,0,0,1.13,6.64,8.21,-0.00,-0.21,-0.02
35084,0,0,1.13,6.54,8.00,0.01,-0.13,0.01
35137,0,0,1.18,6.63,8.14,0.05,-0.22,0.04
35190,0,0,1.10,6.56,8.17,0.13,-0.14,0.10
35243,0,0,1.11,6.51,8.12,0.05,-0.18,0.05
35296,0,0,1.10,6.75,8.13,-0.02,-0.09,0.01
35349,0,0,1.09,6.58,8.11,-0.02,-0.08,-0.02
35402,0,0,1.21,6.83,8.03,-0.05,-0.11,-0.04
35455,0,0,1.34,6.66,8.17,0.04,-0.11,0.01
35508,0,0,1.19,6.64,8.07,0.07,-0.18,0.04
35561,0,0,1.20,6.54,8.22,0.09,-0.13,0.05
35614,0,0,1.16,6.50,8.21,0.05,-0.15,0.05
35667,0,0,1.24,6.82,8.21,-0.02,-0.17,0.02
35720,0,74,1.11,6.68,8.10,0.02,-0.14,0.01
35773,0,121,1.27,6.70,8.10,-0.01,-0.10,-0.03
35826,0,129,1.28,6.75,8.15,0.01,-0.15,-0.03
35879,0,197,1.22,6.58,8.12,0.02,-0.14,-0.01
35932,0,342,1.26,6.64,8.17,0.00,-0.14,-0.02
35985,0,402,1.13,6.52,8.15,0.03,-0.15,-0.01
36038,0,504,1.17,6.51,8.19,-0.01,-0.12,-0.05
36091,0,631,1.28,6.80,8.13,0.05,-0.10,-0.02
36144,0,4095,1.27,6.39,8.28,0.05,-0.12,-0.01
36197,0,4095,1.27,6.65,7.98,0.02,-0.13,-0.00
36250,0,4095,1.18,6.62,8.21,0.05,-0.14,0.01
36303,0,4095,1.18,6.72,8.22,-0.02,-0.12,-0.02
36356,0,4095,1.18,6.70,8.09,0.00,-0.13,-0.00
36409,0,4095,1.13,6.76,8.16,-0.01,-0.12,-0.03
36462,0,4095,1.20,6.70,8.09,-0.00,-0.09,-0.07
36515,0,4095,1.26,6.44,8.09,0.06,-0.10,-0.01
36568,0,4095,1.23,6.59,8.02,0.03,-0.14,0.00
36621,0,4095,1.16,6.48,8.09,0.07,-0.23,0.05
36674,0,4095,1.11,6.68,8.13,0.03,-0.16,0.01
36727,0,4095,1.25,6.72,8.26,0.05,-0.11,0.02
36780,0,4095,1.12,6.71,8.16,0.05,-0.13,0.03
36833,0,4095,1.29,6.79,8.10,0.04,-0.14,0.02
36886,0,847,1.16,6.57,8.03,0.02,-0.10,-0.01
36939,0,679,1.34,6.58,8.06,0.02,-0.12,-0.00
36992,0,302,1.38,6.67,8.11,0.01,-0.11,-0.00
37045,0,0,1.31,6.78,8.04,0.07,-0.23,0.07
37098,0,0,1.29,6.83,8.17,-0.00,-0.16,0.01
37151,0,0,1.12,6.57,8.21,0.12,-0.17,0.04
37204,0,0,1.38,6.58,8.02,0.04,-0.01,-0.05
37257,0,0,1.59,6.46,8.18,-0.05,-0.13,-0.05
37310,0,0,1.27,6.81,7.74,-0.14,-0.02,-0.12
37363,0,0,1.52,6.59,7.97,0.10,-0.07,-0.01
37416,0,0,1.25,6.93,7.73,-0.11,-0.09,-0.09
37469,0,0,1.17,6.70,8.17,0.11,-0.21,0.08
37522,0,0,1.01,7.24,8.24,0.04,-0.19,0.00
37575,0,0,1.05,6.77,8.77,0.11,-0.36,0.07
37628,0,0,0.76,6.99,8.27,-0.00,-0.20,-0.06
37681,4095,18,1.05,6.40,8.49,0.01,0.03,-0.11
37734,4095,74,1.20,7.02,8.04,-0.11,-0.04,-0.18
37787,4095,11,1.03,6.22,8.06,-0.01,-0.03,-0.10
37840,4095,150,1.17,6.86,7.71,-0.01,-0.07,-0.05
37893,4095,4095,0.88,6.42,8.28,0.16,-0.14,0.02
37946,4095,4095,1.31,6.25,8.32,0.27,0.07,0.09
37999,4095,4095,1.34,6.47,8.11,0.03,0.00,0.03
38052,4095,4095,0.87,6.77,7.69,-0.15,-0.13,0.02
38105,112,4095,0.96,7.17,7.85,-0.18,-0.12,-0.12
38158,4095,4095,1.10,6.49,7.96,0.13,-0.00,-0.04
38211,47,4095,1.35,6.52,7.75,0.08,-0.07,0.02
38264,0,4095,1.21,6.51,7.98,0.12,-0.28,0.14
38317,0,4095,1.20,7.08,8.33,-0.04,-0.48,0.19
38370,0,4095,0.86,7.19,8.56,0.01,-0.42,0.12
38423,0,4095,0.76,6.97,8.46,0.03,-0.16,0.03
38476,45,4095,1.15,7.41,8.31,-0.07,-0.16,-0.15
38529,54,4095,0.88,6.53,8.30,0.03,-0.14,-0.06
38582,144,0,1.51,6.81,8.22,0.01,0.11,-0.27
38635,154,0,1.73,5.95,7.75,0.15,0.25,-0.05
38688,192,0,0.94,5.85,7.41,-0.10,0.30,-0.25
38741,4095,0,1.68,5.86,7.27,0.36,0.64,0.18
38794,4095,0,1.84,6.90,7.24,-0.77,-0.48,0.09
38847,217,0,0.09,8.25,8.54,-0.06,-1.04,0.44
38900,174,0,0.44,7.36,9.44,0.56,-0.65,0.28
38953,124,0,0.86,6.51,9.24,0.73,-0.52,0.24
39006,74,4095,1.10,6.52,8.48,0.04,-0.13,-0.17
39059,59,4095,1.35,5.75,8.07,-0.14,0.26,-0.41
39112,35,4095,1.30,6.58,7.07,-0.27,0.87,-0.42
39165,0,4095,1.61,6.72,6.97,-0.59,0.60,-0.30
39218,0,4095,1.42,7.35,7.33,-0.19,0.07,-0.04
39271,0,4095,1.09,7.03,7.78,0.24,-0.40,0.25
39324,0,4095,1.37,6.84,8.43,0.27,-0.63,0.39
39377,0,4095,0.81,6.80,8.48,0.48,-1.14,0.29
39430,0,4095,0.77,6.58,8.73,0.15,-0.67,0.14
39483,0,4095,0.50,6.65,8.47,-0.14,-0.07,-0.12
39536,0,4095,0.98,7.13,8.11,-0.41,0.18,-0.39
39589,0,650,1.26,6.95,8.05,-0.16,0.30,-0.43
39642,0,654,1.39,6.69,7.85,0.15,0.37,-0.10
39695,0,656,1.58,6.80,7.64,-0.06,-0.28,-0.10
39748,0,700,1.13,6.64,7.81,0.15,-0.36,0.10
39801,0,720,0.97,6.61,8.24,0.12,-0.35,0.13
39854,0,4095,0.74,6.64,8.16,0.04,-0.21,0.01
39907,0,4095,1.02,6.76,8.35,-0.07,-0.08,-0.10
39960,0,4095,0.30,6.35,7.89,-0.00,-0.22,-0.09
40013,0,4095,0.91,6.32,8.03,-0.11,0.01,-0.14
40066,0,4095,1.36,6.64,8.34,-0.01,-0.15,-0.01
40119,0,4095,1.10,6.70,8.55,-0.02,-0.26,0.11
40172,0,4095,1.04,6.89,8.27,-0.04,-0.17,0.05
40225,0,4095,0.85,7.06,8.10,-0.06,-0.14,-0.08
40278,0,4095,1.02,6.51,7.98,-0.09,0.06,-0.14
40331,0,4095,1.34,6.86,7.88,-0.18,-0.01,-0.18
40384,0,4095,1.16,6.80,8.07,-0.03,-0.30,-0.08
40437,0,4095,0.95,6.27,8.08,0.09,-0.25,-0.00
40490,0,4095,1.10,6.39,8.37,0.17,-0.32,0.04
40543,0,4095,0.93,6.13,8.49,0.13,-0.18,0.04
40596,0,4095,0.91,6.63,8.45,-0.08,-0.27,-0.03
40649,0,4095,0.92,6.68,8.40,-0.08,-0.19,-0.09
40702,0,4095,0.94,6.41,8.29,-0.02,-0.08,-0.08
40755,0,4095,1.30,6.30,8.16,0.01,0.04,-0.07
40808,0,4095,1.34,6.54,7.90,-0.02,-0.04,-0.02
40861,0,4095,1.00,6.61,7.95,0.02,-0.21,0.02
40914,0,4095,1.23,6.62,8.12,0.05,-0.20,0.01
40967,0,4095,0.97,6.27,8.20,0.09,-0.14,0.03
41020,0,4095,1.05,6.34,8.31,0.12,-0.09,0.04
41073,0,4095,1.12,6.45,8.37,0.03,-0.20,0.04
41126,0,4095,1.16,6.57,8.33,-0.02,-0.14,0.02
41179,0,4095,1.00,6.63,8.20,-0.01,-0.17,0.02
41232,0,4095,1.03,6.64,8.16,0.02,-0.15,0.01
41285,0,4095,1.20,6.40,8.32,0.07,-0.11,0.02
41338,0,4095,1.23,6.58,8.26,0.06,-0.16,0.03
41391,0,4095,0.96,6.66,8.24,-0.02,-0.18,-0.00
41444,0,4095,1.01,6.60,8.30,-0.01,-0.09,-0.05
41497,0,4095,1.07,6.42,8.21,0.04,-0.07,-0.03
41550,0,4095,1.20,6.52,8.18,0.01,-0.07,-0.02
41603,0,4095,1.28,6.60,8.33,0.01,-0.14,0.01
41656,0,4095,1.05,6.42,8.17,0.06,-0.19,0.06
41709,0,4095,1.18,6.72,8.33,-0.00,-0.11,0.02
41762,0,4095,0.88,6.48,8.10,0.11,-0.17,0.05
41815,0,4095,1.22,6.47,8.05,-0.01,-0.06,-0.03
41868,0,4095,1.30,6.51,8.18,-0.01,-0.11,0.00
41921,0,4095,1.17,6.77,8.05,0.01,-0.20,0.02
41974,0,4095,1.18,6.77,8.30,0.01,-0.17,0.01
42027,0,4095,1.15,6.83,8.35,0.09,-0.18,0.02
42080,0,4095,1.05,6.82,8.42,0.01,-0.22,-0.05
42133,0,4095,1.03,6.40,8.46,0.07,-0.09,-0.05
42186,0,4095,1.18,6.39,8.23,0.01,-0.07,-0.09
42239,0,4095,1.22,6.36,8.15,-0.04,-0.03,-0.07
42292,0,4095,1.13,6.36,7.85,-0.01,-0.08,-0.03
42345,0,4095,1.30,6.81,7.88,-0.07,-0.13,-0.04
42398,0,4095,1.15,6.51,8.22,0.09,-0.15,0.03
42451,0,4095,1.13,6.56,8.06,0.09,-0.16,0.04
42504,0,4095,0.99,6.38,8.17,0.09,-0.17,0.03
42557,0,4095,1.10,6.46,8.20,-0.01,-0.13,0.01
42610,0,4095,1.16,6.77,8.32,-0.00,-0.25,0.00
42663,0,4095,1.06,6.75,8.32,0.02,-0.21,-0.01
42716,0,4095,1.09,6.69,8.30,0.07,-0.17,-0.01
42769,0,4095,1.14,6.56,8.16,0.06,-0.17,-0.03
42822,0,4095,1.24,6.35,8.24,0.01,-0.09,-0.04
42875,0,4095,1.12,6.54,8.03,-0.05,-0.12,-0.04
42928,0,4095,1.20,6.60,8.22,-0.01,-0.05,-0.02
42981,0,4095,1.28,6.79,8.09,0.01,-0.12,-0.01
43034,0,4095,1.14,6.75,8.22,0.03,-0.17,0.00
43087,0,4095,1.11,6.59,8.24,0.07,-0.10,-0.02
43140,0,4095,1.17,6.52,8.31,-0.00,-0.16,-0.02
43193,0,4095,1.08,6.55,8.28,0.01,-0.12,-0.01
43246,0,4095,1.10,6.42,8.21,0.05,-0.14,0.02
43299,0,4095,1.20,6.43,8.07,0.01,-0.11,0.01
43352,3,4095,1.19,6.57,8.17,-0.01,-0.14,0.01
43405,0,4095,1.16,6.82,8.15,-0.01,-0.16,0.01
43458,0,4095,1.03,6.73,8.24,0.05,-0.18,0.01
43511,0,4095,1.09,6.53,8.14,0.07,-0.09,-0.02
43564,0,4095,1.28,6.39,8.24,0.05,-0.07,-0.02
43617,0,4095,1.20,6.45,8.08,-0.00,-0.12,0.01
43670,0,4095,1.19,6.68,8.15,-0.03,-0.17,0.01
43723,0,4095,1.08,6.72,8.22,0.04,-0.18,0.02
43776,0,4095,1.17,6.62,8.16,0.06,-0.09,0.01
43829,0,4095,1.23,6.64,8.20,0.03,-0.15,0.01
43882,0,4095,1.17,6.51,8.15,0.04,-0.18,0.02
43935,0,4095,1.31,6.60,8.21,-0.03,-0.10,-0.01
43988,0,4095,1.22,6.60,8.18,0.03,-0.14,0.02
44041,0,4095,1.26,6.76,8.10,0.01,-0.12,-0.01
44094,0,4095,1.22,6.60,8.18,0.01,-0.11,-0.02
44147,0,4095,1.20,6.65,8.15,0.04,-0.16,-0.01
44200,0,4095,1.28,6.63,8.15,0.01,-0.11,-0.04
44253,0,4095,1.29,6.65,8.24,-0.00,-0.12,-0.03
44306,0,4095,1.11,6.60,8.14,0.03,-0.18,-0.00
44359,0,4095,1.28,6.68,8.23,-0.02,-0.13,-0.05
44412,9,4095,1.25,6.63,8.13,0.02,-0.11,-0.04
44465,0,4095,1.22,6.57,8.16,-0.01,-0.14,-0.04
44518,0,4095,1.31,6.50,8.21,0.04,-0.14,-0.02
44571,0,4095,1.22,6.43,8.20,0.04,-0.15,0.01
44624,0,4095,1.15,6.58,8.24,0.03,-0.15,0.02
44677,0,4095,1.14,6.67,8.14,0.01,-0.14,-0.00
44730,0,4095,1.22,6.59,8.19,-0.01,-0.06,-0.03
44783,0,4095,1.17,6.69,8.11,-0.00,-0.13,-0.03
44836,0,4095,1.23,6.67,8.06,0.02,-0.13,-0.03
44889,0,4095,1.33,6.50,8.23,0.06,-0.14,0.00
44942,0,4095,1.22,6.54,8.23,0.05,-0.15,0.03
44995,0,4095,1.04,6.55,8.20,0.03,-0.17,0.02
45048,0,4095,1.25,6.63,8.18,-0.00,-0.11,-0.02
45101,2,4095,1.26,6.60,8.17,0.00,-0.10,-0.01
45154,0,4095,1.28,6.66,8.12,0.04,-0.13,0.00
45207,1,4095,1.28,6.55,8.06,0.06,-0.12,0.01
45260,0,4095,1.29,6.59,8.19,0.02,-0.14,0.02
45313,0,4095,1.25,6.82,8.17,0.04,-0.15,0.03
45366,0,4095,1.10,6.57,8.20,0.06,-0.15,0.01
45419,0,4095,1.27,6.65,8.22,0.00,-0.12,-0.03
45472,0,4095,1.35,6.67,8.24,0.01,-0.09,-0.03
45525,0,4095,1.09,6.51,8.04,0.00,-0.15,-0.02
45578,0,4095,1.36,6.73,8.17,-0.01,-0.10,-0.03
45631,0,4095,1.16,6.63,8.13,0.04,-0.13,0.00
45684,0,4095,1.14,6.57,8.13,0.06,-0.14,0.00
45737,0,4095,1.32,6.51,8.17,0.05,-0.11,-0.00
45790,0,4095,1.18,6.57,8.01,-0.02,-0.13,-0.02
45843,6,4095,1.33,6.85,8.24,-0.04,-0.14,-0.03
45896,3,4095,1.11,6.67,8.10,0.04,-0.14,-0.00
45949,0,4095,1.21,6.57,8.22,0.07,-0.16,0.01
46002,0,4095,1.30,6.50,8.15,0.07,-0.11,0.01
46055,0,4095,1.33,6.52,8.26,0.01,-0.15,0.02
46108,0,4095,1.20,6.71,8.14,-0.01,-0.15,0.02
46161,15,4095,1.24,6.73,8.16,-0.01,-0.08,-0.02
46214,0,4095,1.23,6.77,8.04,0.02,-0.10,-0.02
46267,1,4095,1.36,6.76,8.13,0.01,-0.15,-0.03
46320,17,4095,1.26,6.47,8.13,0.05,-0.14,-0.01
46373,0,4095,1.27,6.51,8.13,0.03,-0.14,0.01
46426,5,4095,1.21,6.66,8.12,0.04,-0.15,0.01
46479,0,4095,1.23,6.53,8.14,0.02,-0.11,-0.01
46532,0,4095,1.28,6.61,8.22,0.01,-0.15,0.00
46585,0,4095,1.19,6.68,8.09,0.04,-0.18,0.01
46638,0,4095,1.37,6.66,8.18,-0.01,-0.09,-0.04
46691,0,4095,1.23,6.63,8.06,0.03,-0.15,-0.01
46744,0,4095,1.29,6.54,8.19,0.03,-0.14,0.00
46797,11,4095,1.33,6.64,8.12,0.03,-0.13,0.01
46850,0,4095,1.24,6.66,8.22,0.03,-0.15,0.02
46903,0,4095,1.27,6.64,8.21,0.03,-0.13,-0.00
46956,0,4095,1.26,6.63,7.95,0.01,-0.08,-0.03
47009,0,4095,1.32,6.68,8.07,-0.04,-0.12,-0.05
47062,0,4095,1.33,6.71,8.09,0.03,-0.14,-0.02
47115,0,4095,1.34,6.56,8.12,0.06,-0.18,0.03
47168,0,4095,1.19,6.63,8.21,0.06,-0.16,0.03
47221,0,4095,1.25,6.70,8.22,0.02,-0.14,0.00
47274,0,0,1.26,6.70,8.10,-0.02,-0.11,-0.04
47327,0,0,1.32,6.65,8.22,-0.00,-0.11,-0.04
47380,0,0,1.33,6.51,8.05,0.04,-0.09,-0.02
47433,0,0,1.38,6.81,8.03,-0.01,-0.15,-0.01
47486,0,0,1.20,6.70,8.18,0.04,-0.17,0.01
47539,0,0,1.43,6.42,8.23,0.09,-0.12,0.02
47592,0,0,1.25,6.51,7.97,0.00,-0.13,0.00
47645,0,0,1.24,6.75,8.14,-0.06,-0.09,-0.05
47698,0,0,1.35,6.70,8.22,0.04,-0.13,0.00
47751,0,0,1.48,6.64,8.15,0.06,-0.16,0.03
47804,0,0,1.34,6.66,8.05,-0.01,-0.11,-0.01
47857,0,0,1.34,6.80,8.19,-0.01,-0.17,-0.02
47910,0,0,1.29,6.66,8.16,0.03,-0.14,-0.01
47963,0,0,1.25,6.62,8.19,0.01,-0.12,-0.01
48016,0,0,1.30,6.77,8.25,0.04,-0.15,-0.01
48069,0,0,1.28,6.53,8.19,0.03,-0.15,-0.02
48122,0,0,1.27,6.68,8.08,-0.05,-0.10,-0.05
48175,0,0,1.22,6.62,8.13,-0.00,-0.12,-0.05
48228,0,0,1.34,6.50,8.01,0.01,-0.08,-0.04
48281,0,0,1.37,6.53,8.15,0.04,-0.14,0.00
48334,0,0,1.27,6.60,8.15,0.07,-0.18,0.05
48387,0,0,1.28,6.62,8.22,0.04,-0.15,0.03
48440,0,0,1.17,6.66,8.17,0.02,-0.15,0.00
48493,0,0,1.27,6.77,8.15,-0.01,-0.11,-0.05
48546,0,0,1.35,6.63,8.22,0.02,-0.14,-0.03
48599,0,0,1.26,6.55,8.05,0.01,-0.15,-0.02
48652,0,0,1.30,6.55,8.05,0.02,-0.12,-0.02
48705,0,0,1.43,6.72,8.19,0.02,-0.17,-0.00
48758,0,0,1.22,6.65,8.19,0.04,-0.16,0.01
48811,0,0,1.17,6.64,8.17,0.03,-0.15,-0.01
48864,0,0,1.22,6.57,8.07,0.02,-0.10,-0.03
48917,0,0,1.39,6.69,8.20,-0.02,-0.13,-0.04
48970,0,0,1.30,6.62,8.14,0.02,-0.16,-0.01
49023,0,0,1.25,6.53,8.11,0.03,-0.13,-0.00
49076,0,0,1.30,6.63,8.15,0.04,-0.13,0.00
49129,0,0,1.35,6.59,8.15,0.03,-0.12,0.00
49182,0,0,1.28,6.61,8.17,-0.00,-0.16,0.00
49235,0,0,1.24,6.73,8.12,0.03,-0.13,0.00
49288,0,0,1.28,6.57,8.15,0.03,-0.07,-0.02
49341,0,0,1.38,6.65,8.11,0.03,-0.16,0.01
49394,0,0,1.33,6.65,8.18,0.03,-0.14,0.02
49447,0,0,1.23,6.73,8.05,0.00,-0.18,-0.01
49500,0,0,1.37,6.77,8.22,0.00,-0.09,-0.03
49553,0,0,1.29,6.65,8.21,0.06,-0.16,-0.00
49606,0,0,1.24,6.59,8.05,0.02,-0.14,-0.01
49659,0,0,1.33,6.67,8.12,-0.01,-0.12,-0.04
49712,0,0,1.36,6.61,8.15,0.01,-0.12,-0.03
49765,0,0,1.26,6.52,8.00,-0.01,-0.09,-0.04
49818,0,0,1.41,6.70,8.05,0.01,-0.16,-0.03
49871,0,0,1.27,6.53,8.09,0.03,-0.14,-0.01
49924,0,0,1.30,6.69,8.14,0.04,-0.14,0.01
49977,0,0,1.27,6.60,8.28,0.06,-0.18,0.03
50030,0,0,1.19,6.62,8.16,0.01,-0.12,-0.01
50083,0,0,1.36,6.68,8.21,-0.01,-0.13,-0.02
50136,0,0,1.29,6.67,8.14,-0.03,-0.13,-0.04
50189,0,0,1.27,6.52,8.08,0.03,-0.12,-0.01
50242,0,0,1.41,6.72,8.06,0.01,-0.12,-0.02
50295,0,0,1.27,6.62,8.08,0.02,-0.14,-0.01
50348,0,0,1.30,6.70,8.14,0.01,-0.14,-0.01
50401,0,0,1.22,6.63,8.19,0.05,-0.15,0.00
50454,0,0,1.28,6.65,8.15,0.02,-0.11,-0.02
50507,0,0,1.30,6.63,8.20,0.02,-0.13,-0.02
50560,0,0,1.28,6.58,8.12,-0.00,-0.15,-0.02
50613,0,0,1.31,6.69,8.14,-0.01,-0.11,-0.03
50666,0,0,1.27,6.59,8.09,0.05,-0.14,0.00
50719,0,0,1.34,6.65,8.16,0.02,-0.15,-0.01
50772,0,0,1.31,6.70,8.21,0.02,-0.15,-0.01
50825,0,0,1.17,6.50,8.11,0.04,-0.12,-0.01
50878,0,0,1.37,6.59,8.16,0.00,-0.11,-0.03
50931,0,0,1.41,6.68,8.12,-0.00,-0.09,-0.02
50984,0,0,1.22,6.68,8.05,-0.00,-0.18,-0.01
51037,0,0,1.31,6.71,8.22,0.02,-0.14,-0.02
51090,0,0,1.21,6.57,8.04,0.05,-0.14,-0.02
51143,0,0,1.32,6.45,8.19,0.03,-0.11,-0.03
51196,0,0,1.33,6.59,8.20,0.01,-0.15,0.00
51249,0,0,1.22,6.67,8.23,0.02,-0.16,0.02
51302,0,0,1.14,6.66,8.09,0.01,-0.12,-0.02
51355,0,0,1.43,6.83,8.03,-0.01,-0.10,-0.06
51408,0,0,1.34,6.50,8.15,0.00,-0.07,-0.05
51461,0,0,1.33,6.51,8.11,0.02,-0.21,0.01
51514,0,0,1.31,6.62,8.13,0.07,-0.16,0.03
51567,0,0,1.18,6.56,8.14,0.05,-0.12,0.01
51620,0,0,1.32,6.64,8.20,0.01,-0.11,-0.00
51673,0,0,1.28,6.62,8.20,0.00,-0.14,-0.01
51726,0,0,1.29,6.66,8.06,0.00,-0.12,-0.03
51779,0,0,1.31,6.65,8.08,0.01,-0.12,-0.02
51832,0,0,1.40,6.70,8.13,0.02,-0.11,-0.02
51885,0,0,1.23,6.44,8.20,0.05,-0.17,0.03
51938,0,0,1.29,6.62,8.06,0.03,-0.15,0.01
51991,0,0,1.32,6.60,8.18,0.01,-0.08,-0.01
52044,0,0,1.24,6.64,8.04,-0.00,-0.14,-0.01
52097,0,0,1.39,6.61,8.26,0.03,-0.09,0.01
52150,0,0,1.32,6.65,8.10,0.06,-0.21,0.04
52203,0,0,1.28,6.68,8.07,0.01,-0.11,0.01
52256,0,0,1.32,6.68,8.04,0.03,-0.18,-0.00
52309,0,0,1.36,6.67,8.10,0.02,-0.13,-0.02
52362,0,0,1.43,6.67,8.13,-0.01,-0.15,-0.04
52415,0,0,1.32,6.61,8.10,0.03,-0.15,-0.00
52468,0,0,1.34,6.73,8.08,0.01,-0.14,-0.02
52521,0,0,1.35,6.66,8.13,0.01,-0.12,-0.02
52574,0,0,1.43,6.58,8.17,0.04,-0.15,0.01
52627,0,0,1.30,6.66,8.09,0.02,-0.14,0.00
52680,0,0,1.43,6.54,8.13,0.03,-0.11,0.02
52733,0,0,1.42,6.69,8.03,-0.01,-0.12,-0.01
52786,0,0,1.35,6.70,8.03,0.02,-0.14,-0.01
52839,0,0,1.50,6.75,8.04,-0.00,-0.10,-0.04
52892,0,0,1.13,6.33,8.04,0.07,-0.16,0.05
52945,0,0,1.83,6.56,8.17,0.08,0.03,0.05
52998,0,0,1.58,6.58,8.22,0.06,-0.21,0.10
53051,0,0,1.21,7.02,7.98,-0.06,-0.23,0.03
53104,0,0,1.16,6.93,8.41,0.02,-0.19,-0.03
53157,0,0,1.45,6.13,8.09,0.30,-0.04,0.05
53210,0,0,1.71,6.66,7.88,0.01,0.06,-0.10
53263,0,0,1.65,6.54,7.81,0.05,-0.09,0.01
53316,0,0,1.39,6.55,7.97,0.01,-0.22,0.04
53369,0,0,1.17,6.63,7.91,-0.04,-0.09,-0.02
53422,0,0,1.40,7.16,7.80,0.01,-0.03,-0.01
53475,0,0,1.28,6.83,8.13,-0.05,-0.20,-0.06
53528,0,0,1.35,6.98,8.59,0.03,-0.31,0.10
53581,0,0,0.92,7.23,8.43,0.04,-0.34,0.01
53634,0,0,0.99,6.62,9.08,0.12,-0.14,-0.25
53687,0,0,1.73,7.93,8.65,-1.53,-0.27,-1.45
53740,0,0,0.49,5.78,8.86,1.36,1.22,0.15
53793,0,0,2.56,6.89,7.49,-1.22,-0.44,-0.62
53846,0,0,0.66,7.21,7.39,-0.15,-0.30,-0.01
53899,0,0,0.77,7.05,8.54,0.10,-0.23,-0.03
53952,0,0,0.68,6.74,8.59,0.32,-0.26,-0.01
54005,0,0,0.74,6.05,8.73,0.36,-0.37,-0.07
54058,0,0,0.79,5.52,8.40,0.10,-0.16,-0.02
54111,0,0,0.84,6.76,7.98,-0.26,-0.07,-0.22
54164,0,0,1.10,6.61,8.32,-0.26,0.06,-0.14
54217,0,0,0.77,6.68,7.91,-0.12,-0.12,-0.05
54270,0,0,0.97,6.55,8.04,0.13,-0.07,-0.02
54323,0,0,1.08,6.18,8.02,0.19,-0.01,0.03
54376,0,0,0.93,6.36,7.68,0.10,-0.16,0.08
54429,0,0,0.83,6.72,7.91,0.03,-0.29,0.06
54482,0,0,1.01,6.79,8.22,0.09,-0.18,0.06
54535,0,0,0.74,6.73,8.19,0.13,-0.23,0.07
54588,0,0,0.61,6.62,8.46,0.11,-0.11,0.02
54641,0,0,0.91,6.49,8.08,0.09,0.02,-0.04
54694,0,0,1.18,6.48,7.92,-0.00,0.06,-0.02
54747,0,0,0.80,7.35,7.67,0.02,-0.19,0.07
54800,0,0,0.83,7.44,8.30,0.35,-0.19,0.12
54853,0,0,1.40,7.25,8.11,0.90,-0.09,0.28
54906,0,0,0.69,5.23,7.49,0.37,0.11,0.02
54959,0,0,1.37,7.85,7.43,-0.29,-0.18,-0.04
55012,0,0,0.58,7.98,7.93,-0.25,-0.27,-0.13
55065,0,0,0.58,6.90,8.02,0.13,0.03,-0.05
55118,0,0,1.19,6.68,7.25,0.08,0.05,-0.03
55171,0,0,0.79,7.21,7.28,-0.13,-0.32,-0.03
55224,0,0,1.02,7.26,7.97,-0.01,-0.28,-0.00
55277,0,0,1.12,6.67,7.79,0.14,-0.18,0.07
55330,0,0,0.88,7.18,7.16,0.00,-0.16,0.06
55383,0,0,0.78,7.83,7.73,-0.03,-0.39,0.04
55436,0,0,0.88,7.45,8.29,0.24,-0.20,0.01
55489,0,0,1.29,6.20,7.84,0.24,0.10,0.00
55542,0,0,1.10,7.34,7.06,-0.19,-0.01,-0.08
55595,0,0,0.59,7.77,7.61,-0.19,-0.17,-0.09
55648,0,0,1.07,7.33,8.03,0.29,-0.01,0.02
55701,0,0,1.50,6.62,7.26,0.30,0.09,0.06
55754,0,0,1.00,7.39,6.63,-0.08,-0.22,0.05
55807,0,0,0.63,8.09,7.68,-0.00,-0.44,0.04
55860,0,0,1.29,7.27,8.30,0.55,-0.08,0.12
55913,0,0,1.19,5.22,7.27,0.11,0.03,0.01
55966,0,0,1.04,7.76,6.69,-0.58,-0.37,0.03
56019,0,0,0.70,8.53,7.86,-0.35,-0.45,-0.02
56072,0,0,1.09,7.04,8.20,0.31,0.07,-0.04
56125,0,0,1.88,6.23,7.19,0.12,0.19,-0.00
56178,0,0,1.00,7.54,6.94,-0.44,-0.42,0.01
56231,0,0,0.81,7.79,8.21,-0.20,-0.46,-0.04
56284,0,0,1.38,6.26,8.48,0.19,0.01,-0.02
56337,0,0,1.55,6.69,7.05,-0.21,0.08,-0.04
56390,0,0,0.63,8.00,7.31,-0.43,-0.40,-0.08
56443,0,0,1.02,7.25,8.54,0.13,-0.19,-0.10
56496,0,0,1.78,5.76,8.01,0.43,0.09,0.09
56549,0,0,1.26,6.87,7.17,-0.30,-0.31,0.06
56602,0,0,0.50,8.39,8.29,-0.54,-0.58,-0.16
56655,0,0,0.90,6.38,8.53,0.42,0.07,-0.07
56708,0,0,2.27,5.64,7.66,0.28,0.27,0.05
56761,0,0,0.91,7.13,7.16,-0.43,-0.42,0.06
56814,0,0,0.75,8.08,8.36,-0.13,-0.40,-0.08
56867,0,0,1.21,5.90,8.61,0.42,0.20,-0.06
56920,0,0,1.79,6.55,7.35,-0.12,0.07,-0.10
56973,0,0,0.68,7.32,7.83,-0.39,-0.36,-0.04
57026,0,0,0.82,7.00,8.51,0.28,-0.16,-0.01
57079,0,0,1.92,5.57,7.99,0.36,0.20,0.05
57132,0,0,1.24,7.16,7.18,-0.33,-0.39,0.09
57185,0,0,0.63,8.16,8.48,-0.23,-0.47,-0.03
57238,0,0,1.18,6.56,8.56,0.41,0.01,-0.06
57291,0,0,2.05,5.64,7.79,0.12,0.15,-0.03
57344,0,0,0.69,7.05,7.38,-0.39,-0.36,0.04
57397,0,0,0.65,7.78,8.54,-0.03,-0.37,-0.04
57450,0,0,1.56,5.87,8.58,0.43,0.20,-0.05
57503,0,0,1.81,6.33,7.51,-0.12,0.04,-0.04
57556,0,0,0.66,7.73,7.85,-0.44,-0.38,-0.02
57609,0,0,0.85,7.17,8.51,0.24,-0.21,-0.02
57662,0,0,1.75,5.70,8.17,0.37,0.10,0.02
57715,0,0,1.45,6.81,7.38,-0.16,-0.16,0.03
57768,0,0,0.57,7.75,8.05,-0.25,-0.41,-0.04
57821,0,0,0.94,6.72,8.52,0.30,-0.12,-0.05
57874,0,0,1.91,5.48,8.21,0.20,0.12,0.05
57927,0,0,0.79,7.04,7.21,-0.32,-0.29,-0.01
57980,0,0,0.85,7.99,8.53,-0.13,-0.33,-0.06
58033,0,0,1.34,6.14,8.53,0.37,0.11,0.01
58086,0,0,1.95,5.81,7.58,0.05,0.16,-0.02
58139,0,0,0.99,7.13,7.28,-0.30,-0.32,-0.02
58192,0,0,1.04,7.51,8.36,-0.10,-0.27,-0.03
58245,0,0,1.23,6.96,8.42,0.23,-0.28,0.09
58298,0,0,0.89,6.74,8.38,0.14,-0.30,0.09
58351,0,0,0.48,6.93,8.65,0.15,-0.18,0.02
58404,0,0,1.29,6.22,8.48,0.14,0.18,-0.05
58457,0,0,1.40,6.32,7.54,-0.17,-0.01,-0.06
58510,0,0,1.27,7.12,7.86,-0.28,-0.14,-0.06
58563,0,0,1.10,7.16,8.02,0.13,-0.11,0.08
58616,0,0,1.34,7.09,7.93,0.10,-0.03,-0.02
58669,0,0,1.39,6.38,8.06,0.17,-0.01,0.01
58722,0,0,1.56,6.15,7.69,0.06,0.11,-0.04
58775,0,0,1.41,6.88,7.27,-0.22,-0.17,-0.06
58828,0,0,0.83,7.26,7.62,-0.14,-0.39,-0.05
58881,0,0,1.19,6.70,8.35,0.25,-0.22,0.05
58934,0,0,1.41,5.93,7.88,0.30,-0.05,0.11
58987,0,0,1.57,6.45,7.70,0.01,-0.18,0.08
59040,0,0,1.33,7.19,8.02,-0.11,-0.33,0.09
59093,0,0,1.15,7.30,8.34,0.05,-0.37,0.13
59146,0,0,1.17,7.07,8.21,0.07,-0.09,0.02
59199,0,0,1.08,6.82,8.02,0.09,-0.01,-0.06
59252,0,0,1.67,6.73,7.92,-0.00,-0.02,-0.10
59305,0,0,1.74,6.75,7.87,-0.06,-0.11,-0.04
59358,0,0,1.45,7.19,8.08,-0.03,-0.29,0.05
59411,0,0,0.76,6.68,7.89,0.18,-0.14,0.07
59464,0,0,1.61,6.89,8.10,0.05,-0.09,-0.04
59517,0,0,1.58,6.74,7.75,0.08,-0.16,0.06
59570,0,0,1.64,6.67,7.95,-0.17,-0.13,-0.10
59623,0,0,1.52,6.45,7.88,0.06,-0.24,0.11
59676,0,0,1.57,7.08,7.65,0.03,-0.17,0.04
59729,0,0,1.64,6.45,7.74,0.18,-0.16,0.12
59782,0,0,1.84,6.98,7.81,0.05,-0.15,0.06
59835,0,0,1.46,6.29,7.64,0.24,-0.19,0.21
59888,0,0,1.83,6.63,7.66,-0.07,-0.01,-0.00
59941,0,0,2.23,6.71,8.10,0.21,-0.12,0.31
59994,0,0,1.97,7.01,7.92,0.06,-0.13,0.27
60047,0,0,1.74,7.96,7.72,0.17,-0.22,0.32
60100,0,0,1.74,7.97,7.64,-0.00,-0.13,-0.01
60153,0,0,1.78,7.06,7.41,0.05,-0.05,-0.12
60206,0,0,2.48,6.72,7.37,-0.07,0.03,-0.21
60259,0,0,2.21,6.76,7.65,-0.04,-0.19,-0.03
60312,0,0,1.90,7.15,7.73,-0.03,-0.27,0.02
60365,0,0,1.98,6.91,8.05,0.10,-0.16,0.02
60418,0,0,1.78,6.84,7.67,0.00,-0.05,-0.03
60471,0,0,1.96,7.04,7.68,-0.05,-0.08,-0.08
60524,0,0,2.05,6.88,7.53,0.00,-0.08,-0.05
60577,0,0,2.15,6.95,7.74,-0.06,-0.11,-0.06
60630,0,0,1.81,6.82,7.48,0.05,-0.10,-0.01
60683,0,0,2.06,6.88,7.68,0.03,-0.11,-0.02
60736,0,0,2.07,6.90,7.55,0.06,-0.16,0.02
60789,0,0,1.99,7.41,7.83,-0.02,-0.32,0.03
60842,0,0,1.47,7.33,7.99,0.07,-0.36,0.05
60895,0,0,1.47,7.30,8.36,0.11,-0.20,-0.06
60948,0,0,1.74,6.45,7.97,0.12,0.07,-0.13
61001,0,0,2.26,6.62,7.71,-0.13,0.02,-0.19
61054,0,0,1.89,6.39,7.58,-0.10,0.03,-0.11
61107,0,0,2.22,7.07,7.18,-0.08,0.05,-0.08
61160,0,0,1.78,7.11,7.14,0.03,-0.14,0.01
61213,0,0,1.78,7.26,7.67,0.08,-0.28,0.00
61266,0,0,1.65,6.80,8.20,0.18,-0.27,0.06
61319,0,0,1.67,6.63,7.89,0.03,-0.20,-0.00
61372,0,0,1.68,7.01,7.86,-0.03,-0.15,-0.02
61425,0,0,1.81,7.02,7.75,0.00,-0.06,-0.07
61478,0,0,2.21,6.78,7.62,0.07,-0.01,0.01
61531,0,0,1.93,6.83,7.32,0.11,-0.13,0.08
61584,0,0,1.88,7.48,7.67,-0.00,-0.20,0.06
61637,0,0,1.55,7.33,7.77,0.08,-0.16,0.01
61690,0,0,1.82,6.89,7.82,0.19,-0.03,0.02
61743,0,0,1.89,6.62,7.34,0.10,0.03,-0.00
61796,0,0,2.22,7.21,7.39,-0.10,-0.12,-0.04
61849,0,0,1.66,7.27,7.24,0.20,-0.18,0.13
61902,0,0,1.91,7.29,7.59,0.21,-0.17,0.09
61955,0,0,1.82,7.39,7.51,0.26,-0.17,0.11
62008,0,0,1.88,6.96,7.66,0.17,-0.10,0.05
62061,0,0,1.88,6.90,7.74,-0.22,-0.13,-0.10
62114,0,0,1.79,7.15,7.52,-0.42,-0.15,-0.19
62167,0,0,1.99,7.08,7.54,-0.35,-0.17,-0.14
62220,0,0,1.93,7.46,7.44,-0.08,-0.12,-0.05
62273,0,0,1.82,7.02,7.18,0.27,-0.03,0.04
62326,0,0,2.32,7.15,7.42,0.19,-0.18,0.03
62379,0,0,2.10,7.53,7.46,0.35,-0.30,0.23
62432,0,0,1.32,6.74,7.67,0.12,-0.18,-0.05
62485,0,0,1.89,7.22,8.04,-0.08,-0.15,-0.05
62538,0,0,1.64,7.20,7.71,-0.30,-0.09,-0.15
62591,0,0,1.84,7.05,7.64,-0.11,-0.02,-0.11
62644,0,0,2.14,7.31,7.21,0.02,0.13,-0.12
62697,0,0,2.35,6.92,7.00,0.15,0.01,0.01
62750,0,0,2.37,6.91,7.61,-0.01,-0.27,0.05
62803,0,0,1.63,7.39,7.65,-0.05,-0.42,0.10
62856,0,0,1.54,7.85,7.47,0.25,-0.18,0.10
62909,0,0,1.65,7.27,7.32,0.63,0.09,0.14
62962,0,0,2.33,6.86,7.19,0.28,0.06,0.01
63015,0,0,2.29,7.05,7.51,0.11,-0.23,0.09
63068,0,0,1.72,6.67,7.53,-0.52,-0.24,-0.17
63121,0,0,1.99,8.18,7.12,-0.32,-0.11,-0.11
63174,0,0,1.81,6.87,7.49,-0.24,-0.15,-0.12
63227,0,0,1.92,7.52,7.44,-0.04,0.07,-0.10
63280,0,0,2.16,7.01,7.08,0.00,-0.06,-0.06
63333,0,0,2.46,7.32,7.26,0.22,-0.32,0.17
63386,0,0,1.73,7.03,7.67,0.02,-0.42,0.13
63439,0,0,1.63,7.67,7.69,0.16,-0.29,0.10
63492,0,0,1.82,6.86,7.69,-0.01,-0.04,-0.07
63545,0,0,2.08,7.27,7.57,-0.02,-0.05,-0.07
63598,0,0,1.99,7.13,7.41,-0.03,0.04,-0.07
63651,0,0,2.33,7.29,7.13,0.16,-0.05,0.07
63704,0,0,2.21,7.08,7.29,-0.02,-0.06,0.02
63757,0,0,1.90,7.10,7.51,0.01,-0.20,0.09
63810,0,0,1.93,7.39,7.53,-0.08,-0.23,0.01
63863,0,0,1.86,6.80,7.65,-0.00,-0.08,-0.02
63916,0,0,2.28,6.95,7.11,-0.15,-0.05,-0.08
63969,0,0,2.46,7.32,7.31,-0.14,-0.23,-0.02
64022,0,0,2.04,7.17,7.57,-0.07,-0.31,0.01
64075,0,0,2.03,7.19,8.00,-0.03,-0.31,-0.01
64128,0,0,2.00,6.74,7.79,0.10,-0.13,0.03
64181,0,0,1.95,7.07,7.80,0.02,-0.11,-0.01
64234,0,0,2.09,6.97,7.65,-0.03,-0.06,-0.06
64287,0,0,2.05,6.91,7.58,-0.03,-0.03,-0.07
64340,0,0,2.15,7.13,7.48,0.01,-0.02,-0.05
64393,0,0,2.09,7.03,7.50,0.10,-0.07,0.01
64446,0,0,2.12,6.93,7.73,0.13,-0.13,0.03
64499,0,0,2.02,6.84,7.44,0.10,-0.12,0.03
64552,0,0,1.98,7.05,7.61,-0.02,-0.18,-0.02
64605,0,0,2.02,7.19,7.68,0.02,-0.11,-0.02
64658,0,0,2.18,6.87,7.67,-0.02,-0.15,-0.02
64711,0,0,2.03,6.95,7.54,-0.11,-0.19,-0.02
64764,0,0,1.92,7.06,7.71,-0.08,-0.20,-0.04
64817,0,0,1.98,7.19,7.61,-0.03,-0.12,-0.06
64870,0,0,2.14,6.82,7.68,0.05,-0.15,-0.02
64923,0,0,1.92,7.11,7.70,-0.03,-0.15,-0.05
64976,0,0,2.03,6.95,7.85,0.06,-0.13,-0.02
65029,0,0,2.01,6.88,7.70,0.02,-0.09,-0.03
65082,0,0,1.96,6.90,7.66,0.00,-0.05,-0.05
65135,0,0,2.00,6.95,7.57,0.05,-0.08,-0.00
65188,0,0,2.06,7.08,7.58,0.03,-0.13,-0.01
65241,0,0,2.04,6.99,7.62,0.11,-0.14,0.04
65294,0,0,1.93,6.84,7.56,0.05,-0.17,0.02
65347,0,0,2.08,6.95,7.83,0.03,-0.21,0.02
65400,0,0,2.03,7.11,7.56,-0.02,-0.14,-0.02
65453,0,0,1.99,7.10,7.75,-0.00,-0.14,-0.01
65506,0,0,1.96,6.98,7.61,0.03,-0.09,-0.02
65559,0,0,2.09,6.94,7.59,-0.01,-0.13,-0.01
65612,0,0,2.00,7.19,7.57,-0.01,-0.16,-0.00
65665,0,0,2.08,6.99,7.58,0.03,-0.08,-0.04
65718,0,0,2.14,6.86,7.61,0.01,-0.11,-0.01
65771,0,0,1.96,7.16,7.75,0.01,-0.22,0.02
65824,0,0,1.89,7.13,7.91,0.04,-0.18,0.03
65877,0,0,1.86,6.87,7.76,0.12,-0.13,0.02
65930,0,0,2.14,6.67,7.55,-0.01,-0.02,-0.08
65983,0,0,2.10,7.06,7.43,-0.08,-0.11,-0.06
66036,0,0,2.09,7.32,7.71,0.01,-0.23,-0.01
66089,0,0,1.94,6.93,7.65,0.17,-0.15,0.05
66142,0,0,1.99,6.60,7.57,0.04,-0.08,-0.02
66195,0,0,2.15,7.07,7.72,-0.10,-0.13,-0.04
66248,0,0,1.96,6.99,7.64,-0.12,-0.18,-0.04
66301,0,0,1.85,7.24,7.58,0.02,-0.21,0.01
66354,0,0,1.92,6.81,7.90,0.12,-0.10,0.02
66407,0,0,2.28,6.77,7.64,0.12,-0.05,0.01
66460,0,0,2.33,6.93,7.39,-0.12,-0.07,-0.07
66513,0,0,2.01,7.30,7.45,-0.14,-0.18,-0.06
66566,0,0,2.00,7.27,7.91,0.05,-0.24,0.03
66619,0,0,1.74,6.73,7.99,0.19,-0.19,0.09
66672,0,0,1.99,6.56,7.76,0.13,-0.02,0.02
66725,0,0,2.06,6.87,7.40,-0.10,-0.01,-0.10
66778,0,0,2.27,7.32,7.56,-0.15,-0.18,-0.08
66831,0,0,2.01,7.07,7.76,0.15,-0.19,0.06
66884,0,0,2.00,6.74,7.52,0.14,-0.10,0.02
66937,0,0,2.09,6.68,7.54,-0.02,-0.07,-0.05
66990,0,0,2.22,7.17,7.77,-0.10,-0.17,-0.05
67043,0,0,1.96,7.07,7.62,0.05,-0.21,0.03
67096,0,0,2.05,7.03,7.73,0.08,-0.16,0.03
67149,0,0,1.95,6.93,7.74,0.03,-0.12,-0.01
67202,0,0,2.04,7.01,7.65,-0.02,-0.11,-0.05
67255,0,0,2.13,6.72,7.63,0.01,-0.09,-0.02
67308,0,0,2.13,7.23,7.62,-0.04,-0.17,-0.04
67361,0,0,1.89,7.09,7.65,0.04,-0.08,-0.03
67414,0,0,2.10,6.85,7.87,0.05,-0.16,-0.01
67467,0,0,2.03,6.93,7.33,-0.01,-0.05,-0.06
67520,0,0,2.18,7.02,7.81,-0.01,-0.14,-0.02
67573,0,0,2.07,7.24,7.58,0.05,-0.19,0.02
67626,0,0,1.91,6.84,7.87,0.10,-0.15,0.05
67679,0,0,1.86,6.95,7.79,0.02,-0.14,-0.00
67732,0,0,2.07,6.75,7.62,0.02,-0.04,-0.04
67785,0,0,2.27,7.02,7.42,-0.10,-0.04,-0.10
67838,0,0,2.17,7.18,7.39,-0.07,-0.20,-0.03
67891,0,0,1.96,7.17,7.71,0.13,-0.22,0.05
67944,0,0,1.83,6.65,7.75,0.11,-0.13,0.04
67997,0,0,1.93,6.60,7.83,0.05,-0.13,0.02
68050,0,0,2.10,7.17,7.68,0.01,-0.11,0.02
68103,0,0,2.18,7.32,7.59,0.02,-0.08,-0.02
68156,0,3936,2.01,7.00,7.48,0.06,-0.12,0.00
68209,0,4095,2.07,7.07,7.63,0.05,-0.17,0.00
68262,0,847,1.92,7.18,7.68,0.04,-0.16,-0.02
68315,0,4095,1.94,6.91,7.78,0.11,-0.14,0.00
68368,0,4095,2.18,6.75,7.61,0.05,-0.01,-0.03
68421,0,4095,2.09,6.98,7.34,0.04,-0.06,0.00
68474,0,4095,2.20,7.10,7.31,0.02,-0.14,0.02
68527,0,4095,2.00,7.35,7.48,0.12,-0.18,0.06
68580,0,4095,2.04,6.73,7.67,0.05,-0.16,0.01
68633,0,4095,1.95,7.23,7.60,0.02,-0.20,0.04
68686,0,4095,1.95,7.17,7.77,0.03,-0.12,-0.02
68739,0,4095,2.18,7.03,7.46,0.02,-0.05,-0.03
68792,0,4095,2.22,7.13,7.24,-0.02,-0.08,-0.03
68845,0,1074,2.15,7.22,7.70,0.02,-0.25,0.04
68898,0,4095,1.88,7.20,7.42,0.06,-0.14,0.00
68951,0,4095,2.22,6.83,7.54,0.02,-0.11,-0.02
69004,0,4095,2.10,7.06,7.38,0.03,-0.11,0.00
69057,0,899,2.19,6.97,7.43,0.06,-0.09,0.03
69110,0,4095,2.25,7.37,7.25,0.13,-0.14,0.06
69163,0,4095,2.21,7.20,7.22,0.38,-0.03,0.18
69216,0,4095,2.14,7.24,7.34,0.15,-0.12,0.06
69269,0,4095,2.07,7.88,6.96,0.35,-0.21,0.15
69322,0,4095,2.83,8.42,6.56,1.03,-0.20,0.47
69375,0,4095,2.12,7.04,6.95,0.96,-0.40,0.19
69428,0,4095,2.32,7.15,7.02,0.11,-0.04,-0.07
69481,0,3539,2.37,7.31,6.90,-0.36,-0.10,-0.23
69534,0,4095,2.03,5.76,7.47,-1.53,-0.14,-0.69
69587,0,4095,1.71,8.21,7.17,-1.84,0.07,-0.68
69640,0,3987,1.52,8.56,7.01,-0.20,0.25,-0.09
69693,0,4095,1.79,7.04,7.38,0.42,0.45,-0.01
69746,0,4095,2.61,7.01,6.73,0.61,0.18,0.10
69799,0,4095,2.93,6.75,7.04,0.78,-0.62,0.55
69852,0,4095,2.27,7.31,8.02,0.43,-1.03,0.57
69905,0,4095,0.95,7.34,7.95,0.06,-0.86,0.17
69958,0,4095,1.80,7.49,7.33,0.20,0.18,-0.04
70011,0,4095,2.45,6.62,7.56,-0.41,0.23,-0.34
70064,0,4095,2.42,7.83,7.14,-0.64,0.09,-0.36
70117,0,4095,2.40,7.49,6.72,-0.14,0.04,-0.08
70170,0,4095,2.34,7.41,6.84,0.02,0.05,-0.11
70223,0,4095,2.17,6.81,7.04,0.28,-0.12,0.12
70276,0,4095,2.52,6.86,7.49,-0.07,-0.46,0.06
70329,0,4095,1.81,7.65,7.74,-0.19,-0.51,0.07
70382,0,4095,1.43,7.63,7.70,-0.04,-0.19,-0.06
70435,0,4095,2.09,7.23,7.62,0.07,0.08,-0.14
70488,0,4095,2.60,6.66,7.24,0.03,-0.03,-0.07
70541,0,4095,2.28,7.21,7.59,-0.25,-0.28,-0.08
70594,0,0,1.81,7.28,7.46,-0.11,-0.29,-0.05
70647,0,4095,2.01,7.47,7.40,0.18,0.04,-0.03
70700,0,4095,1.95,6.52,7.75,-0.02,-0.02,-0.11
70753,0,4095,1.94,7.15,7.62,0.11,-0.08,0.02
70806,0,4095,1.99,6.99,7.36,-0.08,-0.11,-0.09
70859,0,4095,2.03,7.45,7.13,0.11,-0.09,0.01
70912,0,4095,2.07,6.41,7.72,-0.13,-0.16,-0.09
70965,0,4095,1.57,7.23,7.38,-0.04,-0.27,0.01
71018,0,0,2.04,6.91,7.75,-0.10,-0.26,-0.02
71071,0,0,1.79,7.26,7.55,-0.02,-0.18,-0.00
71124,0,6,2.04,7.68,7.10,0.57,-0.02,0.20
71177,0,112,2.35,6.33,7.69,-0.08,-0.09,-0.13
71230,0,49,2.13,7.80,7.60,-0.13,-0.30,0.01
71283,0,41,1.58,7.38,7.36,0.11,-0.19,0.04
71336,0,4095,2.14,7.22,7.98,0.05,0.06,-0.10
71389,0,4095,1.93,6.72,7.26,0.04,0.05,-0.08
71442,0,4095,2.47,7.23,7.43,-0.13,-0.12,-0.10
71495,0,4095,1.90,7.05,6.94,0.20,-0.11,0.12
71548,0,4095,2.24,7.54,7.09,0.25,-0.10,0.09
71601,0,4095,2.14,6.93,7.47,0.29,-0.25,0.17
71654,0,4095,2.04,7.61,7.47,0.08,-0.23,0.09
71707,0,4095,1.80,7.48,7.22,0.25,-0.21,0.16
71760,0,4095,1.93,7.14,7.33,0.16,0.00,-0.00
71813,0,4095,2.41,7.07,7.53,-0.26,-0.04,-0.18
71866,0,0,2.27,7.32,7.05,-0.41,-0.17,-0.16
71919,0,0,2.21,7.51,7.28,-0.35,-0.17,-0.13
71972,0,221,1.73,7.05,7.38,0.12,-0.16,0.09
72025,0,0,2.33,7.29,7.36,0.09,0.02,-0.02
72078,0,102,2.50,7.36,6.85,0.34,-0.13,0.20
72131,0,249,2.14,7.35,7.25,0.13,-0.24,0.10
72184,0,246,2.02,7.58,7.41,0.26,-0.19,0.12
72237,0,1233,2.13,7.10,7.23,0.25,-0.12,0.07
72290,0,511,2.34,7.21,7.35,0.10,-0.11,0.03
72343,0,624,2.26,7.16,7.21,-0.07,0.01,-0.04
72396,0,352,2.23,7.74,7.04,-0.20,-0.12,-0.12
72449,0,558,2.26,7.15,7.13,-0.21,-0.08,-0.12
72502,0,50,2.18,7.53,7.11,-0.04,-0.20,-0.01
72555,0,0,2.31,7.33,6.94,0.08,-0.14,0.00
72608,0,86,2.37,6.62,7.50,0.03,-0.20,0.04
72661,0,73,2.23,7.14,7.62,-0.42,-0.33,-0.11
72714,0,0,2.01,8.15,6.98,-0.03,-0.24,0.02
72767,0,142,2.06,6.96,7.57,0.16,0.02,-0.03
72820,0,0,2.42,7.14,7.22,0.13,-0.00,-0.02
72873,0,0,2.48,7.36,7.29,0.08,-0.14,0.02
72926,0,0,1.98,7.03,7.73,-0.03,-0.23,0.01
72979,0,0,2.16,7.12,7.50,-0.29,-0.10,-0.17
73032,0,0,2.08,7.18,7.34,-0.28,-0.06,-0.18
73085,0,61,2.22,7.24,7.73,-0.25,-0.07,-0.18
73138,0,691,1.87,6.67,7.28,-0.10,0.03,-0.24
73191,0,397,2.29,7.01,7.48,-0.10,0.04,0.01
73244,0,154,2.30,6.91,7.84,-0.03,-0.26,0.09
73297,0,740,1.65,6.91,7.88,-0.05,-0.14,-0.00
73350,0,1168,1.80,7.13,7.89,-0.06,-0.08,-0.07
73403,0,0,1.78,6.69,7.87,0.02,-0.09,-0.01
73456,0,55,1.86,6.67,7.92,-0.03,-0.10,0.00
73509,0,103,1.83,6.44,7.61,0.02,-0.04,0.03
73562,0,0,2.15,6.72,7.82,-0.01,0.00,0.09
73615,0,0,1.90,6.76,7.92,0.02,-0.04,0.19
73668,0,53,1.96,6.90,8.00,-0.03,-0.15,0.19
73721,0,0,1.80,6.70,8.04,0.14,-0.17,0.26
73774,0,0,1.97,6.87,8.13,0.00,-0.17,0.17
73827,0,0,2.01,7.02,8.16,-0.05,-0.19,0.07
73880,0,208,1.98,6.90,7.81,-0.11,-0.17,-0.04
73933,0,38,2.04,6.95,7.65,-0.00,0.04,-0.14
73986,0,240,2.33,6.47,7.60,0.19,0.20,-0.00
74039,0,0,2.28,6.68,7.75,-0.07,-0.15,-0.06
74092,0,0,2.16,6.83,8.05,0.03,-0.34,0.13
74145,0,0,1.62,6.78,8.17,0.12,-0.29,0.15
74198,0,0,1.45,6.50,7.97,0.08,-0.18,0.01
74251,0,0,2.04,6.86,8.21,-0.03,0.06,-0.15
74304,0,0,2.38,6.60,8.15,-0.02,0.07,-0.10
74357,0,0,2.19,6.65,7.71,-0.12,-0.19,-0.08
74410,0,0,1.96,6.96,7.58,-0.10,-0.17,-0.10
74463,0,0,2.15,6.66,7.93,0.13,-0.04,0.03
74516,0,0,2.24,6.47,7.93,0.16,-0.14,0.11
74569,0,46,2.05,6.60,8.16,0.01,-0.35,0.11
74622,0,82,1.62,6.81,8.02,-0.01,-0.30,0.05
74675,0,70,1.79,6.83,7.99,-0.01,-0.03,-0.10
74728,0,0,2.16,6.62,8.01,0.01,0.02,-0.10
74781,0,0,2.21,6.53,7.78,-0.01,-0.08,-0.08
74834,0,0,2.05,6.81,7.71,-0.04,-0.14,-0.05
74887,0,0,2.02,6.73,7.92,0.06,-0.09,0.01
74940,0,0,2.10,6.61,8.08,0.11,-0.10,0.05
74993,0,0,1.93,6.75,8.05,0.04,-0.25,0.06
75046,0,0,1.75,6.56,7.97,-0.02,-0.18,-0.04
75099,0,0,2.02,6.61,7.93,-0.08,-0.04,-0.11
75152,0,0,2.19,6.65,7.98,-0.02,-0.09,-0.05
75205,0,0,2.04,6.55,7.88,0.04,-0.19,0.02
75258,0,0,2.08,6.68,7.73,0.04,-0.20,0.03
75311,0,0,1.94,6.71,7.94,0.05,-0.17,0.05
75364,0,0,1.97,6.85,8.32,0.07,-0.16,0.04
75417,0,0,1.70,6.48,8.08,0.14,-0.11,0.04
75470,0,0,2.19,6.83,8.05,-0.07,-0.04,-0.11
75523,0,0,2.08,6.83,7.71,-0.05,-0.07,-0.09
75576,0,0,2.04,6.56,7.98,-0.02,-0.07,-0.06
75629,0,0,2.05,6.73,7.89,0.08,-0.15,0.03
75682,0,0,1.99,6.61,7.93,0.02,-0.15,0.01
75735,0,0,1.89,6.65,8.06,0.00,-0.20,0.01
75788,0,3136,2.00,7.43,7.79,0.09,0.04,-0.04
75841,0,0,2.20,6.21,8.03,0.02,-0.17,-0.00
75894,0,0,1.74,6.68,8.15,-0.03,-0.26,0.04
75947,0,0,1.93,6.69,7.81,-0.05,-0.16,-0.02
76000,0,0,2.00,6.79,8.07,-0.00,-0.07,-0.03
76053,0,0,2.11,6.85,7.97,0.02,-0.08,-0.03
76106,0,98,2.10,6.40,7.79,0.06,-0.14,0.01
76159,0,4095,2.10,6.63,7.92,-0.01,-0.18,0.01
76212,0,4095,1.87,7.06,8.06,0.27,-0.05,0.12
76265,0,0,2.25,6.48,7.79,0.14,-0.11,0.04
76318,0,0,2.20,6.86,7.96,-0.02,-0.23,0.02
76371,0,317,1.71,6.84,7.97,-0.10,-0.18,-0.05
76424,0,4095,1.55,6.53,7.82,-0.01,-0.05,-0.09
76477,0,4095,1.55,6.45,7.87,0.11,-0.04,0.00
76530,0,0,1.93,6.29,8.15,-0.09,-0.29,-0.06
76583,0,4095,2.02,7.28,7.95,0.04,-0.11,-0.04
76636,0,578,2.28,6.79,7.73,-0.05,-0.02,-0.12
76689,0,4095,2.14,6.52,7.80,0.14,-0.19,0.08
76742,0,4095,2.28,6.77,7.89,0.21,-0.28,0.20
76795,0,4095,1.85,6.57,7.80,0.20,-0.27,0.23
76848,0,4095,1.85,6.53,8.25,-0.10,-0.24,0.07
76901,0,4095,1.62,7.44,8.04,-0.04,-0.14,-0.05
76954,0,4095,1.76,6.57,7.97,0.06,0.14,-0.13
77007,0,4095,2.37,6.50,7.83,-0.20,0.14,-0.29
77060,0,665,1.99,6.34,7.75,-0.16,-0.15,-0.09
77113,0,4095,2.15,7.10,7.83,0.08,0.01,0.02
77166,0,4095,1.41,6.27,7.66,0.01,-0.14,-0.01
77219,0,0,2.14,6.80,8.21,0.19,-0.21,0.14
77272,0,23,2.26,6.89,8.09,0.21,-0.23,0.20
77325,0,0,1.62,6.42,8.22,0.01,-0.19,0.08
77378,0,150,1.67,7.24,7.68,-0.20,-0.13,-0.12
77431,0,193,1.93,7.01,8.07,0.03,-0.04,-0.09
77484,0,226,2.23,6.50,8.06,0.04,-0.12,-0.05
77537,0,259,1.90,6.71,8.06,0.00,-0.20,-0.04
77590,0,4095,1.70,6.48,7.85,0.04,-0.06,-0.06
77643,0,0,2.35,6.36,7.99,0.11,-0.11,0.11
77696,0,0,1.63,6.39,7.72,-0.13,-0.30,0.03
77749,0,0,1.86,7.09,7.91,0.01,-0.34,0.07
77802,0,0,1.63,6.56,8.04,0.02,-0.11,-0.05
77855,0,0,2.19,6.90,8.14,-0.04,-0.01,-0.15
77908,0,0,2.06,6.47,7.88,-0.05,-0.05,-0.12
77961,0,0,2.21,6.57,8.12,0.00,-0.13,-0.07
78014,0,0,1.85,6.61,7.86,0.01,-0.14,-0.00
78067,0,0,1.82,6.59,8.00,0.09,-0.17,0.02
78120,0,0,1.91,6.71,8.07,0.09,-0.15,0.00
78173,0,0,1.93,6.45,8.07,0.02,-0.12,-0.03
78226,0,4095,1.83,6.70,8.03,-0.04,-0.13,-0.04
78279,0,4095,1.86,6.66,7.96,-0.00,-0.09,-0.05
78332,0,4095,2.03,6.53,8.01,0.02,-0.11,-0.02
78385,0,4095,2.02,6.77,7.96,0.00,-0.16,-0.01
78438,0,4095,1.88,6.69,8.03,0.02,-0.15,-0.01
78491,0,4095,1.81,6.45,8.01,0.06,-0.16,0.02
78544,0,0,1.86,6.68,8.14,0.04,-0.18,0.02
78597,0,0,1.83,6.78,8.02,0.01,-0.12,-0.03
78650,0,0,2.01,6.67,8.07,-0.01,-0.06,-0.05
78703,0,0,1.83,6.54,7.90,-0.03,-0.11,-0.05
78756,0,4095,1.97,6.75,8.02,0.04,-0.14,-0.01
78809,0,4095,1.92,6.44,8.02,0.04,-0.12,-0.00
78862,0,4095,1.89,6.70,8.10,0.02,-0.17,0.02
78915,0,4095,1.48,6.59,7.89,0.03,-0.19,0.00
78968,0,0,1.95,7.05,8.02,-0.07,-0.12,-0.12
79021,0,4095,1.88,6.69,8.04,0.01,-0.09,-0.06
79074,0,4095,1.77,6.54,8.06,0.02,-0.16,-0.04
79127,0,4095,1.73,6.37,8.03,0.06,-0.12,-0.00
79180,0,4095,1.95,6.66,7.95,-0.03,-0.12,-0.04
79233,0,4095,1.97,6.67,8.28,0.01,-0.12,-0.01
79286,0,4095,1.62,6.72,7.88,0.02,-0.18,0.00
79339,0,0,1.82,6.79,8.15,0.02,-0.11,-0.06
79392,0,0,1.89,6.39,8.01,0.03,-0.09,-0.04
79445,0,0,1.91,6.63,7.97,-0.04,-0.17,-0.04
79498,0,0,1.77,6.69,8.10,0.00,-0.16,-0.02
79551,0,0,1.83,6.61,8.20,0.02,-0.11,0.01
79604,0,0,1.80,6.54,7.92,-0.04,-0.02,-0.07
79657,0,0,1.82,6.31,8.22,0.06,-0.16,0.05
79710,0,0,1.82,7.10,7.83,-0.06,-0.14,-0.07
79763,0,0,1.91,6.42,8.30,0.09,-0.20,0.04
79816,0,0,1.56,6.56,7.96,0.01,-0.06,-0.06
79869,0,0,1.92,6.28,8.18,0.06,-0.15,0.03
79922,0,4095,1.76,6.61,8.22,-0.09,-0.18,-0.02
79975,0,0,1.49,7.01,8.16,-0.01,-0.12,-0.03
80028,0,0,1.78,6.47,7.88,0.04,-0.08,-0.05
80081,0,0,1.99,6.67,8.09,0.03,-0.10,-0.05
80134,0,0,1.84,6.39,7.88,-0.01,-0.17,-0.03
80187,0,0,1.92,6.47,8.29,0.04,-0.25,0.06
80240,0,0,1.43,6.63,8.11,0.06,-0.15,0.04
80293,0,4095,1.88,6.68,8.19,0.05,-0.06,-0.03
80346,0,4095,1.80,6.58,7.97,-0.04,-0.10,-0.08
80399,0,0,1.91,6.65,8.03,-0.01,-0.11,-0.05
80452,0,0,1.83,6.56,7.88,0.03,-0.16,-0.02
80505,0,0,1.87,6.63,8.13,0.07,-0.17,0.01
80558,0,4095,1.73,6.60,8.10,0.02,-0.14,-0.00
80611,0,4095,1.75,6.54,8.09,-0.02,-0.14,-0.03
80664,0,0,1.80,6.63,8.20,0.02,-0.12,-0.02
80717,0,4095,1.73,6.56,8.01,0.04,-0.12,-0.03
80770,0,4095,1.84,6.63,8.06,0.04,-0.15,-0.06
80823,0,4095,1.98,7.09,7.92,-0.01,-0.22,-0.09
80876,0,4095,1.84,6.93,7.94,-0.01,-0.19,-0.13
80929,0,4095,1.78,6.22,8.18,-0.01,-0.10,-0.12
80982,0,4095,1.87,6.76,7.97,-0.06,-0.11,-0.09
81035,0,4095,1.58,6.45,8.31,0.03,-0.11,-0.04
81088,0,4095,1.71,6.61,8.15,0.06,-0.06,-0.01
81141,0,4095,1.89,6.64,7.72,0.10,-0.03,0.03
81194,0,0,1.80,6.63,8.06,0.05,-0.11,0.01
81247,0,4095,1.57,6.48,8.03,-0.01,-0.12,-0.00
81300,15,4095,1.75,6.49,8.01,0.04,-0.09,0.06
81353,0,4095,1.65,6.60,7.88,0.04,-0.14,0.06
81406,0,4095,2.06,6.52,8.16,0.02,-0.09,0.09
81459,0,0,1.79,7.25,8.32,-0.01,-0.28,0.15
81512,0,0,1.48,7.18,8.22,-0.06,-0.20,0.00
81565,0,0,1.59,6.72,7.99,-0.00,-0.02,-0.09
81618,0,0,1.80,5.92,8.51,-0.04,-0.11,-0.07
81671,55,0,2.07,6.85,8.03,-0.03,-0.15,-0.00
81724,86,4095,1.76,6.62,8.41,-0.02,-0.17,0.01
81777,43,4095,1.56,6.46,8.43,0.04,-0.12,0.06
81830,0,4095,1.53,7.27,7.93,-0.07,-0.08,-0.10
81883,48,4095,1.64,6.58,8.84,-0.09,0.09,-0.16
81936,98,4095,1.58,6.24,8.15,-0.07,0.11,-0.08
81989,17,4095,1.55,6.83,7.97,-0.12,-0.17,-0.12
82042,0,4095,1.66,7.00,8.53,-0.06,-0.21,-0.14
82095,0,4095,1.33,5.75,8.44,-0.02,-0.06,-0.11
82148,0,4095,0.86,7.73,8.33,0.29,-0.02,-0.02
82201,0,4095,0.77,8.05,7.69,0.83,0.63,-0.05
82254,0,4095,2.39,5.99,7.35,1.88,-0.20,0.31
82307,0,4095,1.10,4.78,8.18,-0.13,-0.42,-0.21
82360,0,4095,0.95,7.40,7.62,-0.55,-0.49,-0.29
82413,0,4095,0.77,6.25,7.60,-0.78,-0.30,-0.36
82466,0,4095,1.41,7.40,7.65,-0.64,-0.16,-0.28
82519,75,4095,0.60,7.02,7.87,-0.12,-0.08,-0.06
82572,125,4095,1.79,6.66,7.96,-0.11,-0.11,-0.15
82625,80,4095,1.41,7.59,8.89,0.14,0.09,0.05
82678,93,4095,0.69,6.41,7.57,0.30,-0.56,0.34
82731,48,4095,0.59,5.11,7.98,-0.11,-0.11,-0.06
82784,0,4095,1.50,7.84,8.95,-0.19,-0.07,-0.21
82837,0,4095,0.88,6.72,8.96,-0.14,0.11,-0.14
82890,0,4095,0.58,6.63,7.52,-0.30,-0.05,-0.19
82943,0,4095,1.14,6.84,8.08,-0.08,-0.00,-0.19
82996,0,4095,1.08,6.13,8.58,-0.24,-0.19,-0.25
83049,0,4095,0.13,6.05,7.80,-0.17,-0.29,-0.18
83102,0,4095,0.94,6.20,8.37,-0.12,-0.27,-0.18
83155,0,4095,0.93,5.87,8.67,0.08,-0.33,0.01
83208,0,4095,0.46,6.30,8.18,0.11,-0.39,-0.04
83261,20,4095,0.13,6.94,8.40,0.44,0.08,0.12
83314,113,4095,1.46,7.32,8.87,0.07,-0.34,-0.25
83367,98,4095,0.84,5.57,8.84,0.04,-0.19,-0.05
83420,18,4095,0.85,6.36,8.26,-0.30,-0.23,-0.10
83473,0,4095,0.41,6.32,9.32,-0.12,-0.36,0.01
83526,0,4095,0.97,5.86,9.03,0.03,-0.09,0.16
83579,0,4095,0.42,6.17,8.12,-0.09,-0.04,0.01
83632,0,4095,1.08,7.13,8.58,-0.25,-0.34,-0.23
83685,0,4095,1.06,5.60,8.65,-0.07,-0.23,-0.22
83738,0,4095,2.34,6.56,8.82,-0.05,0.02,-0.14
83791,0,4095,1.75,6.61,9.36,0.18,-0.48,0.17
83844,0,4095,-0.77,7.33,8.65,0.07,-0.23,-0.11
83897,4095,4095,-0.33,8.45,8.32,1.06,0.51,-0.31
83950,4095,4095,1.21,4.88,9.56,0.55,0.85,-0.85
84003,4095,4095,3.94,4.29,7.69,-0.73,-0.41,-0.49
84056,4095,4095,-1.34,6.93,6.00,-0.89,-1.07,-0.44
84109,4095,4095,0.59,5.28,7.52,0.17,-0.37,-0.06
84162,4095,4095,2.97,7.50,10.75,-1.19,-1.30,-0.57
84215,4095,4095,-0.57,6.11,9.65,0.93,-0.77,0.18
84268,4095,4095,-0.08,4.03,7.39,-0.32,-0.12,-0.64
84321,4095,4095,2.46,6.40,8.19,-1.21,-0.82,-0.56
84374,4095,4095,-0.05,6.87,9.10,-0.58,-2.01,-0.15
84427,4095,4095,0.45,5.54,10.38,-0.05,-0.68,-0.68
84480,4095,4095,1.17,4.07,8.19,0.56,-0.08,-0.35
84533,4095,4095,2.86,5.36,8.61,-0.37,0.58,-0.85
84586,4095,4095,1.52,6.36,8.38,-0.33,-0.63,-0.44
84639,4095,4095,0.73,4.88,8.63,-0.21,-0.24,-0.27
84692,4095,4095,0.49,6.45,9.48,-0.12,-1.05,-0.19
84745,4095,4095,0.26,5.98,13.41,0.79,-0.55,0.43
84798,4095,4095,0.39,6.28,10.85,0.26,-0.72,-0.22
84851,4095,4095,-0.22,2.68,5.59,-0.32,-0.40,-0.63
84904,4095,4095,1.12,5.92,9.47,-0.19,3.01,-0.75
84957,0,4095,3.73,5.22,7.67,0.22,0.70,-0.28
85010,0,4095,0.39,4.78,6.96,-0.22,-0.56,0.20
85063,0,4095,0.57,5.34,7.42,0.20,-0.36,0.33
85116,0,4095,1.96,5.63,10.40,0.31,-0.62,0.68
85169,0,4095,0.98,6.24,10.51,0.53,-1.71,0.41
85222,0,4095,-0.06,5.29,9.83,0.69,-0.81,0.58
85275,0,4095,0.74,5.08,9.43,0.23,-0.22,0.13
85328,0,4095,1.01,5.77,7.80,-0.29,0.35,-0.32
85381,0,4070,2.79,6.72,8.85,-0.47,1.17,0.14
85434,0,4095,1.87,6.40,11.45,-0.26,-0.65,0.44
85487,0,4095,0.40,6.74,8.52,-0.11,-0.44,0.14
85540,0,4095,0.79,5.71,9.56,0.09,-0.11,0.22
85593,0,4095,1.02,5.97,9.50,0.36,0.27,-0.09
85646,0,4095,1.67,4.72,8.72,0.05,0.43,-0.18
85699,0,4095,1.72,5.40,7.72,-0.42,0.40,-0.26
85752,0,4095,0.91,5.89,7.18,-0.54,-0.00,-0.22
85805,0,3743,1.48,6.57,8.66,0.01,0.15,-0.15
85858,0,4095,1.72,5.48,9.23,0.33,-0.07,-0.06
85911,0,4095,1.68,5.75,9.68,0.48,-0.04,0.18
85964,0,4095,1.27,6.07,10.13,0.16,-0.79,0.14
86017,0,4095,0.56,5.44,9.05,0.23,-0.77,0.07
86070,0,4095,-0.23,5.21,8.30,-0.01,-0.47,-0.26
86123,0,4095,0.55,4.67,8.35,0.11,-0.15,-0.18
86176,0,4095,2.43,5.13,9.36,0.02,0.95,0.09
86229,0,4095,0.67,7.50,8.79,-0.47,-0.94,-0.07
86282,0,4095,0.27,5.47,8.60,0.11,-0.44,-0.02
86335,0,4095,0.59,6.06,8.99,0.07,-0.10,-0.19
86388,0,4095,1.45,5.50,9.71,0.31,0.15,-0.16
86441,0,4095,1.33,5.44,8.88,0.16,0.08,-0.18
86494,0,4095,1.70,5.94,9.05,-0.22,-0.16,-0.23
86547,98,4095,0.80,6.11,8.74,-0.20,-0.14,-0.20
86600,133,4095,0.88,5.42,8.85,-0.15,-0.08,-0.19
86653,243,4095,1.18,6.84,8.43,-0.16,-0.17,-0.35
86706,304,4095,1.09,5.01,9.41,0.33,-0.27,-0.17
86759,399,0,1.38,5.05,9.08,0.14,-0.19,-0.02
86812,439,0,0.78,5.92,8.63,0.11,-0.33,-0.06
86865,461,0,0.76,5.42,8.67,-0.08,-0.23,-0.09
86918,463,0,0.88,5.27,8.55,-0.16,-0.10,-0.08
86971,443,0,1.40,5.51,8.40,-0.03,0.14,0.20
87024,389,0,1.06,6.85,8.33,0.01,-0.36,0.13
87077,346,63,0.71,5.90,9.54,0.24,-0.36,0.25
87130,333,171,0.76,6.46,9.16,0.18,-0.25,0.04
87183,345,182,0.62,5.10,9.48,0.25,-0.13,-0.01
87236,345,187,1.04,5.17,9.10,-0.02,0.18,-0.07
87289,335,155,1.29,6.25,8.71,-0.38,-0.05,-0.23
87342,335,147,1.21,6.24,8.82,-0.26,-0.28,-0.10
87395,328,118,1.08,5.77,9.34,-0.05,-0.32,-0.05
87448,335,64,1.13,5.42,9.55,0.26,-0.06,0.03
87501,304,83,0.70,4.98,8.74,0.26,0.09,0.01
87554,300,0,1.31,5.53,8.79,-0.09,0.05,-0.04
87607,304,0,0.93,6.06,8.47,-0.25,-0.13,0.00
87660,309,5,1.10,6.08,9.00,-0.14,-0.25,-0.00
87713,318,28,1.00,5.61,9.04,0.15,-0.13,0.10
87766,324,34,0.94,5.79,8.91,0.16,-0.09,0.06
87819,351,22,1.08,5.86,8.89,0.13,-0.08,0.03
87872,368,19,0.83,5.62,8.84,-0.03,-0.18,-0.02
87925,409,50,1.10,5.56,9.09,-0.04,-0.19,-0.05
87978,434,112,1.10,5.38,9.08,0.07,-0.13,0.01
88031,457,4095,0.91,5.37,8.94,0.10,-0.07,0.04
88084,459,4095,1.05,5.70,8.95,0.02,-0.07,0.05
88137,464,4095,0.88,6.02,8.87,-0.08,-0.17,0.02
88190,478,4095,0.87,5.75,9.14,-0.03,-0.10,-0.02
88243,481,4095,0.91,5.53,8.88,0.06,-0.06,0.01
88296,491,4095,1.17,5.66,8.83,0.04,-0.08,0.03
88349,494,4095,1.16,5.97,8.95,-0.05,-0.17,0.03
88402,500,4095,1.02,5.69,9.06,0.01,-0.20,0.03
88455,500,4095,0.87,5.65,8.94,0.03,-0.21,0.02
88508,511,4095,0.96,5.77,9.17,0.06,-0.12,0.01
88561,547,97,1.01,5.46,9.16,0.12,-0.10,0.06
88614,527,80,0.94,5.64,8.78,0.01,-0.14,0.04
88667,528,90,0.82,5.79,8.89,-0.10,-0.14,-0.04
88720,528,112,1.08,5.53,8.86,0.01,-0.05,-0.03
88773,529,437,1.06,5.45,8.48,0.02,-0.04,-0.01
88826,511,432,1.40,6.00,8.94,0.02,-0.16,0.05
88879,502,875,1.13,6.06,9.30,0.10,-0.24,0.10
88932,498,676,1.04,5.83,9.29,0.11,-0.26,0.11
88985,498,4095,0.75,5.68,8.89,-0.01,-0.15,-0.03
89038,494,4095,1.09,5.35,8.98,-0.05,0.02,-0.08
89091,510,4095,1.53,5.75,8.50,-0.13,-0.03,-0.07
89144,508,575,1.38,5.88,8.89,-0.08,-0.26,0.01
89197,511,467,1.18,5.34,9.01,0.23,-0.26,0.14
89250,524,4095,1.22,5.03,9.33,0.21,0.01,0.14
89303,528,4095,0.95,6.19,9.05,0.02,-0.22,0.06
89356,535,4095,1.04,6.18,9.14,-0.12,-0.07,-0.10
89409,511,4095,1.12,5.65,8.94,-0.08,-0.06,-0.11
89462,496,275,1.32,5.67,8.66,-0.07,0.00,-0.09
89515,559,265,1.12,5.80,8.55,0.03,-0.12,-0.06
89568,530,256,1.28,5.59,8.88,0.12,-0.19,0.03
89621,547,240,1.08,5.52,9.13,0.10,-0.23,0.05
89674,550,209,0.89,5.56,9.12,0.10,-0.21,0.06
89727,557,151,0.98,5.66,9.08,0.00,-0.08,-0.02
89780,550,138,1.12,5.81,8.84,-0.07,-0.11,-0.08
89833,539,134,1.32,5.53,8.83,-0.04,-0.11,-0.05
89886,563,128,1.40,5.75,8.86,-0.01,-0.13,-0.02
89939,564,154,1.13,5.81,8.80,0.09,-0.20,0.04
89992,561,161,1.01,5.65,8.94,0.07,-0.14,0.02
90045,564,214,1.09,5.86,8.97,0.00,-0.12,-0.05
90098,560,192,1.21,5.74,9.00,0.03,-0.13,-0.04
90151,576,192,1.08,5.63,8.95,0.00,-0.15,-0.04
90204,567,222,1.11,5.71,8.93,0.02,-0.16,-0.02
90257,574,194,1.20,5.60,9.11,0.07,-0.17,0.02
90310,566,165,1.06,5.65,9.10,0.04,-0.16,0.02
90363,573,167,0.98,5.72,9.06,-0.02,-0.11,-0.02
90416,569,199,1.15,5.79,8.86,-0.07,-0.10,-0.07
90469,567,218,1.27,5.76,9.07,-0.06,-0.06,-0.06
90522,574,237,1.25,5.62,8.82,0.05,-0.07,-0.01
90575,576,208,0.97,5.40,8.75,0.03,-0.12,-0.00
90628,579,182,1.09,5.65,8.96,-0.01,-0.11,-0.02
90681,580,181,1.30,5.71,9.14,0.08,-0.15,0.01
90734,587,176,0.86,5.63,8.98,0.06,-0.20,0.02
90787,591,195,0.90,5.60,9.01,0.01,-0.09,-0.02
90840,579,228,1.18,5.64,9.05,-0.02,-0.09,-0.02
90893,577,221,1.19,5.71,8.93,-0.00,-0.13,0.01
90946,589,263,1.07,5.72,8.98,0.05,-0.16,0.04
90999,587,317,0.86,5.71,8.89,0.06,-0.17,0.01
91052,591,222,1.05,5.57,9.00,0.04,-0.07,-0.01
91105,576,147,1.18,5.77,8.95,-0.02,-0.09,-0.02
91158,587,171,1.12,5.67,8.99,0.01,-0.12,-0.00
91211,592,183,1.02,5.59,8.99,0.02,-0.13,0.02
91264,572,219,1.07,5.83,8.86,0.02,-0.12,0.00
91317,566,231,1.09,5.60,9.01,0.07,-0.14,0.01
91370,598,216,1.19,5.71,9.01,0.03,-0.16,0.00
91423,610,203,1.06,5.66,8.96,0.05,-0.17,0.02
91476,573,202,1.02,5.60,8.97,-0.03,-0.12,-0.02
91529,596,208,1.12,5.86,8.99,-0.01,-0.13,-0.04
91582,594,212,1.17,5.59,8.98,0.03,-0.13,-0.01
91635,597,212,1.08,5.75,8.93,-0.01,-0.12,-0.03
91688,597,213,1.09,5.74,8.95,0.02,-0.13,-0.02
91741,598,237,1.15,5.63,9.02,0.01,-0.11,-0.02
91794,598,242,1.06,5.70,8.88,0.02,-0.14,-0.01
91847,607,273,1.06,5.60,8.95,0.03,-0.12,-0.01
91900,595,305,1.19,5.73,9.01,-0.01,-0.13,-0.02
91953,592,294,1.02,5.62,8.90,0.04,-0.15,0.01
92006,597,233,1.19,5.63,9.04,-0.00,-0.12,0.00
92059,598,142,1.14,5.78,8.95,0.01,-0.16,-0.00
92112,613,225,1.03,5.67,9.01,0.04,-0.17,0.02
92165,604,237,0.99,5.64,8.95,0.01,-0.11,-0.03
92218,599,269,1.18,5.60,9.00,0.04,-0.12,-0.02
92271,588,234,1.10,5.60,8.92,0.02,-0.15,-0.00
92324,597,209,1.05,5.70,8.91,0.03,-0.18,0.01
92377,606,189,1.10,5.57,9.11,0.03,-0.10,0.02
92430,592,190,1.03,5.80,8.86,-0.00,-0.15,-0.00
92483,605,204,1.21,5.59,9.01,0.05,-0.11,0.02
92536,602,211,1.13,5.59,8.88,-0.01,-0.15,0.01
92589,599,208,1.15,5.85,8.97,0.04,-0.18,0.03
92642,618,165,0.72,5.68,8.84,0.07,-0.24,-0.05
92695,610,173,1.02,5.61,8.99,0.07,-0.12,0.05
92748,605,167,1.12,5.79,8.86,0.01,-0.10,-0.06
92801,597,187,1.40,5.77,9.09,-0.00,-0.16,0.00
92854,607,199,0.95,5.64,8.81,-0.01,-0.14,-0.01
92907,602,203,1.18,5.69,9.14,0.04,-0.14,0.01
92960,609,172,1.11,5.63,8.83,0.02,-0.11,-0.01
93013,599,157,1.19,5.69,8.93,0.04,-0.13,-0.01
93066,605,128,1.23,5.59,8.93,-0.01,-0.13,0.01
93119,610,125,1.31,5.80,8.96,0.03,-0.17,0.01
93172,600,156,1.12,5.77,9.00,0.04,-0.18,0.02
93225,625,181,1.27,5.61,9.05,0.01,-0.09,-0.01
93278,616,201,1.15,5.67,8.99,-0.01,-0.11,-0.02
93331,607,192,1.26,5.49,9.06,0.00,-0.11,0.04
93384,606,178,1.34,5.63,8.89,0.04,-0.12,0.05
93437,612,165,1.30,5.46,8.85,0.01,-0.10,0.07
93490,615,147,1.39,5.49,8.88,0.02,-0.15,0.11
93543,615,147,1.44,5.50,8.85,0.02,-0.16,0.15
93596,609,144,1.47,5.92,9.21,0.00,-0.25,0.13
93649,609,166,1.36,5.55,9.05,0.03,-0.14,0.14
93702,609,144,1.18,5.77,8.88,0.02,-0.17,0.06
93755,594,144,1.44,5.86,8.87,0.04,-0.22,0.05
93808,607,145,1.76,5.95,9.11,-0.02,-0.17,-0.01
93861,594,150,1.43,5.79,9.08,0.08,-0.14,0.03
93914,620,155,1.49,5.53,8.95,0.00,-0.03,-0.07
93967,611,188,1.71,5.54,8.94,-0.01,-0.04,-0.06
94020,618,208,1.63,5.65,8.85,-0.00,-0.13,-0.02
94073,619,201,1.55,5.59,8.83,0.00,-0.15,-0.01
94126,607,195,1.53,5.57,9.03,0.05,-0.12,0.01
94179,583,181,1.51,5.57,8.91,0.04,-0.10,0.00
94232,568,87,1.62,5.63,8.97,0.04,-0.14,0.00
94285,528,61,1.53,5.58,8.93,0.02,-0.16,0.01
94338,498,64,1.49,5.71,8.90,-0.02,-0.15,-0.01
94391,480,62,1.58,5.68,8.94,0.02,-0.15,-0.00
94444,458,70,1.54,5.59,8.94,0.05,-0.15,-0.00
94497,451,67,1.57,5.65,8.96,0.03,-0.14,-0.01
94550,436,80,1.54,5.60,9.03,0.04,-0.15,-0.00
94603,400,67,1.56,5.67,9.01,0.03,-0.09,-0.01
94656,388,76,1.49,5.60,8.84,-0.02,-0.08,-0.02
94709,366,108,1.63,5.65,8.88,-0.02,-0.09,-0.02
94762,340,129,1.66,5.80,8.92,0.01,-0.12,-0.01
94815,347,158,1.41,5.60,8.81,0.05,-0.16,0.01
94868,346,176,1.58,5.62,9.00,0.04,-0.12,-0.00
94921,346,175,1.65,5.64,9.00,0.03,-0.15,0.01
94974,304,192,1.48,5.60,8.99,0.03,-0.15,0.01
95027,336,195,1.50,5.58,9.02,-0.01,-0.09,-0.01
95080,319,203,1.73,5.67,8.87,0.01,-0.08,-0.00
95133,271,237,1.58,5.46,8.93,0.02,-0.12,0.04
95186,261,250,1.63,5.76,8.92,0.00,-0.16,0.04
95239,265,333,1.63,5.50,9.02,0.05,-0.10,0.06
95292,298,238,1.62,5.55,8.90,0.00,-0.07,0.07
95345,413,0,1.48,5.84,9.07,0.02,-0.12,0.03
95398,450,0,1.37,5.70,8.92,0.06,-0.11,0.01
95451,478,0,1.57,5.68,9.01,-0.01,-0.06,-0.05
95504,574,0,1.55,5.58,8.74,0.06,-0.09,-0.01
95557,609,0,1.95,5.65,8.81,0.02,-0.10,-0.03
95610,630,0,1.53,5.41,8.88,0.04,-0.18,0.03
95663,644,0,1.49,5.77,9.13,0.04,-0.19,0.01
95716,651,4095,1.31,5.57,9.04,0.08,-0.09,-0.01
95769,675,4095,1.47,5.63,8.86,0.00,-0.07,-0.05
95822,658,0,1.66,5.61,8.79,-0.00,-0.09,-0.04
95875,655,0,1.76,5.70,8.92,0.03,-0.19,0.03
95928,570,0,1.44,5.62,8.90,0.09,-0.23,0.07
95981,409,4095,1.38,5.66,9.00,0.04,-0.20,0.01
96034,320,4095,1.57,5.69,9.17,0.08,-0.13,0.03
96087,242,4095,1.51,5.76,8.88,-0.02,-0.12,-0.04
96140,239,4095,1.64,5.66,8.88,-0.03,-0.11,-0.03
96193,193,4095,1.58,5.66,8.88,-0.01,-0.15,-0.01
96246,172,4095,1.65,5.73,8.89,0.03,-0.14,0.01
96299,176,4095,1.48,5.59,8.87,0.07,-0.15,0.02
96352,176,4095,1.59,5.59,9.00,0.02,-0.10,-0.01
96405,176,4095,1.63,5.66,8.94,0.02,-0.13,0.00
96458,176,4095,1.56,5.64,8.96,0.02,-0.15,0.01
96511,176,4095,1.60,5.77,8.90,-0.01,-0.12,-0.02
96564,0,4095,1.50,5.66,8.87,0.03,-0.15,-0.01
96617,0,534,1.90,5.63,8.97,0.02,-0.15,0.02
96670,0,4095,1.55,5.68,8.59,0.02,-0.20,0.02
96723,0,4095,1.31,5.44,8.99,0.02,-0.20,0.03
96776,0,4095,1.40,5.70,8.95,0.07,-0.14,0.03
96829,0,4095,0.89,5.71,9.13,-0.02,-0.07,-0.12
96882,23,4095,1.53,5.50,9.10,0.08,-0.02,-0.07
96935,40,185,1.86,5.66,8.60,-0.06,-0.02,-0.11
96988,117,206,1.79,5.66,8.93,-0.00,-0.17,0.02
97041,144,180,1.38,5.65,8.94,0.04,-0.17,0.04
97094,170,239,1.36,5.76,8.95,0.07,-0.13,0.01
97147,190,255,1.36,5.57,9.07,0.05,-0.08,-0.00
97200,197,283,1.63,5.65,8.95,0.00,-0.07,-0.03
97253,208,253,1.49,5.44,8.85,-0.01,-0.15,0.02
97306,209,295,1.45,5.61,8.97,-0.01,-0.10,0.03
97359,192,394,1.37,5.97,8.90,0.03,-0.14,0.03
97412,162,469,1.42,5.63,8.94,0.05,-0.13,0.02
97465,112,4095,1.42,5.74,8.91,0.04,-0.14,-0.00
97518,68,4095,1.43,5.53,8.95,-0.01,-0.10,-0.02
97571,49,4095,1.54,5.76,8.91,-0.03,-0.10,-0.03
97624,31,4095,1.39,5.56,9.01,0.02,-0.12,-0.02
97677,57,538,1.44,5.68,8.89,0.01,-0.10,-0.04
97730,60,543,1.49,5.64,8.96,0.04,-0.10,-0.02
97783,74,507,1.31,5.64,8.86,0.02,-0.13,-0.04
97836,91,496,1.44,5.61,9.02,0.01,-0.14,-0.03
97889,117,474,1.46,5.55,9.03,0.03,-0.12,-0.01
97942,153,446,1.26,5.68,8.90,0.05,-0.13,-0.01
97995,196,362,1.37,5.48,8.97,0.01,-0.10,-0.04
98048,199,329,1.60,5.66,9.08,0.03,-0.14,0.00
98101,214,314,1.27,5.63,9.00,0.06,-0.15,0.02
98154,211,304,1.20,5.56,8.88,0.02,-0.09,-0.02
98207,223,298,1.52,5.66,8.90,-0.02,-0.11,-0.03
98260,225,292,1.44,5.63,8.89,0.03,-0.17,0.02
98313,225,305,1.38,5.76,8.95,0.05,-0.18,0.01
98366,222,304,1.33,5.60,8.91,0.05,-0.13,0.00
98419,237,304,1.54,5.70,9.04,0.03,-0.14,0.00
98472,238,308,1.34,5.65,9.00,0.02,-0.15,0.00
98525,240,300,1.32,5.71,8.81,0.00,-0.13,-0.02
98578,243,302,1.54,5.73,8.95,-0.01,-0.12,-0.03
98631,237,294,1.43,5.71,8.88,0.03,-0.13,-0.00
98684,240,294,1.41,5.76,8.99,0.04,-0.14,-0.01
98737,255,297,1.36,5.55,8.94,0.02,-0.11,-0.02
98790,240,285,1.48,5.67,8.96,0.02,-0.13,-0.01
98843,228,243,1.44,5.56,8.96,0.04,-0.11,0.01
98896,199,192,1.39,5.76,9.04,0.02,-0.12,0.01
98949,192,182,1.25,5.83,8.95,0.04,-0.09,-0.01
99002,193,181,1.30,5.63,8.89,0.01,-0.05,-0.04
99055,192,191,1.43,5.91,8.91,0.00,-0.09,-0.04
99108,201,231,1.18,5.95,8.89,-0.00,-0.09,-0.09
99161,210,256,1.19,5.45,8.82,0.04,-0.08,-0.05
99214,230,292,1.35,5.38,8.62,0.00,-0.09,-0.04
99267,243,288,1.44,5.51,8.75,-0.01,-0.15,0.00
99320,251,316,1.36,6.04,8.87,-0.02,-0.31,0.02
99373,243,261,1.05,5.93,9.17,0.05,-0.22,-0.02
99426,261,304,1.12,5.52,9.04,0.10,-0.11,-0.06
99479,265,308,1.48,5.39,8.90,0.02,-0.08,-0.06
99532,263,305,1.40,5.47,8.94,-0.01,-0.20,0.01
99585,251,336,1.22,5.68,8.93,-0.01,-0.19,0.03
99638,284,336,1.21,5.75,8.92,0.01,-0.15,0.01
99691,287,345,1.36,5.84,9.02,0.06,-0.14,0.00
99744,275,352,1.43,5.61,8.96,0.07,-0.11,0.01
99797,304,339,1.39,5.66,8.90,0.02,-0.14,-0.00
99850,290,338,1.28,5.70,8.87,-0.03,-0.14,-0.02
99903,305,350,1.45,5.78,8.98,0.00,-0.14,-0.02
99956,311,314,1.32,5.77,8.91,0.07,-0.12,-0.00
100009,333,315,1.41,5.61,8.85,0.02,-0.10,-0.02
100062,328,348,1.45,5.74,8.92,0.02,-0.16,-0.01
100115,341,317,1.37,5.70,9.03,0.01,-0.16,0.01
100168,338,350,1.25,5.75,9.03,0.04,-0.12,-0.00
100221,315,341,1.32,5.77,8.88,-0.00,-0.09,-0.05
100274,382,387,1.46,5.60,8.83,0.03,-0.10,-0.02
100327,404,402,1.51,5.80,8.89,-0.02,-0.17,-0.01
100380,405,421,1.17,5.72,8.81,0.04,-0.16,0.01
100433,427,414,1.42,5.75,9.00,0.02,-0.14,-0.02
100486,440,400,1.34,5.71,8.95,0.05,-0.13,-0.01
100539,445,397,1.28,5.53,8.87,0.03,-0.12,-0.01
100592,438,390,1.52,5.75,9.06,-0.01,-0.11,-0.01
100645,431,397,1.19,5.66,8.83,0.04,-0.12,0.01
100698,426,399,1.42,5.74,8.84,0.01,-0.11,-0.01
100751,416,418,1.45,5.80,8.87,0.01,-0.13,-0.01
100804,382,433,1.30,5.77,8.82,0.01,-0.15,-0.02
100857,364,462,1.41,5.71,9.01,0.02,-0.15,-0.01
100910,336,481,1.35,5.72,9.01,0.01,-0.13,-0.01
100963,323,496,1.30,5.77,8.85,0.01,-0.12,-0.02
1694,432,425,1.17,5.75,8.77,0.04,-0.13,-0.01
1747,442,425,1.39,5.71,8.95,0.01,-0.12,-0.01
1800,432,430,1.17,5.86,8.77,0.03,-0.15,-0.00
1853,418,430,1.32,5.81,8.89,0.02,-0.12,-0.01
1906,427,423,1.27,5.79,8.78,0.02,-0.13,-0.01
1959,432,427,1.40,5.80,8.88,0.03,-0.14,-0.00
2012,428,419,1.16,5.75,8.81,0.04,-0.14,0.00
2065,433,432,1.36,5.84,8.86,0.01,-0.12,-0.01
2118,461,405,1.27,5.75,8.84,0.02,-0.14,0.00
2171,421,429,1.27,5.90,8.85,0.02,-0.15,-0.00
2224,431,407,1.29,5.87,8.83,0.01,-0.11,-0.03
2277,432,432,1.31,5.68,8.82,0.02,-0.10,-0.01
2330,427,412,1.34,5.87,8.87,0.02,-0.17,0.01
2383,434,427,1.20,5.93,8.79,0.03,-0.15,-0.01
2436,432,416,1.33,5.80,8.87,0.01,-0.10,-0.03
2489,432,432,1.32,5.74,8.87,0.02,-0.12,-0.02
2542,442,417,1.24,5.86,8.82,0.01,-0.16,-0.01
2595,433,427,1.30,5.87,8.87,0.01,-0.13,-0.02
2648,435,423,1.32,5.73,8.82,0.03,-0.10,-0.01
2701,433,423,1.24,5.78,8.84,0.02,-0.14,-0.00
2754,432,427,1.25,5.84,8.78,0.01,-0.14,-0.01
2807,435,430,1.33,5.83,8.90,0.02,-0.13,-0.01
2860,428,431,1.22,5.82,8.81,0.01,-0.12,-0.02
2913,432,427,1.29,5.80,8.84,0.01,-0.12,-0.02
2966,438,426,1.33,5.75,8.91,0.02,-0.13,-0.01
3019,432,430,1.19,5.81,8.78,0.03,-0.15,-0.00
3072,432,427,1.29,5.79,8.87,0.01,-0.11,-0.02
3125,436,426,1.29,5.75,8.86,0.03,-0.15,-0.01
3178,432,427,1.24,5.81,8.86,0.03,-0.13,0.00
3231,444,422,1.14,5.82,8.77,0.01,-0.13,-0.02
3284,435,429,1.39,5.88,8.82,0.00,-0.14,-0.03
3337,430,423,1.24,5.80,8.83,0.01,-0.15,-0.01
3390,474,420,1.23,5.82,8.95,0.03,-0.14,-0.00
3443,437,413,1.24,5.79,8.84,0.02,-0.12,-0.03
3496,450,405,1.32,5.66,8.91,0.01,-0.11,-0.02
3549,430,399,1.27,5.85,8.91,-0.01,-0.14,-0.02
3602,432,399,1.19,5.84,8.72,0.01,-0.12,-0.03
3655,437,400,1.35,5.66,8.84,0.02,-0.13,-0.01
3708,445,402,1.36,5.81,8.83,0.03,-0.18,0.01
3761,441,402,1.19,5.72,8.95,0.06,-0.17,0.03
3814,427,400,1.20,5.99,9.00,0.01,-0.16,-0.02
3867,429,397,1.18,5.77,8.98,0.04,-0.11,-0.04
3920,430,394,1.41,5.76,8.89,-0.02,-0.06,-0.05
3973,438,392,1.29,5.75,8.82,-0.01,-0.11,-0.03
4026,432,389,1.35,5.78,8.98,0.05,-0.09,0.01
4079,438,401,1.10,5.87,8.68,0.01,-0.10,-0.01
4132,441,439,1.30,5.73,8.78,0.02,-0.12,-0.02
4185,448,365,1.34,5.54,8.94,-0.00,-0.13,-0.01
4238,432,389,1.08,6.02,8.84,0.02,-0.23,0.03
4291,445,395,0.99,6.04,9.11,0.02,-0.16,-0.03
4344,433,390,1.19,5.62,8.90,0.01,-0.07,-0.07
4397,432,394,1.46,5.38,8.77,-0.04,-0.07,-0.04
4450,426,400,1.45,5.99,8.97,-0.13,-0.18,-0.01
4503,434,397,1.01,6.13,8.99,-0.04,-0.17,-0.02
4556,437,395,1.09,5.77,8.84,-0.01,-0.03,-0.09
4609,435,397,1.30,5.60,8.75,-0.02,-0.06,-0.11
4662,432,393,1.36,5.45,8.66,-0.06,-0.14,-0.08
4715,442,391,1.18,5.52,8.87,-0.01,-0.30,-0.00
4768,445,396,1.11,5.75,9.17,0.05,-0.30,0.02
4821,442,400,0.95,5.40,9.11,0.13,-0.17,0.02
4874,433,400,1.15,5.44,8.99,0.10,-0.19,-0.01
4927,441,399,1.44,5.41,8.85,-0.02,-0.15,-0.03
4980,439,398,1.46,5.63,9.05,-0.01,-0.28,0.05
5033,414,394,1.28,5.94,8.89,0.02,-0.30,0.04
5086,430,400,1.20,5.61,8.98,0.07,-0.18,0.01
5139,448,398,1.64,5.84,8.96,0.09,-0.09,0.00
5192,449,398,1.56,5.57,8.84,0.03,-0.16,-0.03
5245,450,400,1.59,5.71,8.90,0.04,-0.18,-0.03
5298,443,399,1.45,5.61,8.77,0.09,-0.22,0.01
5351,446,397,1.68,5.80,8.86,0.06,-0.14,-0.01
5404,429,404,1.52,5.57,8.78,0.12,-0.21,0.04
5457,443,400,1.84,5.77,8.88,0.08,-0.17,0.04
5510,449,399,1.76,6.00,9.00,0.10,-0.25,0.08
5563,435,401,1.46,6.13,8.66,0.05,-0.24,0.03
5616,438,403,1.70,6.28,8.90,0.03,-0.25,-0.03
5669,443,401,1.66,6.10,8.89,0.10,-0.20,-0.06
5722,429,402,1.91,5.74,9.06,0.20,-0.13,-0.02
5775,437,424,1.87,5.42,8.92,0.15,0.01,0.06
5828,438,411,1.67,5.74,8.68,0.04,-0.07,0.10
5881,441,411,1.66,6.35,8.52,-0.15,-0.07,-0.02
5934,438,368,1.73,6.16,8.65,-0.10,-0.07,-0.05
5987,438,425,1.95,6.16,8.77,0.01,-0.03,-0.03
6040,431,444,1.71,6.17,8.48,0.05,-0.12,-0.01
6093,432,405,1.69,6.06,8.60,0.03,-0.14,-0.06
6146,440,405,1.81,5.77,8.82,0.04,-0.19,-0.03
6199,432,404,1.66,5.63,8.94,0.09,-0.17,0.04
6252,434,406,1.52,5.92,8.75,-0.01,-0.15,0.04
6305,433,403,1.31,5.91,8.50,-0.13,-0.10,-0.10
6358,439,400,1.88,5.99,8.87,-0.12,-0.06,-0.11
6411,438,400,1.74,5.79,8.72,-0.01,-0.14,-0.00
6464,436,404,1.58,5.83,8.66,0.04,-0.13,0.03
6517,433,402,1.51,5.87,8.74,-0.02,-0.12,-0.03
6570,439,411,1.67,5.64,8.92,0.01,-0.06,-0.01
6623,433,406,1.59,5.87,8.75,-0.04,-0.12,-0.03
6676,437,405,1.57,5.73,8.81,0.02,-0.12,0.00
6729,427,400,1.68,5.72,8.77,0.03,-0.13,0.01
6782,438,406,1.57,5.67,8.75,0.07,-0.17,0.05
6835,433,407,1.62,5.62,8.86,0.07,-0.16,0.07
6888,450,414,1.56,5.93,8.78,0.03,-0.18,0.05
6941,462,409,1.54,5.70,8.90,0.05,-0.12,0.03
6994,447,405,1.63,5.83,8.71,-0.03,-0.08,-0.01
7047,427,409,1.71,5.98,8.78,0.02,-0.15,0.01
7100,447,401,1.62,5.76,8.66,0.04,-0.13,-0.00
7153,432,400,1.76,5.83,8.83,-0.00,-0.11,-0.03
7206,448,403,1.74,5.88,8.89,0.05,-0.13,0.02
7259,456,402,1.52,5.80,8.66,0.02,-0.15,-0.01
7312,443,408,1.68,5.79,8.84,-0.01,-0.12,-0.05
7365,445,405,1.80,5.86,8.84,0.02,-0.14,-0.02
7418,439,401,1.58,5.70,8.74,0.05,-0.15,0.01
7471,421,398,1.64,5.80,8.80,-0.00,-0.14,-0.02
7524,432,432,1.75,5.92,8.90,0.02,-0.14,-0.01
7577,438,403,1.48,5.65,8.68,0.02,-0.13,-0.01
7630,439,429,1.74,5.88,8.91,-0.04,-0.12,-0.05
7683,435,400,1.66,5.80,8.82,0.05,-0.14,-0.00
7736,442,401,1.55,5.59,8.80,0.03,-0.13,-0.01
7789,438,407,1.62,5.81,8.87,0.01,-0.13,-0.02
7842,445,417,1.64,5.80,8.73,-0.00,-0.12,-0.03
7895,440,413,1.69,5.81,8.87,0.02,-0.13,-0.01
7948,436,400,1.61,5.86,8.74,0.02,-0.15,-0.01
8001,439,405,1.67,5.86,8.79,0.04,-0.14,-0.01
8054,447,406,1.65,5.82,8.75,0.02,-0.15,-0.02
8107,437,406,1.72,5.75,8.91,0.03,-0.13,-0.01
8160,436,400,1.65,5.90,8.77,0.01,-0.16,-0.01
8213,437,400,1.49,5.80,8.78,-0.01,-0.14,-0.04
8266,438,400,1.74,5.71,8.84,-0.01,-0.08,-0.05
8319,439,400,1.76,5.79,8.82,0.05,-0.15,0.01
8372,439,394,1.53,5.78,8.77,0.03,-0.16,-0.00
8425,437,395,1.62,5.83,8.86,0.02,-0.14,-0.02
8478,448,395,1.64,5.74,8.82,0.05,-0.14,0.01
8531,441,393,1.63,5.85,8.89,-0.02,-0.11,-0.02
8584,459,407,1.57,5.83,8.77,0.02,-0.13,-0.02
8637,442,399,1.68,5.77,8.82,0.01,-0.16,-0.02
8690,429,397,1.70,5.76,8.79,0.03,-0.11,-0.01
8743,435,398,1.61,5.82,8.77,0.05,-0.15,0.01
8796,417,389,1.61,5.81,8.77,0.02,-0.14,-0.02
8849,444,391,1.63,5.75,8.82,0.00,-0.13,-0.02
8902,396,346,1.64,5.78,8.79,0.04,-0.13,-0.01
8955,395,330,1.68,5.80,8.72,0.03,-0.11,-0.01
9008,363,309,1.64,5.83,8.74,0.00,-0.14,-0.02
9061,358,272,1.64,5.87,8.78,0.01,-0.15,-0.02
9114,330,256,1.69,5.77,8.84,0.05,-0.16,-0.00
9167,348,246,1.62,5.79,8.88,0.05,-0.15,0.00
9220,344,240,1.54,5.79,8.75,0.01,-0.13,-0.03
9273,325,226,1.68,5.77,8.90,0.00,-0.14,-0.03
9326,324,147,1.61,5.80,8.82,-0.02,-0.13,-0.03
9379,310,64,1.54,5.74,8.78,0.02,-0.11,-0.03
9432,324,0,1.72,5.71,8.84,0.02,-0.11,-0.01
9485,322,0,1.64,5.86,8.82,0.02,-0.13,-0.01
9538,278,0,1.59,5.84,8.83,0.03,-0.14,-0.01
9591,76,0,1.51,5.64,8.68,0.00,-0.10,-0.04
9644,0,0,1.82,5.83,8.91,0.02,-0.11,-0.01
9697,0,4095,1.37,5.63,8.59,0.07,-0.19,-0.02
9750,0,4095,0.20,5.77,9.00,-0.08,-0.14,-0.21
9803,4095,4095,-7.28,8.35,9.09,0.01,0.88,-1.10
9856,4095,4095,1.67,8.85,10.34,2.70,3.09,-0.18
9909,4095,4095,1.51,2.51,7.27,1.48,2.03,-1.31
9962,4095,4095,5.22,2.17,7.16,0.29,0.29,0.84
10015,4095,4095,-0.35,6.59,6.06,-1.95,-4.79,-0.02
10068,4095,4095,-2.51,8.19,8.14,-0.18,-1.44,0.99
10121,239,4095,-3.74,8.15,7.18,-0.71,-3.75,0.26
10174,528,4095,-1.41,7.52,10.41,-1.31,-1.83,-0.46
10227,771,0,2.25,6.73,10.75,-0.34,1.44,-0.48
10280,1003,4095,4.15,7.73,8.07,0.27,2.32,-1.21
10333,1111,4095,5.26,3.36,9.61,1.96,0.56,-0.80
10386,1151,4095,2.38,2.54,10.77,0.23,-0.67,-0.08
10439,1140,4095,2.01,6.17,10.39,-2.28,-1.23,0.79
10492,1095,4095,-0.17,10.35,9.49,-0.35,-0.90,0.51
10545,1119,4095,-0.99,4.74,8.96,1.82,-0.07,1.22
10598,1099,4095,1.55,8.43,8.32,-0.08,0.66,0.33
10651,1117,4095,-0.99,8.97,7.95,0.28,0.18,-0.13
10704,1100,4095,0.59,5.94,8.34,0.51,0.73,-0.08
10757,1084,4095,1.14,6.72,8.09,-0.44,0.84,-0.23
10810,1072,4095,0.80,7.67,7.62,-0.48,0.01,-0.33
10863,1023,4095,0.10,6.68,7.61,-0.02,0.24,-0.12
10916,978,4095,0.48,7.04,7.48,-0.12,0.05,-0.30
10969,944,4095,1.86,6.44,8.03,0.63,-0.00,-0.05
11022,935,4095,1.34,5.23,8.44,0.35,-0.70,0.20
11075,933,4095,0.59,5.92,8.22,0.06,-1.00,0.19
11128,942,4095,0.61,7.20,8.67,0.05,-0.86,0.20
11181,993,4095,-0.16,7.45,8.72,-0.23,-0.64,-0.03
11234,1058,4095,0.48,6.62,8.97,0.12,-0.00,-0.11
11287,1123,635,1.48,6.75,8.77,0.35,0.45,0.04
11340,1232,570,1.56,6.71,8.54,-0.05,0.29,-0.00
11393,1358,4095,1.09,7.06,8.54,-0.20,0.18,0.03
11446,1451,4095,0.62,7.01,7.89,-0.06,0.21,0.06
11499,1535,4095,0.26,7.37,7.76,-0.04,0.24,0.02
11552,1615,4095,0.31,7.53,7.57,-0.03,0.21,-0.17
11605,1691,796,0.34,6.16,7.80,0.22,0.20,-0.12
11658,1744,752,0.74,5.81,7.67,0.15,0.09,0.00
11711,1773,752,0.64,6.11,8.12,-0.08,-0.31,-0.03
11764,1776,768,0.15,6.04,8.31,0.04,-0.31,0.18
11817,1787,736,0.18,6.47,7.91,-0.04,-0.35,0.11
11870,1749,717,0.58,7.13,8.77,0.00,-0.35,0.09
11923,1747,686,-0.26,6.94,8.19,0.03,-0.30,0.15
11976,1732,682,0.27,7.37,8.35,0.03,-0.11,-0.08
12029,1680,701,0.17,6.73,8.12,-0.01,-0.06,-0.09
12082,1653,709,0.27,7.00,7.86,-0.04,0.01,-0.17
12135,1637,715,0.67,6.68,8.10,0.06,0.31,-0.05
12188,1619,757,0.33,6.84,8.03,-0.06,-0.07,-0.14
12241,1613,774,0.04,6.20,7.92,0.08,-0.03,-0.07
12294,1622,765,0.42,6.69,8.12,-0.02,0.05,-0.07
12347,1621,741,0.28,6.79,8.46,-0.05,-0.14,-0.11
12400,1616,624,-0.23,6.62,8.17,-0.00,-0.24,-0.07
12453,1600,590,-0.06,6.56,7.97,-0.10,-0.18,-0.08
12506,1603,610,0.25,6.61,8.32,-0.10,-0.22,-0.06
12559,1586,4095,0.20,6.50,8.23,-0.01,-0.23,0.04
12612,1582,4095,0.41,6.56,8.19,-0.04,-0.31,0.04
12665,1600,4095,-0.08,6.50,7.99,0.01,-0.43,0.07
12718,1606,4095,0.41,6.89,8.30,0.05,-0.21,0.03
12771,1615,4095,0.31,6.77,8.59,0.06,-0.24,-0.00
12824,1619,4095,0.23,6.50,8.53,0.06,-0.14,-0.01
12877,1616,928,0.42,6.69,8.53,0.00,-0.06,-0.02
12930,1609,4095,0.11,6.68,8.32,-0.03,0.01,-0.08
12983,1602,4095,0.26,6.66,8.32,-0.03,0.10,-0.11
13036,1606,4095,0.26,6.56,8.03,-0.03,0.07,-0.11
13089,1606,4095,0.22,6.69,8.01,-0.05,-0.02,-0.12
13142,1601,511,0.20,6.63,8.01,0.02,-0.10,-0.09
13195,1530,511,0.23,6.38,8.01,0.04,-0.19,-0.05
13248,1535,528,0.17,6.43,8.27,0.03,-0.28,-0.02
13301,1509,4095,0.06,6.42,8.37,0.07,-0.34,0.00
13354,1499,499,0.10,6.31,8.45,-0.01,-0.27,-0.01
13407,1509,492,0.11,6.48,8.44,-0.03,-0.27,-0.02
13460,1504,4095,0.10,6.44,8.43,-0.06,-0.22,-0.04
13513,1500,4095,0.15,6.55,8.34,-0.08,-0.15,-0.06
13566,1494,4095,0.18,6.38,8.31,0.00,-0.13,-0.04
13619,1494,4095,0.28,6.45,8.28,-0.02,-0.10,-0.03
13672,1490,511,0.28,6.61,8.39,0.02,-0.15,-0.03
13725,1495,4095,-0.16,6.23,8.28,0.07,-0.14,-0.02
13778,1498,4095,0.14,6.42,8.40,0.03,-0.03,-0.06
13831,1487,4095,0.16,6.47,8.43,-0.01,-0.09,-0.05
13884,1509,4095,0.05,6.22,8.44,-0.01,-0.09,-0.03
13937,1501,4095,0.24,6.46,8.33,-0.05,-0.08,-0.03
13990,1502,4095,0.25,6.55,8.41,-0.00,-0.18,-0.01
14043,1498,4095,0.14,6.45,8.34,0.03,-0.20,0.01
14096,1502,4005,0.17,6.37,8.38,0.02,-0.24,0.03
14149,1520,3873,0.17,6.51,8.45,0.04,-0.24,0.02
14202,1535,4095,0.11,6.29,8.54,0.05,-0.20,0.01
14255,1535,3967,0.28,6.46,8.47,-0.01,-0.15,-0.01
14308,1535,3939,0.11,6.39,8.47,-0.02,-0.16,-0.03
14361,1530,3975,0.27,6.28,8.37,0.01,-0.00,-0.03
14414,1535,3353,0.41,6.36,8.35,0.00,-0.07,-0.00
14467,1535,3696,0.25,6.50,8.42,-0.00,-0.13,0.01
14520,1565,3739,0.13,6.37,8.44,0.08,-0.13,0.02
14573,1498,3818,0.34,6.18,8.64,0.10,-0.04,0.06
14626,1486,486,0.31,6.45,8.67,0.01,-0.12,0.05
14679,1525,624,0.41,6.61,8.79,-0.09,-0.12,0.04
14732,1535,4095,-0.02,6.61,8.58,-0.21,-0.16,0.02
14785,1535,4032,-0.30,6.79,8.32,-0.18,-0.12,-0.02
14838,1579,4095,-0.25,7.06,8.16,-0.06,-0.10,-0.09
14891,1573,1713,-0.01,6.15,8.26,0.23,0.07,-0.00
14944,1563,4095,0.75,6.36,8.42,0.24,0.16,0.18
14997,1561,4095,0.57,7.50,8.50,0.03,-0.32,0.09
15050,1563,4095,-0.52,6.18,8.86,0.28,-0.27,0.09
15103,1583,4095,0.14,5.91,8.57,0.24,0.22,0.01
15156,1607,4095,0.50,5.62,8.45,0.13,0.19,0.12
15209,1648,4095,0.23,5.57,8.83,-0.04,-0.05,0.28
15262,1665,4095,1.03,7.03,9.08,-0.26,-0.12,0.23
15315,1701,4095,-0.39,6.44,8.57,0.13,-0.14,0.32
15368,1682,4095,0.61,5.89,8.51,0.10,0.70,0.30
15421,1712,285,1.36,6.47,7.81,0.05,1.02,0.22
15474,1724,221,0.37,6.58,7.35,-0.18,0.16,-0.09
15527,1735,221,-0.11,5.82,6.55,-0.17,-0.11,0.04
15580,1746,258,-0.95,7.08,6.32,-0.62,-1.14,-0.04
15633,1767,303,-0.68,6.55,8.17,-0.03,-0.85,0.15
15686,1786,402,1.00,5.97,10.14,0.68,-0.16,0.50
15739,1787,4095,2.13,6.17,10.32,0.61,-0.20,0.49
15792,1827,4095,0.79,7.04,8.99,-0.49,-1.11,0.06
15845,1831,4095,-0.23,7.39,8.88,-0.58,-0.33,-0.27
15898,1865,661,-0.00,6.18,8.65,-0.16,0.27,-0.48
15951,1856,622,1.51,5.66,8.90,-0.02,0.89,-0.35
16004,1853,720,0.96,5.80,8.37,-0.12,0.31,-0.23
16057,1850,798,0.74,5.47,8.14,0.06,0.14,0.07
16110,1827,816,1.08,6.03,8.46,0.09,-0.22,0.17
16163,1808,850,0.18,6.77,8.59,0.14,-0.67,0.31
16216,1785,834,-1.93,7.39,7.83,0.03,-0.82,-0.18
16269,1777,760,-0.17,5.36,7.92,0.67,0.68,-0.06
16322,1789,759,0.69,6.32,7.85,0.08,0.14,-0.23
16375,1730,763,0.38,7.26,7.82,-0.54,-1.13,0.28
16428,1635,760,1.27,8.76,10.18,-1.06,-0.95,0.01
16481,1601,778,-2.07,5.70,8.26,0.10,-1.47,-0.97
16534,1503,790,1.20,1.73,9.78,1.37,1.11,-0.59
16587,1444,795,4.10,1.26,8.84,0.59,1.81,0.42
16640,1312,822,3.30,5.88,7.70,-1.37,-0.10,0.75
16693,1161,811,-0.43,10.75,8.26,-1.62,-1.73,0.12
16746,959,798,-0.74,7.75,9.07,0.59,-0.35,0.47
16799,611,768,0.18,6.15,9.28,0.85,0.71,0.02
16852,340,592,1.15,6.00,8.73,0.73,0.54,-0.09
16905,16,269,1.49,5.64,8.36,0.69,0.05,0.18
16958,0,0,0.57,5.53,8.29,-0.02,-0.66,0.11
17011,0,0,-0.23,6.09,8.76,-0.39,-0.44,-0.02
17064,0,0,-0.21,6.83,9.05,-0.20,-0.19,-0.00
17117,0,0,0.06,6.42,8.47,0.05,0.23,-0.13
17170,0,0,0.79,6.85,8.49,-0.01,0.09,-0.19
17223,0,0,0.85,5.90,8.30,0.11,0.03,-0.00
17276,0,0,0.97,6.37,7.98,-0.09,-0.04,-0.04
17329,0,27,0.75,6.84,8.63,0.07,-0.21,0.03
17382,88,139,0.22,6.40,8.53,0.20,-0.12,0.08
17435,304,225,0.30,6.57,8.18,-0.02,-0.06,-0.11
17488,563,370,0.68,6.42,8.28,-0.01,-0.06,-0.09
17541,927,4095,0.79,6.49,8.37,-0.07,-0.16,-0.06
17594,1395,625,0.47,6.51,8.10,-0.03,-0.26,-0.00
17647,1584,4095,0.57,6.43,8.21,0.09,-0.29,0.06
17700,1663,763,0.54,6.08,8.49,0.16,-0.28,0.08
17753,1712,784,0.55,6.00,8.79,0.15,-0.17,0.05
17806,1717,797,0.61,6.07,8.52,0.06,-0.00,0.06
17859,1654,801,0.78,6.57,8.49,-0.08,-0.01,0.07
17912,1565,789,0.45,6.62,8.17,-0.02,0.02,0.06
17965,1147,682,0.50,6.71,7.96,0.01,0.14,0.01
18018,439,560,0.84,6.77,8.25,0.09,0.06,0.04
18071,113,449,0.79,6.97,8.27,0.06,-0.17,0.05
18124,1,419,0.15,6.88,8.09,0.02,-0.38,-0.02
18177,0,349,0.19,6.35,8.34,0.09,-0.25,-0.06
18230,0,336,0.51,6.24,8.34,0.05,-0.15,-0.10
18283,0,348,0.62,6.17,8.66,0.05,-0.16,-0.03
18336,0,363,0.61,6.06,8.49,0.04,-0.12,0.03
18389,0,336,0.67,6.62,8.25,-0.09,-0.08,0.04
18442,0,401,0.45,6.87,8.34,0.00,-0.13,0.06
18495,0,433,0.32,6.57,8.19,0.09,-0.06,0.03
18548,0,4095,0.82,6.65,8.24,0.07,0.09,-0.00
18601,0,4095,0.73,6.86,8.21,-0.01,-0.22,0.01
18654,0,4095,0.38,6.72,8.25,-0.03,-0.31,-0.02
18707,0,362,0.41,6.42,8.60,0.06,-0.26,-0.01
18760,0,336,0.50,6.34,8.51,0.08,-0.17,-0.00
18813,0,270,0.62,6.22,8.49,0.02,-0.14,-0.04
18866,57,182,0.72,6.28,8.35,-0.11,-0.04,-0.03
18919,72,189,0.72,6.58,8.23,-0.11,-0.10,-0.03
18972,81,253,0.61,6.74,8.03,-0.04,-0.09,-0.00
19025,141,251,0.72,6.55,8.22,0.06,-0.05,-0.01
19078,174,269,0.91,6.38,8.10,0.12,0.02,0.01
19131,186,292,0.90,6.72,8.03,-0.02,-0.10,-0.00
19184,190,298,0.52,6.92,8.22,-0.06,-0.23,-0.01
19237,173,292,0.32,6.68,8.44,0.10,-0.22,-0.02
19290,107,304,0.65,6.39,8.55,0.14,-0.12,-0.01
19343,0,316,0.58,6.15,8.43,0.05,-0.14,-0.02
19396,0,127,0.56,6.27,8.31,-0.02,-0.17,-0.01
19449,0,0,0.38,6.61,8.19,-0.12,-0.28,-0.02
19502,0,0,0.44,6.15,8.67,0.12,-0.20,0.06
19555,0,0,1.13,6.12,8.58,0.16,0.21,0.14
19608,0,0,1.19,7.71,8.09,-0.23,-0.14,0.06
19661,0,0,-0.26,7.64,8.08,-0.18,-0.43,-0.09
19714,153,4095,-0.00,5.99,8.32,0.28,0.20,-0.22
19767,112,4095,1.22,5.64,8.28,0.23,0.56,-0.14
19820,144,4095,1.19,6.21,8.47,-0.05,0.03,0.02
19873,176,4095,0.76,6.94,7.95,-0.18,-0.44,0.20
19926,185,4095,-0.71,6.49,7.37,-0.13,-0.96,-0.04
19979,208,4095,-0.65,5.84,8.65,-0.06,-0.39,-0.01
20032,229,4095,0.56,6.99,9.05,0.00,-0.63,-0.31
20085,233,4095,-5.68,10.91,5.71,-1.60,0.93,3.38
20138,227,4095,5.92,1.29,5.83,6.56,1.64,3.82
20191,243,4095,-2.48,7.88,10.15,-1.18,-1.84,-0.91
20244,239,4095,1.90,6.45,7.31,-2.17,-0.76,-2.09
20297,243,4095,-0.32,7.95,7.61,-0.31,-0.15,-0.67
20350,249,4095,1.42,7.41,7.83,-1.04,-0.64,-0.74
20403,231,4095,-0.57,6.48,9.09,-0.45,-0.43,-0.36
20456,257,4095,0.92,5.66,8.94,0.85,0.65,0.12
20509,257,4095,1.18,5.15,8.90,-1.17,-0.19,-0.55
20562,165,4095,0.54,7.32,7.92,-0.62,-0.29,0.60
20615,0,4095,-0.77,6.49,8.34,-0.36,0.18,-0.01
20668,0,57,0.75,6.51,8.45,0.05,0.28,0.27
20721,0,0,1.49,6.63,8.54,0.27,0.91,0.64
20774,0,0,0.97,6.20,8.26,0.47,0.18,0.55
20827,0,0,0.99,7.34,8.61,0.37,0.29,0.09
20880,0,0,0.17,5.97,8.49,0.28,-0.33,-0.17
20933,0,0,-0.15,7.07,9.05,-0.09,-0.28,-0.42
20986,22,0,2.08,7.24,8.72,0.41,0.31,-0.03
21039,105,0,-0.72,5.95,7.77,0.29,0.06,0.40
21092,229,0,-1.19,5.72,8.50,0.04,0.82,0.11
21145,4095,0,-0.19,6.39,8.11,0.12,0.37,-0.11
21198,4095,0,-0.06,7.02,7.86,0.48,0.42,0.27
21251,4095,0,0.72,7.68,8.02,0.28,0.71,-0.29
21304,4095,0,-0.24,8.02,7.66,-0.03,0.37,-0.28
21357,4095,0,-0.02,8.47,7.75,-0.41,1.64,0.31
21410,4095,0,-1.02,7.64,7.29,0.59,0.71,-0.06
21463,4095,0,-1.96,6.26,7.46,0.24,1.23,-0.22
21516,4095,0,-1.02,6.63,6.57,0.02,0.56,-0.88
21569,4095,0,-2.75,7.02,7.41,0.16,0.48,-1.41
21622,4095,0,-2.13,6.18,8.28,0.62,0.58,-1.81
21675,4095,0,-3.48,6.30,6.01,0.32,-0.08,-0.25
21728,4095,0,-3.06,5.11,6.79,-0.28,-0.28,-0.41
21781,4095,0,-1.56,6.70,5.32,0.24,-1.22,0.49
21834,4095,3,-4.18,7.72,7.42,0.26,-0.79,0.21
21887,4095,33,-3.12,7.18,6.69,0.36,-0.78,0.25
21940,4095,73,-2.08,7.09,7.04,0.49,-0.78,0.90
21993,4095,4095,-2.59,7.63,6.52,0.39,-1.06,0.88
22046,4095,4095,-3.00,7.52,7.11,-0.11,-0.50,-0.58
22099,4095,4095,-3.25,6.58,7.46,0.07,-0.30,-0.58
22152,4095,4095,-2.07,7.70,6.98,0.31,-0.18,0.17
22205,4095,4095,-1.41,6.86,6.86,-0.09,0.01,-0.09
22258,4095,4095,-4.42,7.15,6.48,0.30,0.80,0.40
22311,4095,4095,-2.95,7.61,6.70,0.22,1.04,0.02
22364,4095,4095,-3.64,7.12,6.28,-0.23,2.11,0.52
22417,4095,4095,-2.18,7.46,5.82,0.09,1.94,1.16
22470,4095,4095,-2.48,8.06,5.70,0.10,1.94,1.02
22523,4095,4095,-2.03,8.35,5.41,0.16,1.50,0.60
22576,4095,4095,-2.34,8.07,4.97,0.15,1.12,0.67
22629,4095,4095,-2.25,7.06,4.49,0.42,0.67,0.26
22682,4095,4095,-2.90,8.68,4.82,0.10,0.57,0.48
22735,4095,4095,-4.15,8.12,4.24,-0.06,0.34,0.63
22788,4095,4095,-3.59,8.15,4.04,-0.07,1.18,-0.02
22841,4095,4095,-2.63,9.02,4.16,-0.41,0.75,1.03
22894,4095,4095,-2.37,8.26,2.93,-0.05,0.32,0.18
22947,4095,4095,-2.31,9.28,3.92,-0.13,0.08,0.54
23000,4095,4095,-2.31,8.77,3.85,-0.15,0.18,0.50
23053,4095,4095,-1.81,8.54,4.06,-0.29,0.09,0.08
23106,4095,4095,-2.29,7.97,3.65,-0.53,0.15,0.51
23159,4095,4095,-0.84,8.83,4.75,-0.33,-0.05,0.15
23212,4095,4095,-1.25,9.13,4.96,-0.07,-0.35,0.22
23265,4095,4095,-1.98,9.09,4.52,0.21,-0.30,-0.61
23318,4095,4095,-1.83,9.27,4.85,0.06,-0.25,0.13
23371,4095,4095,-1.95,8.44,4.46,0.01,-0.24,0.36
23424,4095,4095,-1.82,8.58,4.30,0.05,-0.23,-0.24
23477,4095,4095,-1.43,8.87,4.43,0.09,-0.33,0.04
23530,4095,4095,-1.94,8.77,4.52,0.35,-1.02,0.47
23583,4095,239,-1.25,8.25,4.47,0.26,-0.74,-0.01
23636,4095,228,-1.37,9.44,4.50,0.14,-0.54,0.11
23689,4095,223,-1.48,8.81,4.59,0.16,-0.59,0.13
23742,4095,213,-0.66,8.83,4.73,-0.27,-0.53,0.62
23795,4095,215,-0.55,8.95,4.81,-0.08,-0.46,0.68
23848,4095,219,-0.28,8.50,3.48,0.31,-1.12,-0.01
23901,4095,225,-0.72,9.66,3.85,0.23,-1.63,-0.64
23954,4095,217,-0.34,8.69,5.41,2.22,-1.61,-1.38
24007,4095,186,-0.77,9.15,3.35,1.64,-0.20,-0.05
24060,4095,160,-0.62,9.67,2.21,1.33,0.20,0.08
24113,4095,153,-0.58,9.52,1.53,0.33,-0.31,0.02
24166,4095,176,-0.74,9.62,1.53,0.27,-0.12,-0.06
24219,4095,215,-0.91,9.68,1.22,0.24,-0.05,-0.04
24272,4095,198,-1.13,9.75,1.44,-0.13,-0.37,-0.05
24325,4095,189,-0.94,9.62,1.68,-0.04,-0.06,-0.12
24378,4095,187,-0.73,9.53,1.74,0.04,-0.22,-0.04
24431,4095,235,-1.22,9.81,1.68,0.23,-0.32,0.04
24484,4095,167,-1.00,9.50,1.55,0.05,-0.33,-0.00
24537,4095,175,-0.73,9.50,1.64,0.02,-0.29,-0.02
24590,4095,185,-0.75,9.65,1.81,0.06,-0.26,0.01
24643,4095,196,-1.03,9.56,1.64,0.13,-0.23,0.05
24696,4095,191,-0.96,9.66,1.59,0.09,-0.40,0.05
24749,4095,206,-0.72,9.63,1.66,0.03,-0.72,0.11
24802,4095,203,-0.75,9.50,1.24,0.01,-0.26,0.04
24855,4095,208,-0.55,9.88,1.45,0.25,-0.24,0.01
24908,4095,198,-1.00,9.90,1.92,0.18,-0.50,0.03
24961,4095,125,-0.57,9.65,1.31,0.01,-0.52,0.04
25014,23,0,-0.76,9.61,0.96,0.31,-0.04,-0.01
25067,0,0,-0.31,9.31,0.55,0.10,-0.31,0.00
25120,0,0,-0.20,9.59,0.74,-0.19,-0.27,-0.03
25173,0,0,-1.42,10.10,0.60,0.12,0.53,0.07
25226,0,0,-0.60,9.79,1.32,-0.02,0.10,-0.03
25279,0,0,-1.11,9.60,1.17,-0.16,0.60,-0.04
25332,0,0,-0.82,9.60,1.66,0.13,-0.07,-0.19
25385,0,0,-0.66,9.26,1.07,0.32,0.10,-0.02
25438,0,0,-0.65,9.45,1.43,0.15,0.14,-0.01
25491,0,4095,-0.80,9.65,0.87,-0.01,0.09,-0.03
25544,86,4095,-0.91,9.65,1.24,-0.33,0.10,-0.03
25597,190,4095,-1.06,9.67,1.32,-0.27,-0.07,0.00
25650,266,544,-0.74,9.12,3.18,0.11,-0.07,0.02
25703,257,4095,-0.81,9.47,1.91,0.30,0.38,0.05
25756,329,458,-0.75,9.94,0.33,-0.77,-0.24,-0.02
25809,369,4095,-0.65,9.60,1.78,-0.43,-0.58,-0.01
25862,4095,4095,-0.57,9.72,1.56,0.08,0.34,0.03
25915,4095,4095,-0.76,9.66,2.04,-0.68,-0.21,-0.03
25968,4095,4095,-0.88,9.47,2.15,0.02,-0.83,-0.05
26021,4095,4095,-0.67,9.65,1.90,-0.12,-1.22,-0.10
26074,4095,4095,-0.68,9.70,2.03,-0.15,-1.37,-0.13
26127,4095,4095,-0.62,9.23,2.81,0.24,-1.73,-0.18
26180,4095,4095,-0.68,9.64,2.36,-0.07,-0.35,-0.05
26233,4095,4095,-0.61,9.61,2.35,-0.19,-0.12,-0.02
26286,4095,4095,-0.78,9.44,2.74,-0.06,-0.34,-0.03
26339,4095,591,-0.75,9.48,2.52,0.38,-0.72,-0.04
26392,4095,4095,-0.63,9.65,2.18,0.40,-0.86,-0.05
26445,4095,4095,-0.56,9.58,2.25,0.30,-0.67,-0.04
26498,4095,656,-0.51,9.70,2.08,0.22,-0.42,-0.04
26551,4095,834,-0.59,9.72,2.08,0.10,-0.18,-0.03
26604,4095,4095,-0.76,9.57,1.95,0.12,-0.09,-0.03
26657,4095,4095,-0.67,9.63,1.99,0.27,-0.09,-0.03
26710,4095,4095,-0.71,9.67,1.50,0.47,-0.30,-0.04
26763,4095,4095,-0.51,9.71,1.51,0.40,-0.25,-0.03
26816,4095,4095,-0.59,9.63,1.40,0.25,-0.14,-0.03
26869,4095,4095,-0.69,9.70,1.17,0.19,-0.00,-0.01
26922,4095,4095,-0.67,9.55,1.19,0.15,-0.06,-0.00
26975,4095,4095,-0.62,9.66,0.98,0.30,-0.18,-0.00
27028,4095,631,-0.56,9.67,0.92,0.07,-0.21,0.02
27081,4095,673,-0.58,9.67,0.91,0.06,-0.13,0.04
27134,4095,720,-0.90,9.72,0.51,0.05,-0.05,0.02
27187,4095,770,-0.52,9.64,0.81,-0.07,-0.03,0.05
27240,4095,769,-0.69,9.71,0.72,0.23,-0.32,0.06
27293,4095,813,-0.44,9.74,0.57,0.15,-0.46,0.08
27346,4095,810,-0.42,9.66,0.70,0.06,-0.25,0.04
27399,4095,810,-0.35,9.68,0.73,0.16,-0.06,-0.03
27452,4095,807,-0.35,9.67,0.68,0.05,0.27,-0.07
27505,4095,801,-0.49,9.68,0.54,0.01,0.39,-0.09
27558,4095,791,-0.59,9.65,0.43,-0.01,0.57,-0.11
27611,4095,774,-0.52,9.60,0.46,-0.06,0.64,-0.11
27664,4095,767,-0.57,9.73,0.48,0.01,0.42,-0.09
27717,4095,769,-0.65,9.63,0.42,-0.07,0.31,-0.08
27770,4095,770,-0.68,9.68,0.46,0.06,-0.12,-0.02
27823,4095,774,-0.65,9.70,0.47,0.06,-0.40,0.03
27876,4095,751,-0.55,9.65,0.51,0.07,-0.56,0.05
27929,4095,766,-0.59,9.67,0.47,0.04,-0.56,0.04
27982,4095,752,-0.53,9.65,0.50,0.03,-0.57,0.04
28035,4095,752,-0.52,9.71,0.54,-0.00,-0.56,0.04
28088,4095,785,-0.54,9.71,0.51,-0.01,-0.45,0.02
28141,4095,863,-0.56,9.69,0.53,0.04,-0.34,-0.00
28194,4095,770,-0.52,9.67,0.59,0.06,-0.29,-0.01
28247,4095,768,-0.61,9.65,0.54,0.04,-0.27,-0.01
28300,4095,788,-0.63,9.65,0.47,0.12,-0.29,-0.01
28353,4095,779,-0.57,9.66,0.45,0.11,-0.26,-0.01
28406,4095,771,-0.62,9.69,0.39,0.12,-0.17,-0.02
28459,4095,775,-0.57,9.67,0.40,0.04,-0.15,-0.02
28512,4095,775,-0.60,9.64,0.40,-0.00,-0.09,-0.02
28565,4095,768,-0.54,9.63,0.43,-0.01,-0.14,-0.02
28618,4095,769,-0.60,9.67,0.44,0.02,-0.17,-0.01
28671,4095,768,-0.58,9.66,0.42,0.03,-0.14,-0.02
28724,4095,775,-0.57,9.67,0.46,0.03,-0.24,-0.01
28777,4095,779,-0.64,9.65,0.30,0.07,-0.22,-0.01
28830,4095,771,-0.62,9.66,0.37,0.03,-0.15,-0.02
28883,4095,777,-0.63,9.66,0.32,0.06,-0.15,-0.02
28936,4095,780,-0.60,9.70,0.33,0.03,-0.12,-0.02
28989,4095,787,-0.62,9.65,0.32,0.03,-0.12,-0.03
29042,4095,784,-0.62,9.66,0.34,0.01,-0.04,-0.04
29095,4095,778,-0.62,9.65,0.37,0.02,-0.13,-0.03
29148,4095,777,-0.66,9.66,0.34,0.01,-0.16,-0.02
29201,4095,781,-0.68,9.65,0.36,0.00,-0.15,-0.02
29254,4095,784,-0.67,9.61,0.40,0.01,-0.16,-0.02
29307,4095,787,-0.68,9.63,0.37,0.02,-0.14,-0.02
29360,4095,771,-0.65,9.65,0.34,0.02,-0.14,-0.02
29413,4095,778,-0.66,9.67,0.34,0.04,-0.13,-0.02
29466,4095,784,-0.68,9.65,0.32,0.04,-0.13,-0.03
29519,4095,785,-0.72,9.65,0.34,0.04,-0.13,-0.03
29572,4095,783,-0.71,9.68,0.31,0.02,-0.14,-0.03
29625,4095,783,-0.76,9.64,0.34,0.02,-0.14,-0.02
29678,4095,771,-0.69,9.66,0.39,0.02,-0.13,-0.02
29731,4095,768,-0.72,9.68,0.37,0.04,-0.10,-0.02
29784,4095,720,-0.73,9.67,0.34,0.06,-0.08,-0.03
29837,4095,721,-0.69,9.64,0.32,0.05,-0.10,-0.03
29890,4095,711,-0.74,9.59,0.27,0.06,-0.09,-0.02
29943,4095,720,-0.73,9.63,0.28,0.06,-0.09,-0.02
29996,4095,719,-0.72,9.63,0.20,0.06,-0.09,-0.02
30049,4095,724,-0.71,9.63,0.17,0.04,-0.11,-0.02
30102,4095,710,-0.70,9.62,0.25,0.04,-0.13,-0.02
30155,4095,718,-0.79,9.57,0.22,0.03,-0.17,-0.02
30208,4095,710,-0.75,9.61,0.19,0.03,-0.13,-0.02
30261,4095,727,-0.77,9.68,0.14,0.04,-0.10,-0.02
30314,4095,715,-0.75,9.65,0.13,0.04,-0.07,-0.02
30367,4095,717,-0.75,9.65,0.17,0.04,-0.11,-0.02
30420,4095,708,-0.75,9.64,0.23,0.04,-0.11,-0.02
30473,4095,698,-0.70,9.62,0.18,0.05,-0.07,-0.02
30526,4095,709,-0.74,9.62,0.06,0.05,-0.05,-0.03
30579,4095,721,-0.79,9.57,0.06,0.04,-0.07,-0.03
30632,4095,721,-0.75,9.59,0.07,0.04,-0.13,-0.03
30685,4095,709,-0.84,9.62,0.03,0.06,-0.09,-0.04
30738,4095,688,-0.83,9.56,-0.03,0.10,-0.06,-0.05
30791,4095,658,-0.75,9.56,-0.03,0.06,-0.10,-0.04
30844,4095,651,-0.70,9.66,0.03,0.06,-0.11,-0.05
30897,4095,638,-0.86,9.65,0.01,0.09,-0.09,-0.06
30950,4095,606,-1.05,9.57,0.16,0.09,-0.05,-0.07
31003,4095,586,-0.62,9.87,-0.09,0.15,0.07,-0.10
31056,4095,575,-0.90,9.56,-0.53,0.09,-0.03,-0.08
31109,4095,568,-0.91,9.63,-0.43,0.08,-0.04,-0.09
31162,53,563,-0.99,9.46,-0.46,0.14,-0.04,-0.09
31215,13,528,-1.04,9.59,-0.33,0.18,-0.10,-0.09
31268,1,426,-1.06,9.60,-0.49,0.18,-0.08,-0.09
31321,0,373,-1.15,9.67,-0.68,0.19,-0.04,-0.10
31374,0,279,-0.93,9.52,-0.87,0.17,0.01,-0.12
31427,0,226,-1.10,9.67,-0.57,0.25,0.03,-0.11
31480,0,190,-1.22,9.61,-0.71,0.30,0.09,-0.13
31533,0,205,-1.36,9.66,-1.06,0.37,0.22,-0.13
31586,0,185,-1.21,9.50,-1.33,0.36,0.29,-0.13
31639,0,154,-1.15,9.15,-1.81,0.35,0.36,-0.13
31692,0,132,-1.14,8.95,-1.99,0.23,0.24,-0.13
31745,0,110,-1.29,9.04,-2.35,0.31,0.30,-0.15
31798,0,118,-1.32,9.09,-2.17,0.23,-0.03,-0.09
31851,0,82,-1.45,9.08,-2.14,0.26,0.05,-0.08
31904,0,0,-1.35,9.28,-2.02,0.32,0.14,-0.07
31957,0,0,-1.22,9.04,-2.57,0.32,0.22,-0.04
32010,0,0,-1.00,8.77,-3.11,0.25,0.33,-0.13
32063,0,0,-0.90,8.80,-3.10,0.27,0.33,-0.11
32116,0,0,-1.09,8.52,-3.24,0.21,0.21,-0.07
32169,0,0,-1.02,8.45,-3.32,0.21,0.09,-0.05
32222,0,0,-0.95,8.54,-3.35,0.17,-0.03,-0.01
32275,0,0,-0.99,8.64,-3.49,0.14,-0.11,0.01
32328,0,0,-1.02,8.82,-3.27,0.13,-0.13,0.00
32381,0,0,-0.68,8.85,-3.20,0.11,-0.16,0.01
32434,0,0,-1.06,8.71,-3.42,0.14,-0.13,0.00
32487,0,0,-0.89,8.53,-3.49,0.16,-0.09,-0.00
32540,0,0,-1.11,8.25,-3.55,0.08,0.02,-0.04
32593,0,0,-0.84,8.41,-3.67,0.01,0.04,-0.05
32646,0,0,-0.99,8.43,-3.85,0.03,-0.02,-0.06
32699,0,0,-1.10,8.30,-3.63,-0.00,-0.10,-0.06
32752,0,0,-1.05,8.65,-3.64,-0.05,-0.05,-0.15
32805,0,0,-1.04,8.72,-3.69,-0.04,-0.07,-0.17
32858,0,0,-1.08,8.64,-3.51,-0.04,0.02,-0.10
32911,0,0,-0.97,8.61,-3.48,-0.02,0.10,-0.03
32964,0,0,-0.87,8.63,-3.45,0.06,0.09,0.01
33017,0,0,-0.78,8.59,-3.60,0.14,-0.03,0.07
33070,0,0,-0.91,8.47,-3.65,0.12,-0.04,0.09
33123,0,0,-0.86,8.57,-3.72,0.14,-0.00,0.08
33176,4095,0,-0.77,8.68,-3.78,0.12,0.06,0.05
33229,4095,0,-0.69,8.52,-3.83,0.10,0.09,0.00
33282,4095,0,-0.53,8.42,-3.85,0.13,0.06,-0.02
33335,4095,0,-0.40,8.32,-4.04,0.16,0.10,-0.02
33388,4095,0,-0.39,8.23,-4.17,0.15,0.05,-0.01
33441,4095,0,-0.24,8.16,-4.29,0.09,-0.03,0.01
33494,4095,0,-0.36,8.15,-4.25,-0.00,-0.15,0.01
33547,4095,0,-0.22,8.12,-4.34,-0.04,-0.17,0.01
33600,352,0,-0.46,8.25,-4.03,-0.10,-0.18,-0.01
33653,2691,0,-0.39,8.46,-4.13,-0.06,0.04,-0.03
33706,336,0,-0.35,8.38,-4.24,-0.06,-0.01,-0.01
33759,2629,0,-0.39,8.54,-3.94,-0.04,-0.14,0.02
33812,4095,0,-0.22,8.52,-3.98,-0.06,-0.22,0.03
33865,4095,47,-0.45,8.43,-3.85,0.12,0.07,-0.01
33918,4095,81,-0.30,8.68,-3.99,0.19,-0.00,-0.01
33971,4095,81,-0.19,8.61,-3.97,0.11,0.06,-0.03
34024,4095,61,-0.12,8.53,-3.98,0.10,-0.13,0.01
34077,4095,16,-0.04,8.47,-4.07,0.11,-0.13,0.03
34130,4095,0,0.01,8.25,-4.31,0.05,-0.15,0.04
34183,176,0,-0.23,8.06,-4.10,0.04,-0.14,0.03
34236,252,0,-0.26,8.20,-3.96,0.02,-0.04,-0.03
34289,278,0,-0.27,8.36,-4.15,0.03,0.11,-0.09
34342,267,0,-0.31,8.47,-3.87,0.03,0.29,-0.17
34395,4095,0,-0.02,8.55,-4.25,0.05,0.41,-0.24
34448,4095,0,0.00,8.52,-4.13,0.02,0.27,-0.26
34501,4095,0,-0.18,8.43,-4.82,-0.11,-0.98,0.09
34554,931,0,0.07,8.20,-4.27,0.05,0.27,-0.23
34607,1775,0,0.75,7.52,-6.57,0.20,0.00,-0.04
34660,4095,0,-0.17,8.09,-3.75,0.10,-0.32,0.11
34713,4095,0,-0.09,8.35,-4.34,0.03,-0.11,0.01
34766,193,0,0.08,7.90,-4.69,0.02,-0.15,0.04
34819,4095,0,-0.14,7.93,-4.51,-0.12,-0.17,0.04
34872,4095,0,-0.20,7.84,-4.44,-0.20,-0.13,-0.03
34925,4095,0,-0.12,8.35,-4.28,-0.30,-0.22,-0.03
34978,4095,0,-0.18,8.51,-3.80,-0.22,-0.05,-0.09
35031,4095,205,0.05,8.62,-3.88,-0.04,-0.04,-0.02
35084,4095,417,-0.01,8.65,-3.77,-0.13,-0.04,0.01
35137,4095,481,0.10,8.37,-3.71,-0.41,0.04,-0.03
35190,4095,4095,-0.04,8.54,-3.81,-0.67,-0.33,0.08
35243,4095,4095,0.10,8.75,-3.11,-0.64,-0.54,0.11
35296,4095,4095,-0.31,9.07,-2.88,-0.61,-0.31,-0.06
35349,0,655,-0.48,9.80,-2.28,-0.40,-0.39,-0.03
35402,0,4095,-0.09,9.11,-2.32,-0.13,-0.27,-0.01
35455,192,4095,-0.15,9.13,-2.57,-0.05,-0.14,-0.05
35508,399,677,-0.28,9.62,-2.14,-0.03,0.10,-0.07
35561,573,836,-0.07,9.16,-2.48,-0.01,0.16,-0.11
35614,752,1047,-0.00,9.33,-2.45,0.06,-0.02,-0.03
35667,819,749,0.14,9.28,-2.05,0.10,-0.16,-0.03
35720,942,773,-0.17,9.14,-2.24,-0.06,-0.21,-0.07
35773,1088,790,-0.51,9.05,-2.24,-0.02,-0.10,-0.04
35826,1225,817,-0.09,9.27,-2.19,0.03,0.12,-0.03
35879,1314,835,0.24,9.17,-2.25,-0.03,-0.15,-0.00
35932,1428,866,-0.51,9.25,-2.08,-0.10,-0.11,-0.01
35985,1495,887,0.00,9.24,-2.16,0.00,-0.14,0.03
36038,1535,912,-0.29,9.14,-2.82,0.07,-0.23,-0.00
36091,1563,915,-0.03,9.18,-2.65,0.12,-0.07,-0.09
36144,1616,917,-0.27,9.20,-2.29,0.10,-0.10,-0.11
36197,1619,901,-0.18,9.10,-1.89,0.08,-0.22,-0.06
36250,1629,896,-0.47,9.12,-1.69,-0.03,-0.34,0.04
36303,1648,897,0.15,9.24,-2.01,0.12,-0.28,0.12
36356,1637,884,-0.53,8.99,-2.71,0.23,-0.26,0.08
36409,1621,802,-0.28,9.29,-2.29,-0.09,-0.46,0.13
36462,1375,691,-0.19,9.20,-2.25,0.12,-0.20,0.10
36515,1135,567,-0.27,8.80,-2.46,0.29,0.03,0.06
36568,802,470,0.21,8.88,-1.99,0.20,-0.05,0.07
36621,604,385,0.07,9.34,-3.68,0.51,0.08,0.06
36674,338,254,0.04,9.24,-2.97,0.11,0.22,0.03
36727,177,234,0.23,8.60,-3.06,0.18,0.04,0.07
36780,141,250,0.53,8.84,-3.18,0.01,0.05,-0.02
36833,113,275,0.35,9.11,-3.34,0.10,0.02,-0.05
36886,71,320,0.25,8.83,-3.27,0.01,0.08,-0.10
36939,59,350,0.27,8.85,-3.08,-0.07,0.09,-0.15
36992,64,358,0.21,8.84,-3.07,0.01,0.35,-0.14
37045,90,343,0.27,8.78,-3.18,-0.03,0.31,-0.10
37098,70,330,0.39,8.90,-3.01,0.03,0.24,-0.02
37151,77,329,0.40,8.91,-3.12,-0.13,0.06,-0.04
37204,68,322,0.58,9.00,-3.08,0.05,-0.05,0.02
37257,54,298,0.65,8.91,-3.05,0.03,-0.15,0.02
37310,64,338,0.52,8.95,-2.95,-0.01,-0.11,-0.02
37363,64,347,0.51,9.00,-3.08,0.01,-0.07,-0.02
37416,55,337,0.56,8.95,-2.99,-0.01,0.03,-0.05
37469,34,336,0.61,9.05,-2.90,-0.03,0.12,-0.06
37522,0,299,0.54,9.26,-2.56,0.01,-0.11,0.01
37575,0,278,0.36,8.87,-2.96,0.17,0.17,0.04
37628,4095,243,1.10,8.68,-2.80,0.15,0.03,0.06
37681,4095,255,1.03,8.68,-3.13,0.15,-0.13,0.06
37734,4095,275,0.93,8.92,-3.07,-0.02,-0.30,-0.02
37787,4095,268,0.62,8.93,-3.24,0.06,-0.22,-0.06
37840,4095,264,0.45,9.19,-3.22,0.16,-0.05,-0.09
37893,4095,4095,0.67,8.92,-3.45,0.12,-0.02,-0.06
37946,4095,187,0.64,9.03,-3.40,0.21,-0.05,-0.01
37999,4095,191,0.64,9.06,-3.42,0.22,-0.09,0.01
38052,4095,133,0.50,9.06,-3.36,0.31,-0.03,0.04
38105,4095,99,0.57,8.85,-3.59,0.34,0.30,-0.01
38158,4095,111,0.99,8.69,-3.54,0.55,0.35,0.00
38211,0,176,0.91,8.36,-4.07,0.65,0.43,-0.05
38264,0,309,1.40,8.83,-4.38,0.76,0.63,-0.17
38317,0,336,1.53,8.11,-4.58,0.88,0.80,-0.21
38370,0,339,1.87,7.49,-5.03,0.79,0.53,-0.18
38423,0,338,1.78,7.21,-5.14,0.67,0.60,-0.13
38476,0,307,1.84,7.51,-5.49,0.82,0.51,-0.12
38529,0,229,2.20,6.83,-5.63,0.61,0.54,-0.14
38582,0,206,2.40,6.85,-5.76,0.51,0.38,-0.15
38635,0,203,2.43,6.62,-6.10,0.62,0.44,-0.13
38688,0,4095,2.58,6.92,-6.26,0.60,0.48,-0.29
38741,0,4095,2.66,6.55,-6.61,0.69,0.71,-0.37
38794,0,4095,2.90,6.16,-6.64,0.80,0.88,-0.51
38847,0,378,3.06,6.34,-6.03,0.80,0.90,-0.39
38900,0,4095,3.82,6.32,-6.95,0.49,0.70,-0.02
38953,0,119,4.01,5.17,-6.52,0.70,0.65,-0.24
39006,0,62,4.22,4.78,-6.56,0.65,0.44,-0.27
39059,0,0,4.47,4.63,-6.59,0.52,0.44,-0.02
39112,0,0,4.80,4.15,-6.21,0.21,-0.09,0.00
39165,0,0,4.74,3.96,-6.25,-0.02,-0.51,0.30
39218,0,0,4.43,4.05,-6.55,-0.08,-0.84,0.50
39271,0,0,3.62,3.80,-6.37,-0.09,-0.99,0.78
39324,0,0,3.45,4.15,-6.69,-0.61,-1.13,0.84
39377,0,0,4.76,5.22,-7.63,-0.03,-0.85,1.31
39430,0,0,3.49,4.99,-7.47,-1.02,-0.79,0.85
39483,0,0,3.45,5.87,-6.98,-1.23,-0.76,0.18
39536,0,0,3.25,6.41,-6.97,-1.03,-0.71,-0.03
39589,0,0,2.77,6.45,-6.62,-0.39,-0.30,-0.11
39642,0,0,2.87,6.34,-6.40,0.09,-0.04,-0.18
39695,0,0,3.08,6.12,-6.56,0.34,-0.11,0.08
39748,0,0,3.18,5.92,-6.60,0.11,-0.21,0.04
39801,0,0,3.29,5.96,-6.39,-0.46,-0.32,-0.16
39854,0,43,3.11,6.05,-6.20,-0.42,-0.32,-0.10
39907,0,87,3.04,6.19,-6.19,-0.35,-0.44,0.04
39960,0,129,2.85,6.17,-6.09,-0.52,-0.60,0.04
40013,0,165,2.45,6.33,-6.14,-0.68,-0.60,-0.04
40066,0,151,2.38,6.93,-5.75,-0.63,-0.48,0.06
40119,0,145,2.13,7.09,-5.62,-0.67,-0.49,-0.06
40172,0,151,2.09,7.19,-5.58,-0.65,-0.51,-0.14
40225,0,128,2.27,7.79,-4.95,-0.75,-0.42,-0.18
40278,0,101,1.51,8.25,-4.62,-0.71,-0.53,-0.27
40331,0,94,1.30,8.40,-4.52,-0.57,-0.52,-0.25
40384,0,91,1.17,8.34,-4.24,-0.33,-0.35,-0.13
40437,4095,110,1.11,8.23,-4.18,-0.31,-0.37,-0.12
40490,4095,110,0.89,8.45,-3.96,-0.41,-0.19,-0.23
40543,4095,96,0.76,8.66,-3.47,-0.35,0.01,-0.25
40596,4095,89,0.45,9.25,-3.19,-0.16,-0.12,-0.14
40649,4095,112,0.37,9.16,-3.17,-0.08,-0.03,0.01
40702,4095,106,0.68,8.69,-3.28,0.04,0.04,0.02
40755,4095,122,0.98,8.73,-3.41,0.02,-0.02,0.05
40808,4095,151,0.96,8.83,-3.38,-0.06,-0.17,0.06
40861,4095,135,1.05,8.86,-3.56,-0.02,-0.33,0.14
40914,4095,146,1.04,8.71,-3.51,-0.10,-0.40,0.12
40967,4095,186,1.13,8.78,-3.65,-0.12,-0.35,0.10
41020,4095,176,1.01,8.72,-3.38,-0.09,-0.36,0.08
41073,4095,176,1.19,8.63,-3.32,-0.03,-0.27,0.06
41126,4095,270,0.93,8.88,-3.32,-0.11,-0.32,0.03
41179,4095,204,1.10,8.68,-3.43,-0.06,-0.18,0.02
41232,4095,206,1.10,8.78,-3.36,-0.07,-0.06,-0.02
41285,4095,222,1.06,8.91,-3.35,-0.05,-0.05,-0.02
41338,4095,214,1.09,8.83,-3.28,0.00,-0.07,-0.01
41391,4095,219,1.08,8.82,-3.05,-0.07,-0.06,-0.04
41444,4095,235,1.09,8.88,-2.94,-0.02,-0.12,0.00
41497,4095,225,1.14,8.89,-3.17,-0.00,-0.17,0.03
41550,4095,235,1.13,8.91,-3.17,-0.02,-0.21,0.03
41603,4095,230,1.13,8.99,-3.21,0.02,-0.21,0.04
41656,4095,231,1.17,8.93,-3.26,0.04,-0.18,0.04
41709,4095,227,0.97,8.75,-2.96,0.03,-0.07,0.04
41762,4095,226,1.31,9.04,-3.22,0.08,-0.03,0.06
41815,4095,227,1.54,8.79,-3.38,0.08,-0.21,0.05
41868,4095,224,1.21,8.87,-3.17,-0.05,-0.24,0.00
41921,4095,234,1.11,8.84,-3.23,-0.05,-0.25,-0.00
41974,4095,219,1.13,8.90,-3.09,0.02,-0.15,0.02
42027,4095,234,1.34,8.86,-3.25,0.06,-0.12,0.03
42080,4095,239,1.38,8.77,-3.17,0.04,-0.26,0.03
42133,4095,215,1.16,8.86,-3.20,0.02,-0.27,0.03
42186,4095,230,1.12,8.78,-3.32,0.06,-0.15,0.02
42239,4095,219,1.32,8.75,-3.19,0.04,-0.10,0.01
42292,4095,231,1.27,8.83,-3.10,0.03,-0.16,0.02
42345,4095,231,1.23,8.77,-3.12,0.09,-0.17,0.08
42398,4095,243,1.44,8.83,-3.37,0.09,-0.17,0.14
42451,4095,243,1.42,8.71,-3.62,0.04,-0.24,0.05
42504,4095,238,1.32,8.77,-3.47,0.06,-0.18,0.01
42557,4095,230,1.41,8.79,-3.36,0.12,-0.11,0.02
42610,4095,219,1.45,8.84,-3.28,0.00,-0.10,-0.03
42663,4095,218,1.39,8.66,-3.39,0.01,-0.14,-0.02
42716,4095,219,1.49,8.86,-3.34,0.02,-0.16,-0.01
42769,4095,183,1.38,8.62,-3.47,0.07,-0.16,0.01
42822,4095,208,1.41,8.65,-3.76,0.17,-0.12,0.06
42875,4095,150,1.36,8.68,-3.47,0.05,-0.05,-0.12
42928,4095,189,1.21,8.69,-3.25,0.02,0.06,-0.11
42981,4095,174,1.32,8.65,-3.17,-0.01,0.00,-0.06
43034,4095,179,1.51,8.65,-3.37,0.02,-0.14,0.02
43087,4095,180,1.46,8.60,-3.56,0.01,-0.23,0.03
43140,4095,185,1.32,8.71,-3.45,-0.00,-0.22,0.01
43193,4095,195,1.39,8.76,-3.46,0.01,-0.14,0.03
43246,4095,199,1.48,8.68,-3.50,-0.02,-0.12,-0.03
43299,4095,203,1.40,8.68,-3.37,0.01,-0.08,-0.03
43352,4095,205,1.38,8.76,-3.43,0.01,-0.06,-0.04
43405,4095,213,1.44,8.77,-3.39,-0.01,-0.04,-0.04
43458,4095,207,1.45,8.73,-3.31,0.01,-0.05,-0.02
43511,4095,209,1.47,8.70,-3.35,0.03,-0.08,0.01
43564,4095,210,1.44,8.69,-3.36,0.03,-0.10,0.01
43617,4095,219,1.50,8.71,-3.44,0.04,-0.08,0.01
43670,4095,222,1.53,8.73,-3.26,-0.06,-0.09,-0.10
43723,4095,226,1.75,8.82,-3.75,0.20,0.25,-0.10
43776,4095,234,1.41,8.73,-3.27,-0.35,0.23,-0.31
43829,4095,250,1.30,8.77,-3.28,-0.03,0.30,-0.19
43882,4095,246,1.33,8.84,-2.77,-0.25,0.14,-0.23
43935,4095,253,1.40,8.80,-3.15,0.21,0.06,0.08
43988,4095,252,1.57,8.83,-3.28,-0.03,-0.02,-0.02
44041,4095,256,1.67,8.71,-3.27,0.04,-0.11,0.04
44094,4095,253,1.49,8.78,-3.18,-0.09,0.02,-0.09
44147,4095,211,1.22,8.80,-3.45,0.11,0.62,-0.19
44200,4095,139,1.82,8.78,-2.68,0.04,0.46,-0.12
44253,4095,91,1.93,8.96,-2.76,0.06,0.34,-0.08
44306,4095,78,2.08,8.95,-2.79,0.03,0.03,-0.06
44359,4095,74,2.09,8.87,-2.78,0.05,-0.37,0.03
44412,4095,76,1.69,9.00,-3.18,-0.08,-0.31,0.05
44465,4095,74,1.67,8.80,-3.07,-0.07,-0.54,0.06
44518,4095,65,1.54,8.78,-3.25,-0.05,-0.30,-0.01
44571,4095,0,1.79,8.81,-3.06,-0.07,-0.12,-0.06
44624,4095,0,1.75,8.94,-2.61,-0.07,-0.09,-0.10
44677,4095,0,1.64,9.00,-2.81,0.09,-0.08,-0.02
44730,4095,0,1.58,8.71,-3.08,0.03,-0.04,-0.05
44783,4095,0,1.63,8.88,-2.75,-0.02,0.13,-0.09
44836,4095,0,1.70,8.88,-2.92,-0.03,0.14,-0.10
44889,4095,0,1.69,8.94,-2.84,0.02,0.12,-0.09
44942,4095,0,1.88,8.91,-2.83,-0.00,0.06,-0.08
44995,4095,0,1.91,8.94,-2.63,-0.04,-0.17,-0.06
45048,4095,0,1.93,9.04,-2.66,0.01,-0.33,-0.00
45101,4095,0,1.65,9.06,-2.80,0.12,-0.64,0.12
45154,4095,0,1.69,8.98,-2.78,0.16,-0.94,0.20
45207,4095,0,1.64,8.87,-3.13,0.08,-0.75,0.10
45260,4095,0,1.70,8.85,-2.97,0.04,-0.85,0.15
45313,4095,0,1.34,8.89,-3.22,0.14,-0.77,0.17
45366,4095,0,1.51,8.69,-3.27,0.16,-0.69,0.13
45419,4095,0,1.28,8.88,-3.50,0.15,-0.55,0.17
45472,4095,0,1.07,8.64,-3.50,0.06,-0.46,0.04
45525,4095,0,1.19,8.63,-3.48,0.04,-0.28,-0.01
45578,4095,0,1.12,8.64,-3.51,0.05,-0.14,-0.03
45631,4095,0,1.19,8.69,-3.41,-0.03,-0.10,-0.03
45684,4095,0,1.25,8.67,-3.40,-0.05,-0.12,-0.00
45737,4095,0,1.30,8.82,-3.32,-0.01,-0.16,0.04
45790,4095,0,1.14,8.35,-3.34,0.06,-0.13,0.30
45843,4095,0,1.43,8.67,-3.48,0.08,-0.16,0.11
45896,4095,0,1.51,8.71,-3.51,0.07,-0.10,0.14
45949,4095,0,1.54,8.66,-3.48,0.03,-0.12,0.04
46002,4095,0,1.57,8.66,-3.52,0.03,-0.12,0.03
46055,4095,0,1.58,8.67,-3.50,0.02,-0.10,-0.00
46108,4095,0,1.58,8.64,-3.41,0.04,-0.10,0.01
46161,4095,0,1.64,8.65,-3.56,0.15,-0.15,0.10
46214,4095,0,1.81,8.93,-3.62,0.26,-0.22,0.17
46267,4095,0,1.82,8.34,-3.84,0.25,-0.33,0.16
46320,4095,0,1.77,8.24,-4.01,0.17,-0.21,0.09
46373,4095,0,1.71,8.43,-3.98,0.11,-0.21,-0.02
46426,4095,0,1.74,8.37,-4.07,0.11,-0.06,-0.04
46479,4095,0,1.76,8.45,-4.13,0.10,0.01,-0.10
46532,4095,0,1.71,8.13,-4.29,0.09,0.14,-0.20
46585,4095,0,2.31,7.89,-4.57,-0.06,0.18,-0.25
46638,4095,0,2.65,7.75,-4.73,-0.34,0.24,-0.37
46691,4095,0,2.21,8.05,-4.03,-0.68,0.43,-0.78
46744,4095,0,2.14,9.05,-3.12,-0.72,1.33,-0.49
46797,4095,0,-0.15,9.76,-0.49,-0.92,1.53,-0.47
46850,4095,0,-5.37,12.82,14.36,-0.78,-5.43,-3.76
46903,0,0,-11.46,3.01,-6.89,-6.08,-6.08,-2.47
46956,0,0,2.70,13.63,2.50,-1.95,2.46,-0.39
47009,0,0,2.85,12.41,-2.35,-0.90,-0.47,0.97
47062,0,0,1.97,9.43,-0.33,0.75,-0.23,0.36
47115,0,0,1.94,10.30,0.64,-0.05,-0.92,0.02
47168,0,0,0.23,9.39,0.50,0.45,-0.35,-0.07
47221,4095,0,2.58,8.94,-0.10,-0.10,-0.08,-0.05
47274,4095,0,1.24,9.04,0.05,0.03,-0.63,0.11
47327,0,0,1.41,9.54,0.09,-0.17,-0.17,-0.11
47380,4095,135,1.87,9.60,0.00,-0.07,-0.33,0.10
47433,4095,417,1.41,9.38,-0.01,-0.13,-0.27,0.07
47486,4095,4095,1.63,10.06,0.41,-0.07,-0.19,0.06
47539,4095,4095,1.51,9.57,0.01,-0.03,-0.20,0.01
47592,4095,663,1.60,9.75,0.26,-0.04,-0.10,-0.08
47645,4095,706,1.80,9.92,0.01,-0.01,-0.21,0.00
47698,4095,814,1.45,9.47,0.10,0.11,-0.21,0.02
47751,4095,982,1.71,9.48,0.15,-0.02,-0.06,-0.03
47804,4095,1072,1.92,9.80,-0.05,-0.10,-0.26,-0.00
47857,4095,1127,1.66,9.90,0.07,0.02,-0.27,0.13
47910,4095,1129,1.50,9.68,0.28,-0.03,-0.31,0.09
47963,4095,1128,1.73,10.04,0.02,-0.02,-0.17,-0.05
48016,4095,1104,1.68,9.85,0.34,0.18,-0.29,-0.03
48069,4095,1089,1.24,9.28,0.56,0.11,-0.16,-0.07
48122,4095,1136,1.98,9.58,0.12,-0.01,-0.03,-0.09
48175,4095,1129,1.49,9.54,0.15,0.16,-0.23,0.05
48228,4095,976,1.81,9.43,0.09,0.04,0.05,-0.12
48281,4095,528,1.83,9.25,0.18,0.13,-0.10,-0.01
48334,4095,5,1.78,9.21,0.09,0.03,-0.18,0.00
48387,0,0,1.64,9.25,0.12,-0.10,-0.00,0.05
48440,0,0,2.11,9.82,-0.16,-0.15,-0.23,0.21
48493,0,0,1.54,9.70,-0.13,-0.04,-0.12,0.06
48546,0,0,1.91,9.84,0.26,0.04,-0.12,0.08
48599,0,0,1.47,9.49,0.23,0.05,-0.20,0.07
48652,0,0,1.98,9.57,0.26,-0.04,-0.02,-0.03
48705,4095,0,1.96,9.70,0.11,-0.08,-0.16,-0.01
48758,4095,64,1.94,9.58,0.23,-0.02,-0.10,0.00
48811,4095,313,1.96,10.01,0.10,0.05,-0.08,-0.06
48864,4095,571,1.84,9.16,0.30,0.15,-0.08,0.01
48917,4095,818,2.04,9.57,0.25,0.01,-0.15,0.01
48970,4095,925,1.81,9.30,0.14,0.01,-0.12,0.08
49023,4095,954,1.96,9.60,0.22,-0.06,-0.17,0.10
49076,4095,969,1.89,9.76,0.08,-0.02,-0.14,0.06
49129,4095,1005,2.05,9.67,0.25,-0.00,-0.04,-0.05
49182,4095,1023,1.81,9.51,0.28,0.01,-0.18,-0.01
49235,4095,1116,2.26,9.74,0.10,-0.07,-0.09,-0.03
49288,4095,1104,1.76,9.72,0.46,0.05,-0.27,0.09
49341,4095,1157,2.03,9.63,0.43,0.05,-0.11,0.08
49394,4095,839,2.22,9.66,0.26,-0.01,-0.15,-0.04
49447,0,717,2.02,9.51,0.46,0.09,-0.08,-0.09
49500,0,436,2.28,9.29,0.21,-0.03,-0.15,-0.11
49553,0,0,2.05,9.68,0.29,0.06,-0.26,0.02
49606,0,0,2.08,8.89,0.30,0.03,0.00,-0.03
49659,0,0,2.22,9.73,0.40,-0.04,-0.35,0.09
49712,0,0,1.92,9.42,0.07,-0.11,-0.15,-0.01
49765,0,0,2.18,9.75,0.58,-0.05,-0.26,0.24
49818,0,0,1.87,9.66,0.17,-0.09,-0.26,0.13
49871,0,0,2.19,9.62,0.45,0.03,-0.05,0.02
49924,0,0,2.24,9.42,0.43,0.04,-0.11,-0.01
49977,0,0,2.45,9.36,0.37,0.01,-0.04,-0.08
50030,0,0,2.27,9.61,0.39,-0.02,-0.23,-0.06
50083,80,92,2.27,9.60,0.37,0.05,-0.03,-0.04
50136,374,298,2.14,9.43,0.50,0.06,-0.22,0.06
50189,4095,547,2.39,9.55,0.34,-0.03,-0.08,0.03
50242,4095,778,2.14,9.33,0.45,0.06,-0.13,0.12
50295,4095,976,2.38,9.54,0.50,-0.06,-0.12,0.01
50348,4095,1045,2.25,9.55,0.37,0.00,-0.07,-0.00
50401,4095,1093,2.50,9.68,0.43,-0.02,-0.13,-0.06
50454,4095,1146,2.36,9.41,0.38,-0.01,-0.10,-0.04
50507,4095,1219,2.31,9.66,0.54,0.03,-0.15,0.01
50560,4095,1425,2.51,9.71,0.44,-0.00,-0.16,-0.00
50613,4095,4095,2.25,9.43,0.45,0.10,-0.13,0.04
50666,4095,1082,2.23,9.36,0.60,-0.00,-0.11,-0.09
50719,4095,944,2.59,9.54,0.35,-0.01,-0.13,-0.07
50772,4095,752,2.20,9.44,0.44,0.02,-0.13,-0.02
50825,4095,606,2.28,9.66,0.43,-0.03,-0.19,0.00
50878,0,480,2.37,9.71,0.36,0.04,-0.23,0.03
50931,0,0,2.24,9.38,0.40,-0.02,-0.12,-0.06
50984,0,0,2.20,9.67,0.51,0.02,-0.30,-0.01
51037,0,0,2.07,9.50,0.46,-0.04,-0.19,-0.04
51090,0,0,2.19,9.75,0.35,0.04,-0.14,0.00
51143,0,0,1.99,9.32,0.54,0.03,-0.19,0.06
51196,0,0,2.78,9.98,0.40,-0.17,-0.13,-0.05
51249,0,80,1.83,10.17,0.74,0.12,-0.41,0.15
51302,0,233,2.14,9.10,0.81,0.11,0.09,-0.14
51355,55,337,2.19,9.13,0.98,0.13,-0.00,-0.04
51408,229,475,3.06,9.27,0.22,-0.12,0.12,-0.18
51461,4095,585,2.15,8.83,0.64,0.07,-0.16,0.16
51514,4095,663,2.43,9.12,0.69,-0.32,0.11,0.01
51567,4095,695,3.12,9.83,0.59,-0.32,-0.15,0.39
51620,4095,703,2.19,10.35,0.69,-0.16,-0.37,0.27
51673,4095,717,2.43,9.51,1.00,-0.02,-0.09,0.22
51726,4095,733,2.67,10.00,0.81,0.03,-0.11,-0.07
51779,4095,733,2.60,9.74,0.93,0.03,-0.18,-0.15
51832,4095,737,2.55,9.43,0.99,0.12,-0.05,-0.14
51885,4095,643,2.74,9.53,0.83,0.08,-0.11,-0.12
51938,4095,636,2.50,9.06,0.91,0.11,-0.09,-0.01
51991,4095,656,2.38,9.33,1.07,0.10,-0.11,0.07
52044,4095,589,2.73,8.93,0.78,-0.00,0.06,0.05
52097,4095,546,2.78,9.67,0.85,-0.11,-0.10,0.05
52150,4095,524,2.91,9.91,0.66,-0.05,-0.20,0.06
52203,4095,511,2.48,9.84,0.87,0.03,-0.29,-0.01
52256,4095,490,2.55,8.97,1.04,0.10,-0.02,-0.04
52309,4095,434,2.64,9.62,1.00,-0.02,-0.27,0.01
52362,4095,385,2.63,9.15,0.84,-0.02,0.00,-0.05
52415,4095,299,2.97,9.74,0.87,-0.04,-0.13,-0.04
52468,4095,260,2.60,9.27,0.81,0.05,-0.15,0.00
52521,4095,281,2.75,9.58,0.99,0.06,-0.06,-0.03
52574,4095,316,2.71,9.43,0.85,0.01,-0.21,-0.00
52627,4095,357,2.79,9.37,0.81,0.03,-0.08,-0.05
52680,4095,368,2.39,9.37,1.00,0.04,-0.21,0.04
52733,4095,375,2.54,9.56,1.05,-0.03,-0.04,-0.00
52786,4095,384,2.73,9.54,0.69,-0.01,-0.14,0.05
52839,4095,406,2.87,9.62,0.84,-0.03,-0.09,-0.06
52892,4095,403,2.40,9.44,1.03,0.04,-0.14,-0.01
52945,4095,407,2.78,9.45,1.03,0.02,-0.10,-0.01
52998,4095,420,2.61,9.33,0.90,-0.02,-0.09,-0.01
53051,4095,415,2.67,9.54,1.06,0.03,-0.12,0.04
53104,4095,416,2.59,9.46,1.00,0.03,-0.04,-0.02
53157,4095,427,2.89,9.55,0.87,-0.00,-0.15,-0.02
53210,4095,417,2.80,9.47,0.94,0.04,-0.07,-0.04
53263,4095,415,2.66,9.39,1.09,0.03,-0.21,0.00
53316,4095,413,2.63,9.30,1.01,-0.02,-0.07,-0.02
53369,4095,384,2.77,9.63,0.96,0.01,-0.17,0.05
53422,4095,382,2.64,9.46,0.97,-0.02,-0.08,-0.02
53475,4095,393,2.66,9.44,0.93,0.02,-0.11,-0.00
53528,4095,386,2.71,9.64,1.09,0.04,-0.18,-0.02
53581,4095,397,2.81,9.31,0.91,-0.01,-0.10,-0.07
53634,4095,381,2.43,9.43,1.26,0.04,-0.17,0.04
53687,4095,389,2.84,9.33,0.92,0.00,-0.04,-0.01
53740,4095,398,2.73,9.60,1.02,0.02,-0.15,0.03
53793,4095,400,2.69,9.58,1.01,0.01,-0.11,-0.03
53846,4095,353,2.66,9.31,1.04,0.05,-0.11,-0.02
53899,4095,368,2.69,9.45,1.09,0.02,-0.09,-0.02
53952,4095,384,2.77,9.46,1.09,-0.00,-0.13,-0.01
54005,4095,423,2.86,9.33,0.91,-0.02,-0.12,-0.03
54058,4095,398,2.79,9.61,1.10,0.04,-0.19,0.04
54111,4095,399,2.53,9.37,1.14,0.01,-0.10,-0.00
54164,4095,400,2.78,9.44,1.04,0.00,-0.14,0.03
54217,4095,415,2.56,9.50,1.07,0.02,-0.10,-0.01
54270,4095,410,2.87,9.50,1.03,0.02,-0.09,-0.05
54323,4095,416,2.71,9.36,1.04,0.03,-0.10,-0.03
54376,4095,422,2.84,9.47,1.12,0.03,-0.11,0.00
54429,4095,418,2.76,9.36,1.09,0.02,-0.13,-0.00
54482,4095,425,2.88,9.37,1.02,-0.01,-0.10,0.01
54535,4095,427,2.71,9.64,1.08,0.00,-0.16,0.02
54588,4095,420,2.72,9.41,1.02,0.04,-0.11,-0.00
54641,304,432,2.91,9.47,1.10,0.00,-0.12,-0.04
54694,304,432,2.68,9.56,1.14,0.00,-0.15,-0.03
54747,298,432,2.67,9.27,1.10,0.05,-0.10,0.00
54800,294,439,2.93,9.44,1.07,0.00,-0.14,-0.01
54853,313,451,2.88,9.59,1.01,-0.02,-0.15,-0.04
54906,279,453,2.74,9.45,1.03,0.04,-0.18,0.00
54959,288,471,3.11,9.81,0.88,-0.00,-0.29,-0.05
55012,293,469,2.58,9.17,0.82,0.09,-0.18,-0.07
55065,278,477,2.72,9.49,1.05,0.06,-0.29,-0.01
55118,299,487,3.02,9.15,0.69,0.02,-0.21,-0.06
55171,309,486,2.18,9.31,1.25,-0.02,-0.35,0.01
55224,320,491,3.08,9.91,0.73,-0.11,-0.36,0.01
55277,312,494,2.20,9.73,1.17,0.05,-0.42,0.02
55330,323,494,2.83,8.96,0.97,-0.01,-0.06,-0.19
55383,304,487,2.94,10.12,0.87,-0.14,-0.60,-0.09
55436,320,505,1.69,8.98,1.02,0.18,-0.27,-0.08
55489,325,501,3.53,9.14,0.67,-0.08,-0.23,-0.20
55542,304,509,2.37,9.51,0.90,0.05,-0.71,0.11
55595,324,511,3.65,8.85,0.09,-0.42,-0.08,-0.14
55648,311,505,0.85,9.69,1.66,-0.25,-0.68,0.50
55701,318,544,2.51,9.94,2.02,0.37,-0.42,1.32
55754,309,498,3.37,9.38,0.80,0.30,-0.58,0.35
55807,307,511,3.70,9.06,0.42,-0.09,-0.74,-0.10
55860,286,542,3.91,9.19,0.30,0.29,-0.81,0.09
55913,313,502,3.88,9.18,0.10,-0.01,-0.28,0.07
55966,317,505,3.90,9.14,0.28,-0.19,0.25,0.06
56019,314,511,3.96,9.06,0.35,0.21,0.56,0.22
56072,317,507,3.80,8.95,0.40,0.50,0.34,-0.12
56125,319,491,4.30,8.79,0.12,0.92,0.13,0.21
56178,317,496,4.15,8.91,-0.17,0.82,0.20,0.01
56231,321,491,4.14,8.90,-0.19,0.56,0.00,0.01
56284,320,489,4.28,8.77,-0.74,0.21,-0.13,-0.09
56337,325,492,4.17,8.76,-0.64,-0.04,-0.26,-0.11
56390,320,490,4.16,8.83,-0.71,-0.01,-0.38,-0.07
56443,313,496,4.12,8.75,-0.56,-0.14,-0.45,0.03
56496,331,498,3.99,9.08,-0.56,-0.08,-0.50,0.03
56549,276,496,3.79,9.06,-1.34,0.43,-0.47,0.02
56602,63,490,4.60,9.53,-0.90,0.80,-0.40,-0.22
56655,0,16,3.54,10.99,-0.93,0.99,-0.90,1.27
56708,0,0,3.88,8.26,-2.83,1.62,-0.93,0.31
56761,0,0,4.68,7.04,-3.15,1.18,-0.74,-0.16
56814,0,0,3.48,7.10,-4.28,0.98,-0.81,0.18
56867,0,0,3.46,7.40,-4.70,0.89,-0.93,0.14
56920,0,0,3.48,4.95,-3.99,0.25,-0.53,-0.49
56973,0,0,-6.90,-2.83,-2.30,-5.82,3.39,0.59
57026,0,0,9.74,19.10,7.84,-5.56,2.76,-2.08
57079,0,0,4.07,10.20,-0.79,-0.06,-1.84,3.09
57132,0,0,2.64,10.22,1.70,-0.64,-0.03,0.83
57185,0,0,4.59,9.17,2.57,-0.13,0.04,0.73
57238,0,0,4.64,10.35,1.87,-0.28,-0.36,0.07
57291,0,0,4.02,9.56,2.14,0.13,-0.01,-0.51
57344,0,54,4.92,9.45,2.25,0.34,0.08,-0.69
57397,35,80,4.13,8.34,1.93,0.27,-0.02,-0.66
57450,0,83,4.42,8.72,1.64,0.23,-0.06,-0.38
57503,0,0,3.73,8.01,1.68,0.32,-0.15,0.13
57556,4095,0,4.12,8.86,1.98,-0.07,-0.12,0.15
57609,4095,0,3.89,8.88,1.03,-0.10,-0.19,0.18
57662,4095,0,4.71,9.81,1.49,-0.43,-0.16,-0.17
57715,4095,0,3.37,9.04,1.64,0.10,-0.44,-0.03
57768,4095,0,3.75,8.88,2.31,0.08,-0.08,-0.10
57821,0,0,3.85,8.61,2.26,0.05,-0.26,0.19
57874,0,0,3.74,8.87,1.56,-0.32,-0.05,-0.19
57927,0,0,3.89,8.86,1.33,0.07,-0.06,-0.11
57980,0,0,3.81,9.12,2.81,-0.21,0.31,-0.61
58033,0,0,4.84,8.07,1.53,0.24,-0.10,0.16
58086,0,0,3.94,9.20,1.97,-0.17,-0.23,-0.08
58139,0,0,4.01,8.82,1.75,0.03,-0.27,0.27
58192,34,0,3.85,9.18,1.88,0.03,-0.15,0.18
58245,25,0,3.98,9.22,1.97,-0.04,-0.25,0.06
58298,0,47,3.57,9.04,1.99,0.08,-0.20,0.05
58351,0,66,3.97,8.79,2.07,0.01,-0.03,-0.09
58404,0,94,4.22,9.11,1.71,-0.07,0.05,-0.17
58457,0,97,4.27,9.33,1.88,0.03,-0.19,-0.12
58510,0,0,3.92,8.83,1.95,0.10,-0.07,-0.04
58563,0,0,4.06,8.88,1.92,0.13,-0.14,0.01
58616,0,0,3.85,8.62,1.78,0.06,-0.08,-0.02
58669,0,0,4.37,8.97,1.80,-0.08,-0.10,-0.03
58722,0,80,3.82,9.26,1.89,0.04,-0.34,0.13
58775,0,186,3.41,8.71,1.93,0.09,0.02,0.06
58828,0,235,4.14,8.93,1.98,0.00,-0.02,0.02
58881,116,235,3.90,9.01,1.78,-0.07,-0.15,-0.04
58934,235,217,4.03,9.33,2.00,-0.09,-0.18,-0.02
58987,256,235,4.03,9.29,1.90,-0.03,-0.14,-0.02
59040,277,249,3.82,8.89,2.00,0.13,-0.08,0.02
59093,270,222,4.18,8.87,2.01,0.01,-0.09,-0.08
59146,254,213,4.11,8.92,1.81,-0.02,-0.09,-0.04
59199,252,203,3.98,9.23,1.99,0.01,-0.19,0.02
59252,245,176,4.10,9.10,1.86,0.02,-0.15,0.02
59305,238,171,3.95,9.32,1.97,0.04,-0.25,0.01
59358,238,221,3.79,8.71,1.88,0.10,-0.03,-0.02
59411,143,173,3.71,8.95,2.12,0.10,-0.15,-0.07
59464,0,110,4.09,8.49,1.76,-0.02,0.01,-0.14
59517,0,9,3.94,9.11,2.04,0.00,-0.17,0.05
59570,0,0,4.16,9.00,1.97,-0.10,-0.12,0.02
59623,0,0,3.87,9.26,1.95,0.03,-0.16,0.10
59676,0,0,3.97,8.89,2.00,0.03,-0.12,-0.00
59729,0,0,4.03,8.83,2.00,0.01,-0.10,-0.05
59782,0,0,3.88,9.36,1.95,-0.10,-0.18,-0.12
59835,0,0,4.17,9.00,1.96,0.06,-0.04,-0.01
59888,132,81,3.90,9.09,1.95,0.01,-0.17,0.02
59941,205,160,3.98,9.08,1.97,0.07,-0.12,0.03
59994,259,234,3.98,9.06,2.02,0.06,-0.17,0.02
60047,293,280,3.95,8.99,1.92,0.03,-0.08,-0.08
60100,303,291,3.93,9.00,1.93,0.07,-0.16,-0.04
60153,282,293,4.00,8.89,1.93,0.05,-0.11,-0.01
60206,277,282,4.04,9.29,1.96,-0.03,-0.15,-0.01
60259,251,273,4.06,9.30,1.83,0.01,-0.22,0.05
60312,251,277,3.80,9.36,1.96,0.03,-0.20,0.02
60365,270,284,4.00,9.14,1.80,0.07,-0.16,0.01
60418,294,272,3.87,9.12,1.88,0.11,-0.26,-0.06
60471,306,274,3.48,8.44,1.90,0.24,-0.10,-0.12
60524,319,286,3.94,7.29,2.60,-0.16,0.00,0.03
60577,282,230,4.30,9.51,1.69,-0.13,-0.14,0.05
60630,305,199,3.96,8.90,1.82,-0.01,-0.28,0.25
60683,213,203,4.45,9.21,2.10,-0.69,-0.06,0.08
60736,261,219,3.82,11.11,3.02,-0.16,-0.58,0.40
60789,304,191,2.84,8.57,1.79,0.41,-0.05,-0.00
60842,275,159,6.36,5.77,2.64,-0.09,0.23,-1.73
60895,240,144,4.06,8.85,2.06,0.09,0.20,-0.50
60948,256,131,4.20,8.68,2.20,0.37,0.19,0.32
61001,253,137,4.35,9.16,2.12,-0.13,-0.36,0.31
61054,233,144,3.99,10.05,1.97,-0.34,-0.44,0.32
61107,241,132,3.67,9.76,2.38,0.04,-0.47,0.49
61160,233,167,3.75,9.52,2.79,0.18,-0.07,0.03
61213,247,144,3.79,10.30,2.26,-0.83,-0.33,-0.87
61266,257,114,4.27,6.54,2.65,0.59,0.01,-0.08
61319,256,154,3.71,8.07,2.34,-0.08,-0.18,-0.80
61372,272,80,4.88,7.88,2.06,0.29,0.89,0.01
61425,263,158,5.24,9.50,2.60,-0.08,-0.41,-0.05
61478,273,166,3.17,8.41,2.00,0.18,-0.50,0.28
61531,272,166,3.41,8.56,3.08,-0.11,0.12,0.21
61584,267,173,4.56,8.20,1.71,-0.21,-0.18,0.38
61637,261,172,4.25,9.68,2.89,-0.39,-0.04,0.30
61690,273,176,4.47,9.73,3.11,-0.16,0.02,0.23
61743,278,183,4.64,9.12,2.80,0.18,-0.32,-0.17
61796,277,176,4.29,7.74,2.69,0.24,-0.16,-0.39
61849,295,171,4.12,8.30,2.92,0.12,-0.04,-0.14
61902,280,173,4.30,8.55,2.95,-0.18,-0.13,-0.25
61955,287,159,4.07,8.80,2.83,-0.08,-0.29,0.03
62008,293,165,4.07,8.96,2.85,0.07,-0.26,0.29
62061,285,168,3.74,7.95,2.77,0.12,-0.25,0.42
62114,304,165,3.38,8.47,2.68,0.40,0.26,0.31
62167,311,166,4.90,8.91,2.87,0.21,0.80,-0.01
62220,4095,192,5.79,8.78,2.52,0.15,0.09,-0.04
62273,4095,165,4.23,9.17,2.49,-0.07,-0.42,0.00
62326,4095,135,3.88,9.08,2.87,0.07,-0.06,0.16
62379,4095,128,3.73,8.77,2.98,0.34,-0.29,0.30
62432,4095,113,3.86,8.20,2.57,-0.01,0.16,-0.01
62485,4095,116,4.87,9.25,2.48,0.05,0.08,0.01
62538,305,134,4.25,9.00,2.18,0.15,-0.02,-0.04
62591,294,141,5.08,9.08,2.19,0.07,0.14,-0.12
62644,287,146,4.36,9.13,2.48,0.22,-0.48,0.02
62697,275,151,4.31,9.06,2.16,0.18,-0.19,0.00
62750,256,171,4.33,8.71,1.84,0.14,-0.31,-0.13
62803,194,210,4.49,8.99,2.08,-0.01,-0.34,-0.39
62856,191,221,3.92,8.81,2.37,0.11,-0.57,-0.24
62909,218,231,4.76,7.68,3.30,-1.13,-0.81,-0.24
62962,240,247,3.92,9.09,2.57,-0.39,-0.70,0.51
63015,250,242,4.45,8.74,2.38,-0.07,-0.77,-0.02
63068,244,263,4.65,8.68,2.05,0.15,-0.61,0.15
63121,273,274,4.17,9.12,2.01,0.30,-0.23,-0.15
63174,272,263,4.44,8.83,2.01,0.33,0.03,0.08
63227,312,258,4.44,9.00,1.74,0.32,0.34,0.50
63280,4095,283,4.67,8.68,2.09,0.38,0.24,0.35
63333,4095,321,4.58,8.56,1.57,0.29,-0.09,0.19
63386,4095,289,4.83,8.78,1.44,0.61,-0.27,0.17
63439,4095,294,5.01,8.98,0.98,0.83,-0.20,0.39
63492,4095,272,5.13,8.38,0.57,0.86,-0.08,0.87
63545,4095,267,5.93,8.16,0.44,0.37,-0.13,0.27
63598,4095,279,5.71,8.25,0.51,0.21,-0.24,0.05
63651,4095,286,5.70,8.31,0.38,0.27,-0.31,0.05
63704,4095,293,5.55,8.13,0.10,0.26,-0.09,0.22
63757,4095,300,5.68,8.15,0.11,0.32,0.06,0.30
63810,4095,299,5.68,8.32,-0.23,0.74,0.14,0.63
63863,4095,293,6.66,7.79,-0.55,0.81,0.29,-0.01
63916,4095,270,6.50,7.53,-0.67,0.59,-0.08,-0.02
63969,4095,272,6.28,7.55,-0.44,-0.05,-0.34,-0.08
64022,4095,272,6.20,7.87,-1.24,0.22,-0.56,-0.12
64075,4095,226,5.82,7.86,-1.22,0.08,-0.20,-0.09
64128,4095,147,5.89,7.74,-1.11,0.13,-0.08,-0.16
64181,185,129,6.24,7.75,-0.95,0.09,-0.03,-0.08
64234,165,115,6.08,7.60,-0.98,-0.02,-0.11,0.08
64287,205,128,6.06,7.60,-0.72,0.00,-0.18,-0.12
64340,262,133,5.97,7.92,-0.77,-0.07,-0.23,-0.01
64393,227,145,5.84,7.86,-0.83,-0.17,-0.25,0.07
64446,222,154,5.99,7.77,-0.86,-0.10,-0.20,0.03
64499,198,158,5.98,7.78,-0.91,-0.04,-0.13,0.07
64552,208,162,6.20,7.79,-1.14,0.02,-0.26,-0.07
64605,226,170,5.71,7.85,-1.18,0.05,-0.23,-0.03
64658,4095,149,5.80,7.87,-0.98,0.16,-0.08,-0.10
64711,4095,142,5.83,7.73,-0.84,0.23,-0.10,-0.01
64764,4095,135,6.09,7.62,-1.18,0.16,-0.18,0.05
64817,4095,126,5.82,7.78,-0.94,-0.05,-0.23,-0.04
64870,4095,147,5.62,7.98,-1.18,-0.05,-0.15,0.05
64923,4095,145,6.00,7.94,-1.31,0.02,-0.08,0.00
64976,4095,138,5.94,7.69,-1.10,0.05,-0.10,-0.08
65029,4095,187,5.83,7.71,-0.96,-0.08,-0.23,-0.03
65082,4095,202,5.73,7.99,-1.01,0.03,-0.14,-0.05
65135,4095,192,5.95,7.78,-1.14,0.07,-0.12,0.02
65188,4095,188,6.18,7.75,-1.13,-0.08,-0.27,0.00
65241,4095,205,5.83,7.82,-0.98,-0.17,-0.39,-0.03
65294,4095,216,5.51,8.09,-1.19,-0.10,-0.34,-0.02
65347,4095,233,5.76,8.00,-1.26,0.10,-0.14,0.04
65400,4095,218,5.72,7.81,-1.22,0.11,-0.01,-0.05
65453,4095,223,5.86,7.87,-1.09,0.01,-0.00,-0.08
65506,4095,203,5.92,7.86,-1.07,0.01,-0.04,-0.06
65559,4095,211,5.73,7.87,-1.32,-0.07,-0.09,-0.03
65612,4095,190,5.75,7.96,-1.16,-0.06,-0.07,-0.02
65665,4095,202,5.74,7.87,-0.95,-0.06,-0.04,-0.03
65718,4095,203,5.63,7.88,-0.74,0.05,-0.11,-0.07
65771,4095,221,5.71,8.00,-0.82,0.06,-0.18,-0.00
65824,4095,226,6.10,8.06,-0.92,0.13,-0.19,-0.03
65877,4095,223,5.86,7.87,-1.14,-0.05,-0.22,-0.03
65930,4095,232,5.62,7.82,-1.00,-0.11,-0.15,0.03
65983,4095,235,5.58,8.11,-1.00,0.09,-0.08,0.11
66036,4095,239,5.69,7.92,-1.11,0.38,0.08,0.09
66089,4095,221,6.04,7.59,-0.92,0.21,-0.17,-0.06
66142,4095,204,6.09,7.88,-1.17,-0.14,-0.42,-0.11
66195,4095,174,4.87,8.55,-1.24,-0.00,0.24,-0.56
66248,4095,80,6.14,6.60,2.45,-3.72,1.75,-1.97
66301,4095,26,7.11,10.56,0.68,-1.28,-0.20,0.94
66354,4095,26,5.42,9.47,1.62,-0.23,-0.27,0.59
66407,4095,29,5.49,8.24,2.28,0.08,-0.18,0.39
66460,4095,54,6.05,8.69,1.94,-0.32,-0.09,-0.28
66513,4095,96,6.07,8.54,1.72,0.20,-0.20,-0.17
66566,4095,106,6.08,8.45,2.28,0.18,-0.14,-0.38
66619,4095,135,5.95,8.45,1.32,0.11,-0.52,-0.31
66672,4095,146,5.60,8.87,1.51,0.32,-0.46,-0.18
66725,4095,176,5.80,8.52,1.16,0.27,-0.68,-0.25
66778,4095,179,4.13,7.88,1.69,0.41,-0.53,-0.26
66831,4095,189,4.77,7.40,1.21,0.22,-0.04,-0.32
66884,4095,222,5.25,8.08,0.86,0.01,-0.12,-0.14
66937,4095,178,4.82,7.88,0.96,0.02,-0.02,0.21
66990,4095,177,5.21,8.24,0.75,-0.31,-0.03,0.24
67043,4095,224,5.25,8.50,1.49,-0.37,0.15,0.32
67096,4095,231,5.98,8.88,1.52,-0.56,-0.10,0.32
67149,4095,236,5.49,9.06,1.42,-0.07,-0.22,0.20
67202,4095,209,5.48,8.32,1.54,0.07,0.02,-0.04
67255,4095,214,5.72,8.25,1.99,0.13,0.12,-0.25
67308,4095,204,6.01,8.14,1.47,0.13,-0.25,-0.21
67361,4095,208,5.76,7.97,1.36,0.19,-0.12,-0.08
67414,4095,171,5.67,7.90,1.22,0.11,-0.16,-0.07
67467,4095,178,5.40,8.10,1.45,0.14,-0.21,0.01
67520,4095,192,5.47,7.86,1.43,0.04,-0.08,0.06
67573,4095,195,5.59,8.04,1.46,-0.14,-0.11,0.09
67626,4095,206,5.32,8.42,1.32,-0.17,-0.12,0.14
67679,4095,208,5.52,7.92,2.74,-0.07,-0.16,0.38
67732,4095,219,6.10,8.17,2.14,-0.18,-0.26,-0.18
67785,4095,222,5.68,8.24,0.68,-0.19,-0.49,-0.15
67838,4095,189,5.77,8.43,1.00,-0.07,-0.41,-0.22
67891,4095,149,5.66,8.44,1.59,0.15,-0.27,0.05
67944,4095,142,5.63,7.83,1.56,0.08,-0.22,-0.02
67997,4095,130,5.54,7.85,1.91,0.20,-0.37,-0.04
68050,4095,145,5.43,8.04,1.31,0.39,-0.40,0.07
68103,4095,169,5.67,8.49,0.82,0.59,-0.34,0.21
68156,4095,187,4.95,7.05,0.74,0.35,0.02,0.59
68209,4095,192,7.85,12.19,1.12,0.03,0.01,-1.38
68262,4095,247,6.07,8.53,0.31,0.43,-0.36,0.22
68315,4095,239,3.61,4.55,-0.09,-0.23,0.11,0.77
68368,4095,239,7.01,10.10,3.39,-2.21,2.53,-1.10
68421,4095,222,7.44,8.55,1.94,-0.16,-0.96,0.43
68474,4095,162,3.78,8.60,2.28,-0.05,-0.32,0.01
68527,4095,210,6.27,8.05,2.72,-0.05,0.35,-0.08
68580,4095,150,5.94,8.45,2.26,-0.11,-0.29,-0.08
68633,4095,141,6.04,8.35,2.54,0.19,-0.02,0.08
68686,4095,151,5.64,8.49,2.52,0.10,-0.31,-0.17
68739,4095,112,6.02,8.44,2.47,0.25,-0.16,-0.14
68792,4095,158,5.64,8.49,2.01,0.22,-0.47,-0.22
68845,4095,236,5.31,8.14,2.22,0.33,-0.28,-0.16
68898,4095,194,4.94,7.93,1.97,0.23,-0.18,-0.24
68951,4095,235,5.50,8.30,1.66,0.17,-0.15,-0.19
69004,4095,256,5.18,8.15,1.86,0.10,-0.07,-0.09
69057,4095,244,5.15,8.20,1.42,0.16,-0.23,0.04
69110,4095,244,5.01,7.78,1.45,0.08,-0.07,-0.04
69163,4095,226,5.52,8.20,1.46,0.01,-0.13,0.02
69216,4095,215,4.81,8.00,1.64,-0.16,-0.20,0.09
69269,4095,226,5.03,7.63,1.94,-0.33,0.16,0.23
69322,4095,259,6.29,8.35,2.24,-0.48,0.11,0.33
69375,4095,267,5.41,8.66,2.37,-0.32,-0.28,0.27
69428,4095,240,5.56,8.41,2.50,-0.19,-0.10,0.15
69481,4095,194,5.57,8.54,2.56,-0.06,-0.08,0.03
69534,4095,160,5.64,8.25,2.63,0.06,-0.10,-0.06
69587,4095,193,5.72,8.12,2.66,0.10,-0.09,-0.15
69640,4095,204,5.76,7.99,2.49,0.11,0.02,-0.06
69693,4095,202,5.83,7.97,2.36,0.05,-0.05,-0.01
69746,4095,206,5.68,7.99,2.37,0.01,-0.17,-0.01
69799,4095,208,5.52,7.86,2.55,0.06,-0.05,0.08
69852,4095,221,5.61,8.05,2.53,-0.05,-0.23,0.02
69905,4095,231,5.82,7.90,2.57,-0.03,-0.07,0.06
69958,4095,245,5.84,8.05,2.47,-0.07,-0.01,0.07
70011,4095,245,5.64,8.23,2.52,-0.06,-0.14,-0.01
70064,4095,264,5.87,8.04,2.70,-0.00,-0.09,-0.00
70117,4095,277,5.86,8.21,2.50,-0.02,-0.17,-0.02
70170,4095,277,5.90,8.16,2.63,0.04,-0.12,-0.03
70223,4095,291,6.01,8.07,2.42,0.04,-0.16,-0.05
70276,4095,287,5.88,8.17,2.21,0.15,-0.33,-0.05
70329,4095,265,5.64,8.11,2.81,0.28,-0.20,-0.06
70382,4095,310,5.14,7.94,2.23,0.12,-0.32,-0.25
70435,4095,259,5.83,7.92,2.24,0.12,-0.16,-0.16
70488,4095,234,5.28,7.91,2.20,0.08,-0.20,-0.06
70541,4095,208,5.65,8.20,2.39,-0.03,-0.09,0.01
70594,4095,243,5.68,8.46,1.97,-0.01,-0.37,-0.00
70647,4095,208,5.11,8.09,2.21,0.11,-0.07,0.00
70700,4095,189,5.88,8.24,2.03,-0.07,-0.15,-0.10
70753,4095,191,5.64,8.62,1.91,0.01,-0.29,-0.14
70806,4095,203,5.51,8.46,2.28,0.15,-0.26,-0.09
70859,4095,207,5.28,8.39,2.08,0.10,-0.29,-0.09
70912,4095,209,5.49,8.38,2.00,0.08,-0.24,-0.16
70965,4095,208,4.77,8.08,1.92,0.21,-0.30,-0.12
71018,4095,208,5.67,8.10,1.72,-0.09,-0.00,-0.20
71071,4095,195,5.10,8.47,1.80,0.13,-0.42,0.10
71124,4095,187,4.98,7.94,1.88,-0.02,-0.11,0.02
71177,4095,160,5.52,8.42,1.66,-0.07,-0.13,-0.02
71230,4095,165,4.95,7.88,1.65,-0.00,-0.13,0.06
71283,4095,163,5.07,7.78,1.64,-0.25,-0.01,-0.05
71336,4095,175,5.99,8.40,2.36,-0.19,0.37,0.23
71389,4095,179,6.45,8.79,1.98,-0.49,-0.54,0.16
71442,4095,187,4.69,8.71,2.63,-0.08,-0.41,0.41
71495,4095,181,5.47,8.62,2.87,-0.08,-0.09,0.12
71548,4095,205,5.75,8.74,2.24,0.09,-0.18,-0.06
71601,4095,203,5.34,8.36,2.06,0.35,-0.14,-0.27
71654,4095,205,5.61,8.04,1.71,0.35,0.01,-0.38
71707,4095,206,6.01,7.91,1.77,0.29,-0.07,-0.17
71760,4095,206,5.29,7.91,1.99,0.07,-0.22,-0.03
71813,4095,210,5.71,8.06,1.81,-0.04,-0.20,0.13
71866,4095,222,5.21,8.16,1.75,-0.01,-0.24,0.06
71919,4095,223,5.49,7.95,2.03,-0.04,-0.11,0.06
71972,4095,234,5.32,7.99,1.99,-0.08,-0.10,-0.00
72025,4095,231,5.24,8.11,2.16,-0.10,-0.04,0.03
72078,4095,217,5.43,7.80,2.38,-0.10,0.13,0.16
72131,4095,230,6.28,7.86,1.86,-0.24,0.01,0.17
72184,4095,240,5.36,7.99,2.66,-0.04,-0.04,0.27
72237,4095,240,6.00,7.78,2.23,-0.18,-0.17,0.15
72290,4095,230,5.54,7.98,2.72,-0.14,0.01,0.07
72343,4095,234,6.00,8.47,3.05,-0.25,-0.13,0.07
72396,4095,214,6.52,8.54,2.41,-0.26,-0.17,-0.09
72449,4095,271,5.30,8.50,2.90,0.13,-0.14,-0.12
72502,3946,234,6.16,7.71,2.62,0.04,-0.17,-0.32
72555,4095,233,6.11,8.09,2.86,0.07,-0.18,-0.18
72608,4095,231,4.89,7.99,3.13,0.13,-0.20,-0.07
72661,4095,231,5.62,7.52,3.29,0.26,0.09,0.09
72714,4095,270,5.10,7.75,3.10,0.20,0.26,0.14
72767,4095,236,7.43,8.17,2.43,-0.06,0.00,-0.01
72820,4095,233,5.34,8.28,3.02,0.28,-0.16,0.13
72873,4095,223,5.47,7.83,3.22,0.33,0.03,0.14
72926,4095,239,5.92,7.75,3.14,0.35,0.22,0.18
72979,4095,232,6.25,8.03,2.90,-0.22,-0.28,-0.23
73032,4095,240,3.75,7.63,2.27,0.54,0.48,0.44
73085,4095,234,8.16,8.99,2.64,-0.39,0.47,-0.16
73138,4095,232,4.96,9.27,2.68,0.19,-0.31,0.34
73191,407,235,6.24,9.23,1.67,0.39,0.09,-0.25
73244,421,235,6.53,9.70,2.36,0.67,-0.32,-0.16
73297,4095,237,4.86,8.07,1.73,1.02,-0.62,-0.31
73350,4095,234,5.34,7.56,1.83,0.67,0.12,-0.76
73403,431,238,6.51,7.82,2.17,1.24,-0.34,-0.33
73456,457,233,5.32,6.57,-0.38,0.96,-0.14,-0.30
73509,4095,215,7.57,7.85,1.12,0.31,-0.77,-0.94
73562,4095,163,4.73,8.57,-0.01,0.25,-1.57,-0.67
73615,4095,143,2.57,9.73,-0.94,0.92,-2.30,-0.93
73668,4095,122,0.84,6.24,-2.58,1.44,-0.77,-0.06
73721,4095,112,0.21,2.28,-1.33,-1.74,-0.22,0.79
73774,4095,112,2.88,12.51,1.64,-3.58,1.09,0.13
73827,4095,125,7.65,13.55,1.31,-2.28,-0.13,-0.32
73880,4095,144,2.97,10.22,2.34,1.39,-1.01,1.30
73933,4095,150,2.76,5.65,1.31,0.38,0.10,0.10
73986,4095,151,4.14,7.88,2.40,-0.79,0.02,0.38
74039,0,149,4.45,10.80,2.68,-1.40,-0.17,0.13
74092,0,113,3.18,9.65,2.70,-0.08,0.08,0.41
74145,0,117,5.24,9.39,1.41,0.30,1.24,-0.43
74198,0,112,7.19,8.11,1.62,0.99,0.46,0.12
74251,0,108,4.27,7.76,2.21,0.17,-0.40,-0.16
74304,0,110,5.41,8.10,1.74,-0.28,0.21,0.01
74357,0,66,5.41,9.07,2.41,-0.33,-0.52,0.53
74410,0,122,4.70,9.05,1.97,-0.33,-0.49,0.52
74463,0,144,4.50,9.10,1.57,-0.08,-0.24,0.07
74516,0,155,4.25,8.25,2.41,0.27,-0.29,-0.27
74569,0,154,4.22,7.27,2.51,0.05,0.30,0.04
74622,0,136,5.52,8.58,3.01,-0.59,-0.19,-0.07
74675,0,133,4.90,9.29,2.10,-0.29,-0.11,0.23
74728,0,114,4.67,9.38,2.82,-0.09,-0.20,0.19
74781,0,0,5.08,8.81,2.57,-0.08,-0.02,-0.15
74834,0,0,4.60,7.97,2.71,0.24,-0.01,-0.08
74887,0,0,5.08,8.37,2.94,0.07,0.10,-0.20
74940,0,0,4.51,8.48,3.06,0.08,-0.10,-0.03
74993,16,0,5.15,8.09,2.32,0.09,0.29,-0.08
75046,164,0,5.27,8.86,3.06,0.24,-0.16,0.27
75099,241,0,5.08,8.52,2.04,0.10,0.11,0.08
75152,274,0,5.52,8.53,2.38,0.17,-0.29,-0.10
75205,273,4095,5.09,7.88,2.62,-0.05,-0.20,-0.16
75258,214,0,4.74,8.24,2.34,-0.18,-0.28,-0.02
75311,68,0,4.32,8.45,2.94,-0.02,-0.23,0.27
75364,0,0,4.68,8.61,2.95,-0.28,-0.20,0.22
75417,0,207,4.75,8.83,2.81,-0.03,-0.08,0.23
75470,0,379,5.06,8.34,2.78,0.00,0.08,-0.06
75523,0,213,5.00,8.49,2.89,-0.02,-0.03,-0.18
75576,0,197,5.66,8.23,2.40,-0.06,0.09,-0.33
75629,0,240,4.99,8.07,2.94,0.03,-0.10,-0.09
75682,0,261,5.18,8.34,3.23,0.11,-0.15,0.14
75735,0,271,5.04,8.30,2.84,0.08,-0.07,0.22
75788,0,273,5.23,8.54,2.73,-0.01,-0.23,0.08
75841,0,272,4.82,8.36,2.96,0.01,-0.20,-0.01
75894,0,241,4.86,8.40,3.06,0.00,-0.17,-0.06
75947,0,240,5.00,8.29,2.98,-0.04,-0.10,-0.11
76000,0,92,5.09,8.42,2.71,0.01,-0.15,-0.05
76053,0,144,5.18,8.03,2.85,0.02,-0.03,-0.07
76106,0,218,5.09,8.30,2.82,-0.09,-0.22,-0.07
76159,0,297,5.02,8.39,2.88,-0.12,-0.18,-0.04
76212,0,256,4.85,8.33,3.18,0.03,-0.14,0.19
76265,0,208,4.72,8.51,3.25,0.01,-0.18,0.13
76318,0,11,4.98,8.36,3.03,0.03,-0.06,0.01
76371,0,0,4.92,8.35,3.14,0.07,-0.04,-0.01
76424,0,0,5.11,8.29,3.17,0.00,-0.05,-0.08
76477,0,0,5.16,8.33,2.81,0.01,-0.06,-0.07
76530,0,0,5.11,8.21,3.16,0.05,-0.08,0.03
76583,0,0,5.16,8.25,3.11,-0.04,-0.11,0.04
76636,0,0,5.04,8.16,2.98,-0.03,-0.13,0.02
76689,0,0,5.38,8.28,3.06,-0.08,-0.14,-0.03
76742,0,0,4.72,8.33,3.28,0.04,-0.15,0.06
76795,0,0,5.09,8.36,3.35,0.01,-0.13,-0.01
76848,0,0,5.29,8.13,2.94,-0.06,-0.12,-0.07
76901,0,0,5.14,8.20,3.00,0.04,-0.09,-0.02
76954,0,0,4.82,8.26,3.51,0.07,-0.15,0.06
77007,0,0,5.24,8.29,3.11,-0.09,-0.18,0.01
77060,0,0,4.94,8.28,3.05,0.09,-0.08,0.13
77113,0,0,5.24,8.24,3.26,0.02,-0.12,-0.01
77166,0,0,5.17,8.35,3.14,0.03,-0.12,-0.02
77219,0,0,5.21,8.17,3.21,0.05,-0.08,-0.07
77272,0,0,5.18,8.12,3.26,-0.01,-0.09,-0.02
77325,0,0,5.27,8.16,3.14,0.01,-0.16,0.06
77378,0,0,4.99,8.00,3.29,0.04,-0.13,0.05
77431,0,0,5.35,8.20,3.09,0.01,-0.08,-0.02
77484,0,0,5.09,8.20,3.28,0.04,-0.15,-0.02
77537,0,0,5.22,8.16,3.22,0.02,-0.08,-0.00
77590,0,0,5.14,8.22,3.26,0.02,-0.15,0.04
77643,0,0,5.31,8.22,3.12,0.00,-0.09,0.04
77696,0,0,5.15,8.29,3.34,0.07,-0.13,0.07
77749,0,0,5.03,8.18,3.31,-0.01,-0.10,-0.05
77802,0,0,5.22,8.11,3.15,0.03,-0.11,-0.05
77855,0,0,5.17,8.19,3.42,0.04,-0.06,-0.04
77908,0,0,5.16,8.02,3.32,-0.03,-0.10,-0.05
77961,0,0,5.44,8.17,3.18,-0.01,-0.07,-0.00
78014,0,0,5.24,8.12,3.25,0.03,-0.15,0.08
78067,0,0,5.27,8.22,3.27,-0.03,-0.14,-0.01
78120,0,0,5.01,8.12,3.40,0.04,-0.11,0.04
78173,0,0,5.10,8.20,3.48,0.01,-0.15,0.05
78226,0,0,5.10,8.18,3.39,-0.02,-0.12,-0.04
78279,0,0,5.33,8.15,3.21,0.02,-0.08,-0.05
78332,0,0,5.14,8.04,3.47,0.09,-0.12,0.00
78385,0,0,5.28,8.00,3.29,-0.00,-0.08,-0.08
78438,0,0,5.29,8.14,3.34,0.02,-0.13,-0.01
78491,0,0,5.13,8.02,3.45,0.02,-0.12,0.08
78544,0,0,5.01,8.22,3.48,0.02,-0.13,0.09
78597,0,0,5.09,7.94,3.43,0.03,-0.03,0.06
78650,0,0,5.48,8.22,3.36,-0.05,-0.07,-0.02
78703,0,0,5.07,8.36,3.49,0.02,-0.11,-0.05
78756,0,0,5.32,7.98,3.46,0.02,-0.08,-0.10
78809,0,0,5.21,7.99,3.42,0.01,-0.13,-0.02
78862,0,0,5.19,8.02,3.51,0.01,-0.11,0.06
78915,0,0,5.23,8.14,3.54,-0.03,-0.13,0.05
78968,0,0,5.25,8.15,3.42,0.01,-0.11,0.00
79021,0,0,5.07,8.15,3.57,0.05,-0.14,0.00
79074,0,0,5.16,8.12,3.60,0.01,-0.12,-0.03
79127,0,0,5.20,8.07,3.51,0.04,-0.10,-0.01
79180,0,0,5.26,8.06,3.54,0.03,-0.10,-0.03
79233,0,0,5.26,8.11,3.45,0.02,-0.14,-0.06
79286,0,0,5.17,8.01,3.62,0.02,-0.13,-0.03
79339,0,0,5.18,7.97,3.49,0.01,-0.13,0.04
79392,0,0,5.22,8.20,3.58,0.01,-0.13,0.09
79445,0,0,5.15,8.26,3.57,-0.02,-0.13,0.01
79498,0,0,5.15,8.11,3.57,0.05,-0.16,-0.03
79551,0,0,5.09,7.92,3.65,0.03,-0.12,-0.08
79604,0,0,5.49,8.13,3.44,-0.04,-0.10,-0.10
79657,0,0,5.13,8.01,3.57,0.03,-0.14,0.02
79710,0,0,5.08,8.10,3.68,0.01,-0.15,0.06
79763,0,0,5.20,8.07,3.61,0.01,-0.10,0.07
79816,0,0,5.02,8.12,3.66,0.01,-0.12,0.06
79869,0,0,5.42,8.20,3.54,-0.04,-0.11,-0.12
79922,0,0,5.25,7.91,3.53,0.08,-0.09,-0.11
79975,0,0,5.38,7.99,3.62,0.00,-0.13,-0.07
80028,0,0,5.20,8.02,3.56,0.02,-0.15,0.08
80081,0,0,5.05,8.19,3.73,0.03,-0.17,0.14
80134,0,0,5.17,8.12,3.64,-0.01,-0.12,0.02
80187,0,0,5.25,8.11,3.59,0.04,-0.08,-0.06
80240,0,0,5.25,8.13,3.65,0.04,-0.12,-0.14
80293,0,0,5.35,7.91,3.54,0.04,-0.11,-0.15
80346,0,0,5.30,8.02,3.51,0.05,-0.12,0.01
80399,0,0,5.22,8.05,3.67,-0.00,-0.16,0.08
80452,0,0,5.01,8.00,3.61,-0.00,-0.20,0.12
80505,0,0,5.11,8.26,3.58,-0.00,-0.09,0.02
80558,0,0,5.36,8.35,3.60,0.00,-0.17,-0.09
80611,0,0,5.00,8.03,3.64,0.10,-0.11,-0.14
80664,0,0,5.29,7.79,3.54,0.03,-0.07,-0.19
80717,0,0,5.31,7.92,3.41,0.01,-0.15,-0.05
80770,0,0,5.25,8.04,3.50,-0.03,-0.18,0.10
80823,0,0,4.98,8.16,3.64,0.01,-0.18,0.20
80876,0,0,4.98,8.19,3.78,0.04,-0.12,0.15
80929,0,0,5.25,8.29,3.59,-0.01,-0.12,-0.06
80982,0,0,5.30,8.23,3.52,0.06,-0.07,-0.21
81035,0,0,5.35,7.91,3.59,0.06,-0.10,-0.26
81088,0,0,5.16,7.83,3.52,0.07,-0.10,-0.07
81141,0,0,5.42,7.85,3.51,0.01,-0.09,0.12
81194,0,0,5.13,8.21,3.48,-0.04,-0.24,0.21
81247,0,0,5.12,8.32,3.55,0.02,-0.15,0.12
81300,0,0,5.10,8.34,3.66,0.07,-0.19,-0.03
81353,0,0,5.20,8.10,3.53,0.02,-0.11,-0.22
81406,0,0,5.26,8.02,3.43,0.04,-0.14,-0.25
81459,0,0,5.33,8.02,3.27,0.01,-0.22,-0.15
81512,0,0,4.82,7.88,3.68,0.11,-0.24,0.07
81565,0,0,5.59,8.16,3.47,-0.06,-0.28,0.09
81618,0,0,4.94,8.39,3.35,-0.02,-0.25,0.08
81671,0,0,5.23,8.34,3.44,0.09,-0.14,-0.00
81724,0,0,5.21,8.48,3.38,0.05,-0.27,-0.21
81777,0,0,4.83,8.03,3.34,0.17,-0.13,-0.25
81830,0,0,5.32,8.08,3.37,0.06,-0.19,-0.19
81883,0,0,4.95,8.08,3.13,0.05,-0.22,-0.01
81936,0,0,5.07,8.11,3.30,0.08,-0.14,0.10
81989,0,0,5.03,8.20,3.12,0.03,-0.18,0.08
82042,0,0,5.18,8.23,3.11,0.06,-0.11,0.02
82095,0,0,4.96,8.27,3.22,0.02,-0.16,-0.02
82148,0,0,5.00,8.20,3.15,0.01,-0.14,-0.01
82201,0,0,5.03,8.32,3.19,0.05,-0.12,0.04
82254,0,0,5.03,8.40,3.12,-0.06,-0.21,-0.01
82307,0,0,5.26,8.35,3.12,-0.09,-0.09,-0.05
82360,0,0,5.10,8.37,3.13,0.16,-0.11,-0.06
82413,0,0,4.97,8.17,3.22,0.09,-0.14,-0.13
82466,0,0,5.37,8.20,2.92,-0.00,-0.12,-0.04
82519,0,0,5.04,8.17,3.09,0.11,-0.13,0.08
82572,0,0,5.19,8.55,3.26,-0.08,-0.28,-0.01
82625,0,0,4.92,8.15,3.12,0.08,-0.20,0.05
82678,0,0,5.12,8.48,3.25,0.09,-0.13,-0.03
82731,0,0,5.18,7.97,3.02,-0.04,-0.09,-0.10
82784,0,0,4.99,8.58,3.00,-0.04,-0.25,-0.09
82837,0,0,5.03,8.07,3.10,-0.03,-0.17,0.01
82890,0,0,5.05,8.51,3.12,-0.11,-0.15,0.03
82943,0,0,4.92,8.40,3.02,-0.05,-0.30,0.06
82996,0,0,4.80,8.32,3.06,0.03,-0.15,-0.05
83049,0,0,5.16,8.19,3.07,0.00,-0.09,-0.15
83102,0,0,5.36,8.29,3.00,0.00,-0.15,-0.20
83155,0,0,5.38,8.17,2.86,-0.01,-0.16,-0.21
83208,0,0,5.57,8.33,2.96,-0.02,-0.29,-0.10
83261,0,0,4.86,8.28,3.01,-0.04,-0.41,-0.04
83314,0,0,4.83,8.18,3.40,0.04,-0.29,0.17
83367,0,0,4.51,8.46,3.18,-0.06,-0.37,0.02
83420,0,0,5.77,8.72,3.08,-0.22,-0.02,-0.19
83473,0,0,5.09,8.80,2.47,-0.06,-0.64,-0.30
83526,0,0,4.37,8.48,3.51,0.15,-0.35,-0.36
83579,0,0,4.50,7.65,3.14,0.04,-0.38,-0.17
83632,0,0,3.70,8.36,3.43,0.05,-0.37,0.11
83685,0,0,4.45,8.21,3.17,-0.05,-0.06,0.21
83738,0,0,4.29,8.81,3.20,-0.07,-0.10,0.22
83791,0,0,4.68,8.75,2.70,0.06,0.02,0.03
83844,0,0,5.01,8.62,2.93,0.11,-0.08,-0.13
83897,0,0,4.77,8.15,3.20,0.10,0.02,-0.07
83950,0,0,4.85,8.44,2.93,0.03,-0.07,0.04
84003,0,0,5.14,8.34,2.86,0.02,-0.03,0.10
84056,0,0,5.09,8.51,2.79,-0.01,-0.18,0.10
84109,0,0,4.67,8.27,3.07,0.09,-0.10,0.11
84162,0,0,5.16,8.38,3.11,-0.00,-0.05,0.03
84215,0,0,5.11,8.49,2.98,-0.07,-0.15,0.03
84268,0,0,4.88,8.45,2.96,0.03,-0.03,0.02
84321,0,0,4.91,8.43,3.13,0.07,-0.13,0.02
84374,0,0,5.11,8.22,3.01,0.06,-0.03,-0.03
84427,0,0,5.19,8.20,2.96,-0.02,-0.07,-0.01
84480,0,0,5.27,8.50,2.99,-0.06,-0.16,-0.03
84533,0,0,5.00,8.34,2.91,0.06,-0.15,-0.01
84586,0,0,4.98,8.24,3.24,0.08,-0.10,0.02
84639,0,0,5.09,8.35,2.95,-0.04,-0.16,-0.00
84692,0,0,4.83,8.39,3.17,0.01,-0.13,0.02
84745,0,0,5.00,8.51,3.17,0.01,-0.20,-0.05
84798,0,0,4.76,7.98,3.00,0.14,-0.03,-0.07
84851,0,0,4.89,7.90,3.21,0.05,-0.03,-0.05
84904,0,0,5.25,8.41,2.99,-0.12,-0.08,0.07
84957,0,0,5.06,8.49,2.77,0.05,-0.17,0.14
85010,0,0,4.72,8.11,3.26,0.10,-0.10,0.12
85063,0,0,5.29,8.22,3.18,-0.05,-0.10,0.05
85116,0,0,5.15,8.37,3.04,0.06,-0.08,0.05
85169,0,0,5.07,8.49,3.20,-0.03,-0.19,0.01
85222,0,0,5.11,8.19,3.16,0.07,-0.05,-0.03
85275,0,0,5.21,8.21,3.28,0.08,-0.06,0.02
85328,0,0,5.10,8.14,3.15,0.03,-0.17,0.04
85381,0,0,5.30,8.13,3.14,0.01,-0.04,0.03
85434,0,0,4.49,8.53,3.14,-0.01,-0.25,-0.07
85487,0,0,5.16,7.81,3.12,0.36,0.19,0.18
